CREATE DATABASE  IF NOT EXISTS `dm_edt_trade` /*!40100 DEFAULT CHARACTER SET utf8 */;
USE `dm_edt_trade`;
-- MySQL dump 10.13  Distrib 5.7.17, for Win64 (x86_64)
--
-- Host: 7.212.8.103    Database: dm_edt_trade
-- ------------------------------------------------------
-- Server version	5.7.17-ndb-7.5.5-cluster-gpl

/*!40101 SET @OLD_CHARACTER_SET_CLIENT=@@CHARACTER_SET_CLIENT */;
/*!40101 SET @OLD_CHARACTER_SET_RESULTS=@@CHARACTER_SET_RESULTS */;
/*!40101 SET @OLD_COLLATION_CONNECTION=@@COLLATION_CONNECTION */;
/*!40101 SET NAMES utf8 */;
/*!40014 SET @OLD_UNIQUE_CHECKS=@@UNIQUE_CHECKS, UNIQUE_CHECKS=0 */;
/*!40014 SET @OLD_FOREIGN_KEY_CHECKS=@@FOREIGN_KEY_CHECKS, FOREIGN_KEY_CHECKS=0 */;
/*!40101 SET @OLD_SQL_MODE=@@SQL_MODE, SQL_MODE='NO_AUTO_VALUE_ON_ZERO' */;
/*!40111 SET @OLD_SQL_NOTES=@@SQL_NOTES, SQL_NOTES=0 */;

--
-- Dumping data for table `adminsade_permisos`
--

INSERT INTO adminsade_permisos (ID, PERMISO, ROL, DESCRIPCION, SISTEMA) VALUES (1,'ou=admin.central,ou=grupos,dc=gob,dc=ar',NULL,'Administrador central','EGOVERIS'),(2,'ou=admin.reparticion,ou=grupos,dc=gob,dc=ar',NULL,'Administrar organismos','EGOVERIS'),(3,'ou=admin.sector,ou=grupos,dc=gob,dc=ar',NULL,'Administrar Sector','EGOVERIS'),(4,'ou=sade.admin,ou=grupos,dc=gob,dc=ar',NULL,'Administrador central','EGOVERIS'),(5,'ou=sade.baja,ou=grupos,dc=gob,dc=ar',NULL,'Permiso baja usuarios','EGOVERIS'),(6,'ou=sade.caratulacion2,ou=grupos,dc=gob,dc=ar',NULL,'Permiso caratular exoedientes','EGOVERIS'),(7,'ou=sade.control,ou=grupos,dc=gob,dc=ar',NULL,'Permiso control','EGOVERIS'),(8,'ou=sade.correccion,ou=grupos,dc=gob,dc=ar',NULL,'Permiso correccion','EGOVERIS'),(9,'ou=sade.creacion,ou=grupos,dc=gob,dc=ar',NULL,'Permiso creacion','EGOVERIS'),(10,'ou=sade.expedientes,ou=grupos,dc=gob,dc=ar',NULL,'Acceso expedientes','EGOVERIS'),(11,'ou=sade.externos,ou=grupos,dc=gob,dc=ar',NULL,'Caratular externos','EGOVERIS'),(12,'ou=sade.impresion,ou=grupos,dc=gob,dc=ar',NULL,'Permiso impresión','EGOVERIS'),(13,'ou=sade.internos,ou=grupos,dc=gob,dc=ar',NULL,'Caratular internos','EGOVERIS'),(14,'ou=sade.modificacion,ou=grupos,dc=gob,dc=ar',NULL,'Permiso  modificacion','EGOVERIS'),(15,'ou=sade.otrasactuaciones,ou=grupos,dc=gob,dc=ar',NULL,'Permiso otras actuaciones','EGOVERIS'),(16,'ou=sade.pases,ou=grupos,dc=gob,dc=ar',NULL,'Permiso pases','EGOVERIS'),(17,'ou=sade.remitos,ou=grupos,dc=gob,dc=ar',NULL,'Remitos','EGOVERIS'),(18,'ou=ee.administrador.pases,ou=grupos,dc=gob,dc=ar','Administrador de pases','Administrador de pases','TE'),(19,'admin.ffcc',NULL,'Permite el acceso al administrador de Formularios Controlados ','FFDD'),(20,'ou=ee.herramientas,ou=grupos,dc=gob,dc=ar',NULL,'Acceso a Herramientas','TE'),(21,'ou=ee.confidencial.sector,ou=grupos,dc=gob,dc=ar','SECTOR_CONFIDENCIAL','Ver Expedientes confidenciales Sector','TE'),(22,'ou=ee.confidencial.reparticion,ou=grupos,dc=gob,dc=ar','REPARTICION_CONFIDENCIAL','Ver Expedientes confidenciales Organismo','TE'),(23,'ou=te.adm.tipooper,ou=grupos,dc=egoveris,dc=com',NULL,'Acceso a la funcionalidad de Administración de Tipo de Operaciones','TE'),(24,'ou=proyect.lider.eu,ou=grupos,dc=gob,dc=ar','Proyect Lider','Proyect Lider','EGOVERIS'),(25,'ou=ee.confidencial.reserva,ou=grupos,dc=gob,dc=ar',NULL,'Permiso de Reserva de expedientes','TE'),(26,'ou=DEO.TAREAS.MISTAREAS,ou=grupos,dc=egoveris,dc=com',NULL,'Acceso Tareas DEO','DEO'),(27,'ou=ee.asignador,ou=grupos,dc=gob,dc=ar',NULL,'Asignar tareas','TE'),(28,'ou=ee.desarchivar,ou=grupos,dc=gob,dc=ar',NULL,'Rehabilitar Expedientes.','TE'),(29,'ou=ee.fusionador,ou=grupos,dc=gob,dc=ar',NULL,'Fusionar Expedientes.','TE'),(30,'ou=gedo.confidencial,ou=grupos,dc=gob,dc=ar',NULL,'Ver documentos confidenciales.','DEO'),(31,'ou=te.adm.tramites,ou=grupos,dc=egoveris,dc=com',NULL,'Acceso a la funcionalidad de Administración de Tipo de Trámites','TE'),(32,'ou=te.operaciones,ou=grupos,dc=egoveris,dc=com',NULL,'Acceso a la funcionalidad de Operaciones','TE'),(33,'ou=te.tareas.mistareas,ou=grupos,dc=egoveris,dc=com',NULL,'Acceso a la funcionalidad de Mis Tareas','TE'),(34,'ou=te.tareas.buzongrupal,ou=grupos,dc=egoveris,dc=com',NULL,'Acceso a la funcionalidad de Buzón Grupal','TE'),(35,'ou=te.tareas.supervisados,ou=grupos,dc=egoveris,dc=com',NULL,'Acceso a la funcionalidad de Supervisados','TE'),(36,'ou=te.consultas,ou=grupos,dc=egoveris,dc=com',NULL,'Acceso a la funcionalidad de Consultas','TE'),(37,'ou=te.rehabilitar,ou=grupos,dc=egoveris,dc=com',NULL,'Acceso a la funcionalidad de Rehabilitar Expedientes','TE'),(38,'ou=DEO.TAREAS.SUPERVISADAS,ou=grupos,dc=egoveris,dc=com',NULL,'Acceso Tareas Supervisadas DEO','DEO'),(39,'ou=edt,ou=grupos,dc=gob,dc=ar',NULL,'Permiso a EDT','EDT'),(40,'ou=DEO.CONSULTAS,ou=grupos,dc=egoveris,dc=com',NULL,'Acceso a consultas DEO','DEO'),(41,'ou=DEO.MIS.PLANTILLAS,ou=grupos,dc=egoveris,dc=com',NULL,'Acceso a plantillas DEO','DEO'),(42,'ou=wd.stateflow,ou=grupos,dc=egoveris,dc=com',NULL,'Acceso al diseñador de estados','WD'),(43,'ou=WD.TASKFLOW,ou=grupos,dc=egoveris,dc=com',NULL,'Acceso al diseñador de tareas','WD'),(44,'ou=deo.admin.documentos,ou=grupos,dc=egoveris,dc=com',NULL,'Acceso Adm Documentos','DEO'),(45,'ffdd',NULL,'Acceso a Formularios Dinamicos','FFDD'),(46,'ou=te.herramientas,ou=grupos,dc=egoveris,dc=com',NULL,'Acceso a la funcionalidad Herramientas','TE');

--
-- Dumping data for table `edt_cargo_rol`
--

INSERT INTO edt_cargo_rol (EDTRL_ID, CARGO_ID) VALUES (1,1);

--
-- Dumping data for table `edt_cargos`
--
-- ORDER BY:  ID

INSERT INTO edt_cargos (ID, CARGO, RESTRINGIDO, USUARIO_CREACION, FECHA_MODIFICACION, FECHA_CREACION, VIGENTE, USUARIO_MODIFICACION, ID_REPARTICION) VALUES (1,'Administrador eGoveris',1,'ADMINEGOV',NULL,NULL,1,'ADMINEGOV',4);

--
-- Dumping data for table `edt_cargos_hist`
--


--
-- Dumping data for table `edt_datos_usuario`
--
-- ORDER BY:  ID_DATO_USUARIO

INSERT INTO edt_datos_usuario (ID_DATO_USUARIO, MAIL, OCUPACION, USER_, USUARIO, USER_SUPERIOR, MAIL_SUPERIOR, ID_SECTOR_INTERNO, CODIGO_SECTOR_INTERNO, FECHA_CADUCIDAD_SECTOR_INTERNO, ES_SECRETARIO, SECRETARIO, APELLIDO_NOMBRE, ACEPTACION_TYC, NUMERO_CUIT, EXTERNALIZAR_FIRMA_EN_GEDO, EXTERNALIZAR_FIRMA_EN_SIGA, EXTERNALIZAR_FIRMA_EN_CCOO, EXTERNALIZAR_FIRMA_EN_LOYS, USUARIO_ASESOR, NOTIFICAR_SOLICITUD_PF, CARGO, CAMBIAR_MESA) VALUES (1,'adminegov@everis.com',NULL,NULL,'ADMINEGOV','PUESTAINICIAL',NULL,'1','PVD',NULL,NULL,NULL,'Admin egov',1,'21231231232',0,0,0,0,NULL,'1',1,'0');

--
-- Dumping data for table `edt_periodo_licencia`
--
-- ORDER BY:  ID_PERIODO_LICENCIA


--
-- Dumping data for table `edt_rol`
--
-- ORDER BY:  EDTRL_ID

INSERT INTO edt_rol (EDTRL_ID, EDTRL_ROL, EDTRL_VISIBLE, EDTRL_USUARIO_CREACION, EDTRL_FECHA_CREACION, EDTRL_VIGENTE, EDTRL_USUARIO_MODIFICACION, EDTRL_FECHA_MODIFICACION) VALUES (1,'Administrador',1,'ADMINEGOV',NULL,2,'ADMINEGOV',NULL);

--
-- Dumping data for table `edt_rol_permisos`
--

INSERT INTO edt_rol_permisos (EDTRL_ID, SD_PERMISO_ID) VALUES (1,1),(1,2),(1,3),(1,4),(1,5),(1,6),(1,7),(1,8),(1,9),(1,10),(1,11),(1,12),(1,13),(1,14),(1,15),(1,16),(1,17),(1,18),(1,19),(1,20),(1,21),(1,22),(1,23),(1,24),(1,25),(1,26),(1,27),(1,28),(1,29),(1,30),(1,31),(1,32),(1,33),(1,34),(1,35),(1,36),(1,37),(1,38),(1,39),(1,40),(1,41),(1,42),(1,43),(1,44),(1,45),(1,46);

--
-- Dumping data for table `edt_sade_actuacion`
--
-- ORDER BY:  ID_ACTUACION

INSERT INTO edt_sade_actuacion (ID_ACTUACION, CODIGO_ACTUACION, NOMBRE_ACTUACION, VIGENCIA_DESDE, VIGENCIA_HASTA, INICIA_ACTUACION, JERARQUIA, INCORPORADO, AGREGADO, ANULADO, DESGLOSADO, VERSION, FECHA_CREACION, USUARIO_CREACION, FECHA_MODIFICACION, USUARIO_MODIFICACION, ESTADO_REGISTRO, ES_DOCUMENTO, DESHABILITADO_PAPEL) VALUES (1,'0','ACTUACION BLANCO','2006-01-01 00:00:00','2099-01-01 00:00:00','N',1000,'N','N','N','N',2,'2040-01-05 00:00:00','migracion',NULL,NULL,'0',0,'0');

--
-- Dumping data for table `edt_sade_actuacion_audi`
--
-- ORDER BY:  ID_ACTUACION_AUDI


--
-- Dumping data for table `edt_sade_admin_reparticion`
--
-- ORDER BY:  ID_ADMIN_REPARTICION

INSERT INTO edt_sade_admin_reparticion (ID_ADMIN_REPARTICION, ID_REPARTICION, NOMBRE_USUARIO) VALUES (1,1,'ADMINEGOV');

--
-- Dumping data for table `edt_sade_admin_reparticion_hist`
--


--
-- Dumping data for table `edt_sade_estructura`
--
-- ORDER BY:  ID_ESTRUCTURA

INSERT INTO edt_sade_estructura (ID_ESTRUCTURA, CODIGO_ESTRUCTURA, NOMBRE_ESTRUCTURA, VIGENCIA_DESDE, VIGENCIA_HASTA, GENERA_ALS, VERSION, FECHA_CREACION, USUARIO_CREACION, FECHA_MODIFICACION, USUARIO_MODIFICACION, ESTADO_REGISTRO, ESTRUCTURA_PODER_EJECUTIVO) VALUES (1,0,'Metaorganismos','2017-01-01 00:00:00','2099-01-01 00:00:00','N',1,NULL,NULL,NULL,NULL,'1',NULL),(5,5,'Ministerio','2017-01-01 00:00:00','2099-01-01 00:00:00','N',1,NULL,NULL,NULL,NULL,'1','1'),(6,6,'Secretaría','2017-01-01 00:00:00','2099-01-01 00:00:00','N',1,NULL,NULL,NULL,NULL,'1','1'),(7,7,'Subsecretaría','2017-01-01 00:00:00','2099-01-01 00:00:00','N',1,NULL,NULL,NULL,NULL,'1','1'),(8,8,'Dirección Nacional','2017-01-01 00:00:00','2099-01-01 00:00:00','N',1,NULL,NULL,NULL,NULL,'1','1'),(9,9,'Dirección General','2017-01-01 00:00:00','2099-01-01 00:00:00','N',1,NULL,NULL,NULL,NULL,'1',NULL),(10,10,'Dirección ','2017-01-01 00:00:00','2099-01-01 00:00:00','N',1,NULL,NULL,NULL,NULL,'1','1'),(12,12,'Jefatura de Gabinete','2017-01-01 00:00:00','2099-01-01 00:00:00','N',1,NULL,NULL,NULL,NULL,'1','1'),(13,13,'Organismo Público','2017-01-01 00:00:00','2099-01-01 00:00:00','N',1,NULL,NULL,NULL,NULL,'1','1'),(14,14,'Empresa','2017-01-01 00:00:00','2099-01-01 00:00:00','N',1,NULL,NULL,NULL,NULL,'1','1');

--
-- Dumping data for table `edt_sade_jurisdiccion`
--
-- ORDER BY:  ID

INSERT INTO edt_sade_jurisdiccion (ID, DESCRIPCION) VALUES (1,'Jurisdiccion 1'),(2,'Jurisdiccion 2'),(3,'Jurisdiccion 3');

--
-- Dumping data for table `edt_sade_reparticion`
--
-- ORDER BY:  ID_REPARTICION

INSERT INTO edt_sade_reparticion (ID_REPARTICION, CODIGO_REPARTICION, CODIGO_REPAR_INTER, NOMBRE_REPARTICION, VIGENCIA_DESDE, VIGENCIA_HASTA, NUMERO, PISO, OFICINA, TELEFONO, FAX, EMAIL, ID_ESTRUCTURA, EN_RED, SECTOR_MESA, VERSION, FECHA_CREACION, USUARIO_CREACION, FECHA_MODIFICACION, USUARIO_MODIFICACION, ESTADO_REGISTRO, ES_DGTAL, REP_PADRE, COD_DGTAL, ID_JURISDICCION, MINISTERIO, ADMINISTRADOR_PRESUPUESTO, calle) VALUES (1,'EGOV',NULL,'Metareparticion','2016-01-01 00:00:00','2099-01-01 00:00:00','3',NULL,NULL,NULL,NULL,NULL,1,NULL,NULL,1,NULL,NULL,NULL,NULL,'1',1,NULL,NULL,NULL,NULL,NULL,NULL),(2,'MOP',NULL,'Ministerio de Obras Públicas','2016-01-01 00:00:00','2099-01-01 00:00:00','2',NULL,NULL,NULL,NULL,NULL,7,NULL,NULL,2,NULL,NULL,NULL,NULL,'1',1,2,'99',NULL,3,2,'Calle texto'),(3,'MINCIVIL',NULL,'Ministerio Civil','2016-01-01 00:00:00','2099-01-01 00:00:00','1',NULL,NULL,NULL,NULL,NULL,5,NULL,NULL,1,NULL,NULL,NULL,NULL,'1',1,NULL,'99',NULL,NULL,NULL,'Calle texto'),(4,'REGCIVIL',NULL,'Registro Civil','2016-01-01 00:00:00','2099-01-01 00:00:00','123',NULL,NULL,NULL,NULL,NULL,13,NULL,NULL,0,NULL,NULL,NULL,NULL,'1',1,2,'99',NULL,3,2,'Calle Aldunate');

--
-- Dumping data for table `edt_sade_reparticion_seleccionada`
--
-- ORDER BY:  ID_REPARTICION_SELECCIONADA

INSERT INTO edt_sade_reparticion_seleccionada (ID_REPARTICION_SELECCIONADA, ID_REPARTICION, NOMBRE_USUARIO, ID_SECTOR_INTERNO) VALUES (1,4,'ADMINEGOV',1);

--
-- Dumping data for table `edt_sade_sector_interno`
--
-- ORDER BY:  ID_SECTOR_INTERNO

INSERT INTO edt_sade_sector_interno (ID_SECTOR_INTERNO, CODIGO_SECTOR_INTERNO, NOMBRE_SECTOR_INTERNO, CALLE, NUMERO, PISO, OFICINA, TELEFONO, FAX, EMAIL, VIGENCIA_DESDE, VIGENCIA_HASTA, EN_RED, SECTOR_MESA, VERSION, FECHA_CREACION, USUARIO_CREACION, FECHA_MODIFICACION, USUARIO_MODIFICACION, ESTADO_REGISTRO, CODIGO_REPARTICION, SECTOR_INTERNO_AGRUPACION_INDE, ID_AGRUPACION_SECTOR_MESA, MESA_VIRTUAL, ES_ARCHIVO, USUARIO_ASIGNADOR) VALUES (1,'SOLICITUDES','Solicitudes Documentos','calle1','123',NULL,NULL,NULL,NULL,NULL,'2016-01-01 00:00:00','2099-01-01 00:00:00',NULL,'S',NULL,NULL,NULL,NULL,NULL,'1',4,NULL,NULL,1,0,NULL);

--
-- Dumping data for table `edt_sade_sector_usuario`
--
-- ORDER BY:  ID_SECTOR_USUARIO

INSERT INTO edt_sade_sector_usuario (ID_SECTOR_USUARIO, ID_SECTOR_INTERNO, NOMBRE_USUARIO, PROCESO, ESTADO_REGISTRO, VERSION, FECHA_CREACION, USUARIO_CREACION, FECHA_MODIFICACION, USUARIO_MODIFICACION, CARGO_ID) VALUES (1,1,'ADMINEGOV','SUME','1',0,'2017-07-31 10:08:42',NULL,NULL,NULL,1);

--
-- Dumping data for table `edt_sade_uai`
--
-- ORDER BY:  ID_UAI


--
-- Dumping data for table `edt_sade_usr_repa_habilitada`
--
-- ORDER BY:  ID_USR_REPA_HABILITADA

INSERT INTO edt_sade_usr_repa_habilitada (ID_USR_REPA_HABILITADA, ID_REPARTICION, NOMBRE_USUARIO, ID_SECTOR_INTERNO, CARGO_ID) VALUES (1,4,'ADMINEGOV',1,1);

--
-- Dumping data for table `edt_usuario_cargo`
--


--
-- Dumping data for table `eu_alertas_avisos`
--


--
-- Dumping data for table `eu_aplicacion`
--
-- ORDER BY:  ID

INSERT INTO eu_aplicacion (ID, NOMBRE, DESCRIPCION, URLAPLICACION, URLAPLICACIONVALIDACION, URLAPLICACIONINBOX, URLAPLICACIONINBOXSUPERVISADO, URLAPLICACIONBUZON, VISIBLEMISTAREAS, VISIBLEMISSISTEMAS, VISIBLEMISSUPERVISADOS, VISIBLEBUZONGRUPAL, VISIBLE) VALUES (1,'DEO','Documentos Electronicos Oficiales','http://desa.egoveris.com:9010/deo-web/','http://desa.egoveris.com:9010/deo-web/','http://desa.egoveris.com:9010/deo-web/','http://desa.egoveris.com:9010/deo-web/','http://desa.egoveris.com:9010/deo-web/',1,1,1,0,1),(2,'TE','Tramitador Electronico','http://desa.egoveris.com:9010/te-web/','http://desa.egoveris.com:9010/te-web/','http://desa.egoveris.com:9010/te-web/','http://desa.egoveris.com:9010/te-web/','http://desa.egoveris.com:9010/te-web/',1,1,1,1,1),(3,'EDT','Escritorio de Trabajo','http://desa.egoveris.com:9000/edt-web/','http://desa.egoveris.com:9000/edt-web/','http://desa.egoveris.com:9000/edt-web/','http://desa.egoveris.com:9000/edt-web/','http://desa.egoveris.com:9000/edt-web/',0,1,0,0,1),(4,'FFDD','Formularios Dinamicos','http://desa.egoveris.com:9000/ffdd-web','http://desa.egoveris.com:9000/ffdd-web','http://desa.egoveris.com:9000/ffdd-web','http://desa.egoveris.com:9000/ffdd-web','http://desa.egoveris.com:9000/ffdd-web',0,1,0,0,1),(5,'VUC Man','Administrador VUC','http://desa.egoveris.com:9020/vuc-man','http://desa.egoveris.com:9020/vuc-man','http://desa.egoveris.com:9020/vuc-man','http://desa.egoveris.com:9020/vuc-man','http://desa.egoveris.com:9020/vuc-man',0,1,0,0,1);

--
-- Dumping data for table `eu_categoria`
--

INSERT INTO eu_categoria (ID, CATEGORIA) VALUES (1,'Mantenimiento'),(2,'Nueva Versión');

--
-- Dumping data for table `eu_departamento`
--


--
-- Dumping data for table `eu_estado_novedad`
--
-- ORDER BY:  ID


--
-- Dumping data for table `eu_feriados`
--
-- ORDER BY:  ID

INSERT INTO eu_feriados (ID, MOTIVO, FECHA) VALUES (2,'Navidad','2017-12-25 00:00:00'),(3,'Año nuevo','2017-12-31 00:00:00'),(5,'Aniversario empresa','2017-05-21 00:00:00');

--
-- Dumping data for table `eu_feriados_audi`
--
-- ORDER BY:  ID


--
-- Dumping data for table `eu_grupo_permisos`
--

INSERT INTO eu_grupo_permisos (ID, FK_ADMINSADE_PERMISOS, GRUPO_USUARIO) VALUES (1,1,'AC'),(2,2,'AC'),(3,3,'AC'),(4,4,'AC'),(5,5,'AC'),(6,6,'AC'),(7,7,'AC'),(8,8,'AC'),(9,9,'AC'),(10,10,'AC'),(11,11,'AC'),(12,12,'AC'),(13,13,'AC'),(14,14,'AC'),(15,15,'AC'),(16,16,'AC'),(17,17,'AC'),(18,18,'AC'),(19,19,'AC'),(20,20,'AC'),(21,21,'AC'),(22,22,'AC'),(23,23,'AC'),(24,24,'AC'),(25,25,'AC'),(26,26,'AC'),(27,27,'AC'),(28,28,'AC'),(29,29,'AC'),(30,30,'AC'),(31,31,'AC'),(32,32,'AC'),(33,33,'AC'),(34,34,'AC'),(35,35,'AC'),(36,36,'AC'),(37,37,'AC'),(38,38,'AC'),(39,39,'AC'),(40,40,'AC'),(41,41,'AC'),(42,42,'AC'),(43,43,'AC'),(44,44,'AC'),(45,45,'AC'),(46,46,'AC');

--
-- Dumping data for table `eu_localidad`
--


--
-- Dumping data for table `eu_novedad`
--
-- ORDER BY:  ID


--
-- Dumping data for table `eu_novedad_aplicacion`
--


--
-- Dumping data for table `eu_novedad_hist`
--
-- ORDER BY:  ID


--
-- Dumping data for table `eu_provincia`
--


--
-- Dumping data for table `eu_usuario_buzongrupal`
--
-- ORDER BY:  ID

INSERT INTO eu_usuario_buzongrupal (ID, APLICACIONID, USUARIO) VALUES (1,2,'ADMINEGOV');

--
-- Dumping data for table `eu_usuario_frecuencias`
--
-- ORDER BY:  ID


--
-- Dumping data for table `eu_usuario_missistemas`
--
-- ORDER BY:  ID

INSERT INTO eu_usuario_missistemas (ID, APLICACIONID, USUARIO) VALUES (1,1,'ADMINEGOV'),(2,2,'ADMINEGOV'),(3,3,'ADMINEGOV'),(4,4,'ADMINEGOV'),(5,5,'ADMINEGOV');

--
-- Dumping data for table `eu_usuario_missupervisados`
--
-- ORDER BY:  ID

INSERT INTO eu_usuario_missupervisados (ID, APLICACIONID, USUARIO) VALUES (1,1,'ADMINEGOV'),(2,2,'ADMINEGOV');

--
-- Dumping data for table `eu_usuario_mistareas`
--
-- ORDER BY:  ID

INSERT INTO eu_usuario_mistareas (ID, APLICACIONID, USUARIO) VALUES (1,1,'ADMINEGOV'),(2,2,'ADMINEGOV');

--
-- Dumping data for table `mig_dato_consulta`
--
-- ORDER BY:  ID


--
-- Dumping data for table `mig_logueo_error`
--
-- ORDER BY:  TOKEN,MODULO


--
-- Dumping data for table `mig_tarea`
--


--
-- Dumping data for table `mig_tarea_hist`
--


--
-- Dumping data for table `mig_tipo_error`
--


--
-- Dumping data for table `property_configuration`
--
-- ORDER BY:  CLAVE,CONFIGURACION

INSERT INTO property_configuration (CLAVE, VALOR, CONFIGURACION) VALUES ('acronimoPaseEE','PV','EE'),('actEstadoRegistro.cronExpression','0 0 23 1/1 * ? *','RLM'),('ad.acronimo.paquete.archivo.gedo','ARCHI','SGA'),('ad.carpeta.raiz.rudo','EXPEDIENTE_ELECTRONICO_ARCHIVADO','SISTEMA'),('amq.eu.alertas','eu.notificaciones','EU'),('amq.url','tcp://localhost:61616','EU'),('app.ccoo.url','http://euc.cap.gde.gob.ar/co-satra-tramita-web','EU'),('app.co.satra.url','http://euc.cap.gde.gob.ar/co-satra-tramita-web/','GEDO'),('app.context_path','eu-web','EU'),('app.deo.url','http://egovapp.egoveris.com:9001/deo-web','SISTEMA'),('app.deploy.departamento',' ','SISTEMA'),('app.deploy.localidad',' ','SISTEMA'),('app.deploy.provincia',' ','SISTEMA'),('app.ecosistema','APN','EE'),('app.ecosistema','APN','GEDO'),('app.ecosistema','   ','SISTEMA'),('app.ecosistema.label','GDE','GEDO'),('app.edt.fromEmail','noreply@egoveris.com','SISTEMA'),('app.ee.url','http://egovapp.egoveris.com:9002/te-web','SISTEMA'),('app.eu.mail.password','gde20161234','EU'),('app.eu.mail.password','gde20161234','SISTEMA'),('app.eu.mail.user','gde@modernizacion.gob.ar','CCOO'),('app.eu.mail.user','gde@modernizacion.gob.ar','EE'),('app.eu.mail.user','gde@modernizacion.gob.ar','EU'),('app.eu.mail.user','gde@modernizacion.gob.ar','GEDO'),('app.eu.url','http://egovapp.egoveris.com:9002/edt-web','SISTEMA'),('app.ffdd.url','http://egovapp.egoveris.com:9001/ffdd-web','SISTEMA'),('app.fuse.endpoint.url','http://7.212.8.212:9600/message/send','SISTEMA'),('app.fuse.wsdl.request','http://7.212.8.112:9090/ws/FuseDemoService?wsdl','SISTEMA'),('app.gedo.batch.url','http://egovapp.egoveris.com:9001/deo-web','EU'),('app.gedo.url','http://egovapp.egoveris.com:9001/deo-web','SISTEMA'),('app.loys.url','http://loys-test.gcaba.everis.int:80/loys-satra-tramita-web','SISTEMA'),('app.mail.ccoo.link',' http://euc.cap.gde.gob.ar/ccoo-web/','GEDO'),('app.max.preview','3','SISTEMA'),('app.mule.url','http://desa.egoveris.com:8099','EU'),('app.mule.url','http://desa.egoveris.com:8099','MULE'),('app.name','eGoveris','GEDO'),('app.nombreModulo','SADE','RLM'),('app.noValidarCcooLogin','12,13,14,15','TRACK'),('app.numerador.rep.actu.GEDO','APN','NUMERADOR'),('app.numerador.tiempoRecargaSectores','3600000','NUMERADOR'),('app.numerador.url','http://egovapp.egoveris.com:9001/numerador-web','SISTEMA'),('app.psoc.url','http://desa.egoveris.com:9030/gedo-web','EU'),('app.rib.url','http:///rib-web/','RLM'),('app.ric.rmi.url','7.217.8.48','SISTEMA'),('app.ric.url','http://ric-test.gcaba.everis.int/ric-web-man','SISTEMA'),('app.sistema.gestor.documental','WEBDAV','SISTEMA'),('app.te.url','http://egovapp.egoveris.com:9002/te-web','SISTEMA'),('app.ticapdf.algoritmo','SHA-256','SISTEMA'),('app.ticapdf.alias','egoveris','SISTEMA'),('app.ticapdf.keystore','/data/config/ticaconf/certificates/keyStore','SISTEMA'),('app.ticapdf.password','egoveris','SISTEMA'),('app.ticapdf.sello','/data/config/ticaconf/images/sello.png','SISTEMA'),('app.ticapdf.url','http://egovapp.egoveris.com:9001/tica-web','SISTEMA'),('app.track.url','http://eut.cap.gde.gob.ar/sade-satra-tramita-web','SISTEMA'),('app.url','http://eud.cap.gde.gob.ar/sade-dm-web','DM'),('app.url','http://egovapp.egoveris.com:9002/te-web','EE'),('app.url','http://egovapp.egoveris.com:9002/edt-web','EU'),('app.url','http://egovapp.egoveris.com:9001/ffdd-web','FFDD'),('app.url','http://egovapp.egoveris.com:9001/deo-web','GEDO'),('app.url','http://egovapp.egoveris.com:9003/wd-web','WD'),('app.vuc.url','http://egovapp.egoveris.com:9003/vuc-front-web','SISTEMA'),('arch.enviarAEECarat','1','SGA'),('arch.enviarAEEMasivo','0','SGA'),('arch.formatoFechaBATCH','dd-MM-yyyy','SGA'),('arch.loteCaratulaMasiva','999','SGA'),('arch.motivo.Guarda.Temporal','Pase a Guarda Temporal ','SGA'),('arch.nombreMetadato.trata.electronica','Ex. papel','SGA'),('arch.separador.csv','#','SGA'),('arch.service.url','http://eua.cap.gde.gob.ar/archivo-web','TRACK'),('arch.solr.rowsnum','1000','SGA'),('arch.trata.electronica','GENE3601A','SGA'),('arch.url','http://eua.cap.gde.gob.ar/archivo-web','EE'),('arch.usuariosHabilitadosMigracion','EVERIS','SGA'),('aud.acronimo.docIndice.auditoria.gedo','AEIPC','SGA'),('aud.acronimo.paquete.auditoria.gedo','AEPPA','SGA'),('aud.referencia.docIndice.auditoria.gedo','Auditoria de Expediente','SGA'),('aud.referencia.paquete.auditoria.gedo','Auditoria de Expediente','SGA'),('aud.referencia2.docIndice.auditoria.gedo','Indice parcial de contenidos.','SGA'),('aud.referencia2.paquete.auditoria.gedo','Paquete parcial de archivos.','SGA'),('aud.tiempo.cierre.actividad','121130','SGA'),('baja.usuarioAD.cron','baja','SISTEMA'),('batch.archivoDefinitivo.reintentos','5','EE'),('batch.archivoDefinitivo.reintentos','5','SISTEMA'),('batch.day.archivoDefinitivo.cron','0 0 19 1/1 * ?','SGA'),('batch.day.regExpression','0 0 23 1/1 * ? *','EE'),('batch.day.regExpression','0 0 0/2 1/1 * ? *','SGA'),('batch.day.regExpression.EnvioGT','0 0/15 * * * ? * ','EE'),('batch.day.regExpression.Migracion','0 0 0-5 * * ?','EE'),('batch.day.regExpression.quartzEnvioDocDepuracion','0 0/20 * * 1/1 ? *','EE'),('batch.dayEE.regExpression','0 0/2 * 1/1 * ? *','SGA'),('batch.dep.solicitud.elim.Expression','0 0 12 1 4 ? *','EE'),('batch.dep.solicitud.envio.Expression','0 0 12 1 4 ? *','EE'),('batch.depuracion.asignacion.dias.vencimiento','3000','EE'),('batch.depurar.asignacion.cantidadDeEjecuciones','0','EE'),('batch.depurar.asignacion.regExpression','0 0/15 * 1/1 * ? 2016','EE'),('batch.directory.destination','/tempdigital/destination/final/','SGA'),('batch.directory.destinationMigration','/tempdigital/destination/migration','SGA'),('batch.directory.finalDestination','/tempdigital/destination/final/','SGA'),('batch.directory.source','/tempdigital/temp/','SGA'),('batch.directory.sourceDay','/tempdigital/source/day/','SGA'),('batch.directory.sourceManual','/tempdigital/temp/','SGA'),('batch.directory.sourceMigration','/disco/','SGA'),('batch.directory.temp','/tempdigital/temp/','SGA'),('batch.directory.tempMigration','/tempdigital/temp','SGA'),('batch.inboxGrupal.asig.regExpression','0 0 12 1 1 ? *','EE'),('batch.inboxGrupal.cantidadDiasVencimiento','7','EE'),('batch.server.migracion','CAPGDELXAPPT13','EE'),('batch.server.name.running','CAPGDELXAPPT13','EE'),('cambioMisDatos.descAdicional','- ','TAD'),('cambioMisDatos.motivoPase','Actualizacion de informacion propia','TAD'),('cambioMisDatos.trata','MMOD00000','TAD'),('cantMeses.envioAutomaticoGT','1','EE'),('cargoGEDO',' ','TAD'),('cas.url','https://egov3p1.egoveris.com:9073','SISTEMA'),('cas.urlLogOutCAS','https://egov3p1.egoveris.com:9073/cas/logout','SISTEMA'),('cas.wd.url','https://egov3p1.egoveris.com:9073','WD'),('client.id','rlm.client.mq','RLM'),('codigoReparticionGEDO','codigoReparticionGEDO','TAD'),('config.reparticion.actuacion','APN','SGA'),('cron.Migracion.tarea','0 0 12 ? 1/1 MON#4 *','EU'),('cronExpression','0 0 13 * * ?','TAD'),('cronExpressionReintentos','0 0/1 * 1/1 * ? *','TAD'),('cuentaGA','\"UA-46257802-1\", \"everis.int\"','TAD'),('dias.altaDC','1','TAD'),('diasBorradoArchivos','1','TAD'),('dm.importDocumentos.cronExpression','0 0 1 1/1 * ? *','DM'),('dm.importExpedientes.cronExpression','0 0 1 1/1 * ? *','DM'),('dm.importExpedientes.dias','360','DM'),('dm.responseWaitingTimeout','30000','DM'),('dm.sendMails.cronExpression','0 0 1 1/1 * ? *','DM'),('dm.sendMails.email','everis@everis.com','DM'),('dm.serviceUrl','http://eud.cap.gde.gob.ar/sade-dm-web','RLM'),('DMServicioURL','http://eud.cap.gde.gob.ar/sade-dm-web','DM'),('dynform.url','http://egovapp.egoveris.com:9001/ffdd-web','EE'),('dynform.url','http://egovapp.egoveris.com:9001/ffdd-web','EU'),('dynform.url','http://egovapp.egoveris.com:9001/ffdd-web','MULE'),('dynform.url','http://egovapp.egoveris.com:9001/ffdd-web','RLM'),('dynform.url','http://qa.com:9011/ffdd-web','SISTEMA'),('ee.acronimo.notificacion','CONOT','EE'),('ee.acronimo.notificacion','CONOT','SISTEMA'),('ee.batch.day.regExpression.quartzActividad','0 0 0-23 * * ? *','EE'),('ee.batch.migracion.sistemasNoValidos','LOYS,PSOC','EE'),('ee.batch.regExpression.archivoDefinitivo','40 0/1 * 1/1 * ? *','EE'),('ee.batch.regExpression.archivoDefinitivo','40 0/1 * 1/1 * ? *','SISTEMA'),('ee.cantidad.de.dias.en.guarda.temporal','730','SGA'),('ee.cargos.archivodefinitivo','Jefe de gobierno,Vicejefe de gobierno,Secretario,Subsecretario,Jefe de gabinete de ministros,Director general','EE'),('ee.consulta.bd','false','EE'),('ee.cronCargaFeriados','0 0 0 * * ?','EE'),('ee.jms.servidor','tcp://amq.cap.gde.gob.ar:61616','EE'),('ee.jms.servidor','tcp://7.217.8.23:61616','SISTEMA'),('ee.mail.subsanacion.documentos','capac_sindicatura@buenosaires.gob.ar','EE'),('ee.permanencia.en.guarda.param.visible','0','SGA'),('ee.plugin','file:///opt/versions/PluginManagerQAEgoveris/ee','EE'),('ee.plugin_webdav','/PluginManager/ee/deploy','EE'),('ee.reparticion.GT','APN','EE'),('ee.reparticion.tiempo','900000','EE'),('ee.sectorinterno.tiempo','14400000','EE'),('ee.service.url','http://egovapp.egoveris.com:9002/te-web','SGA'),('ee.serviceUrl','http://egovapp.egoveris.com:9002/te-web','RLM'),('ee.sistemasArchivadores','ARCH,LOyS','EE'),('ee.sistemasExternos','PSOC,LOYS,SGAint,Fisca,SGI-PG,TTRE,Ley257,SISTEMA,Sistema,SGAI,DGSUM,ARCH,matriz de riesgo,SAGI,LEY257,SAP,APRA_P060_CD2,SIGAFPL,EE,KODAK,CEP,SADE,SAPCRM,SGI,SGIPG,SIGAF_WEB,TAD,BAC,LEY 257,SIGAF,DIGESTO,matriz,','EE'),('ee.smtp.from','escritorio.unico@egoveris.com','EE'),('ee.smtp.host',' ','EE'),('ee.smtp.port','25','EE'),('ee.smtp.username','escritorio.unico','EE'),('ee.TomaVistaAceptacion.Acronimo','IFTVA','EE'),('ee.TomaVistaRechazo.Acronimo','IFTVR','EE'),('ee.TomaVistaSinSuspension.Acronimo','COTVI','EE'),('ee.trata.tiempo','900000','EE'),('ee.tratas','GENE0103A,MEGC0107A,ACER00004,GENE0301A,GENE0302A,GENE0303A,GENE0307A,GENE0308A,GENE0309A,GENE0312A,GENE0314A,MMGC0101A,GENE0313A,GENE0315A,GENE0316A,MHGC 0112B,MHGC 0112C,MEGC0107A,MHGC0106A ,MHGC0113A,GENE0310A','DM'),('ee.tratasDeRemision','SADE8,GENE1507A','EE'),('ee.trataTomaVista','GENE2503A','EE'),('ee.url','http://egovapp.egoveris.com:9002/te-web','SGA'),('ee.url','http://egovapp.egoveris.com:9002/te-web','SISTEMA'),('ee.user.tomaVista','EVERIS','EE'),('ee.usuario.tiempo','18000000','EE'),('envioCorreoActivo','false','SISTEMA'),('eu.estructura.ministerio','1,2,4,5','EU'),('eu.refresco_modulo_reparticiones','900000','EU'),('eu.rep.default.ministerio.presupuesto',' ','EU'),('eu.tiempo_refresco_tareas','300000','EU'),('eu.url','http://egovapp.egoveris.com:9002/edt-web','SISTEMA'),('eu.usu.nombres_prohibidos','TEST,PRUEBA,CONSULTA,CAPACITACION','EU'),('EUServicioURL','http://casqa.egoveris.com:9000/eu-web/','EE'),('fileNet.nombre.modulo','EE','EE'),('flag.crear.tramite','1','SISTEMA'),('fullimportUsuarios.cronExpression','0 0/18 * 1/1 * ? *','EU'),('gedo.activacionDepuracionDocumento','false','GEDO'),('gedo.activacionDepuracionDocumento.cron','0 0 1 1/1 * ? *','GEDO'),('gedo.ambienteDesa','true','GEDO'),('gedo.archivos.embebidos.tamanio.maximo','2048000','GEDO'),('gedo.cantidadReintentosNotificacion','5','GEDO'),('gedo.chequearTSASiempre','false','SISTEMA'),('gedo.deltaimport.cron','0 0/5 * 1/1 * ?','GEDO.N1'),('gedo.deltaimport.cron','0 0 12 1 1 ?','GEDO.N2'),('gedo.deltaimport.cron','0 0 12 1 1 ?','GEDO.N3'),('gedo.deltaimport.cron','0 0 12 1 1 ?','GEDO.N4'),('gedo.deltaimport.cron','0 0 12 1 1 ?','GEDO.N5'),('gedo.deltaimport.cron','0 0 12 1 1 ?','GEDO.N6'),('gedo.deltaimport.cron','0 0 12 1 1 ?','GEDO.N7'),('gedo.deltaimport.cron','0 0 12 1 1 ?','GEDO.N8'),('gedo.deltaimport.cron','0 0 12 1 1 ?','GEDO.N9'),('gedo.leyendaConmemorativa','Versión de Desarrollo ','GEDO'),('gedo.limpiezaTemporales.activacionAvisoMail','false','GEDO'),('gedo.limpiezaTemporales.activacionProcesoLimpieza','false','GEDO'),('gedo.limpiezaTemporales.cantidadMesesLimpieza','3','GEDO'),('gedo.limpiezaTemporales.cronAvisoMail','0 0 0 12 * ?','GEDO'),('gedo.limpiezaTemporales.cronProcesoLimpieza','0 0 0 19 * ?','GEDO'),('gedo.limpiezaTemporales.diferenciaDeDiasEntreMailYLimpieza','7','GEDO'),('gedo.maximoArchivos','1000','DM'),('gedo.maximoArchivos','2048000','GEDO'),('gedo.maximoArchivos','102400','RLM'),('gedo.maximoPrevisualizacion','1000','DM'),('gedo.maximoPrevisualizacion','10240','GEDO'),('gedo.maximoPrevisualizacion','20480','RLM'),('gedo.medicion.acronimo','IF','GEDO'),('gedo.medicion.contenido','<p>Este es un documento de prueba para medir tiempos en el proceso de firma</p>','GEDO'),('gedo.medicion.formato','XML','GEDO'),('gedo.medicion.referencia','Prueba para medir tiempos','GEDO'),('gedo.medicion.tipoContenido','html','GEDO'),('gedo.medicion.usuario','EVERIS','GEDO'),('gedo.path_template_recibo','D:\\Adobe\\Templates Recibo Sueldo','GEDO'),('gedo.properties.cron','0 0 12 1/1 * ? *','GEDO'),('gedo.reparticion.tiempo','900000','GEDO'),('gedo.serviceUrl','http://desa.egoveris.com:9010/gedo-web','RLM'),('gedo.tiempoReintentoConfiguracion','7200','GEDO'),('gedo.url','http://egovapp.egoveris.com:9001/deo-web','SISTEMA'),('gedo.usuario.tiempo','900000','GEDO'),('gedo.verificarTSa.cron','*/30 * * * * ?','GEDO'),('generic.repa.autom','LOYS','RLM'),('generic.usuario.autom','MCURUTCHET','RLM'),('host.deo','http://egovapp.egoveris.com:9001/deo-web','SISTEMA'),('host.edt','http://egovapp.egoveris.com:9002/edt-web','SISTEMA'),('host.ffdd','http://egovapp.egoveris.com:9001/ffdd-web','SISTEMA'),('host.te','http://egovapp.egoveris.com:9002/te-web','SISTEMA'),('host.wd','http://egovapp.egoveris.com:9003/wd-web','SISTEMA'),('id.tramites.escribanos','1,177,300,305','TAD'),('jbpm.cantidadReintentos','20','GEDO'),('jms.nombre','EE.datos.topic','EE'),('jms.nombre','prueba','SISTEMA'),('jms.timeOut','30000','SISTEMA'),('jms.url','tcp://amq.cap.gde.gob.ar:61616','SISTEMA'),('jms.urlQueue','tcp://amq.cap.gde.gob.ar:61616','GEDO'),('jms.urlTopic','tcp://amq.cap.gde.gob.ar:61616','GEDO'),('job.limpiezaTemoralesFFDD','0 0/1 * 1/1 * ?','FFDD'),('label.solicitud.copia.digital',' ','SGA'),('ldap.admin.password','password','SISTEMA'),('ldap.admin.password.ad',' ','SISTEMA'),('ldap.admin.user','cn=Manager,DC=egoveris,DC=com','SISTEMA'),('ldap.admin.user.ad',' ','SISTEMA'),('ldap.base','DC=egoveris,DC=com','SISTEMA'),('ldap.base.ad',' ','SISTEMA'),('ldap.entorno','SADE','SISTEMA'),('ldap.ou','funcionarios','SISTEMA'),('ldap.ou.base','ou=funcionarios','SISTEMA'),('ldap.url','ldap://egov3p1.egoveris.com:389','SISTEMA'),('ldap.url.ad',' ','SISTEMA'),('ldap.user.account.control.ad','cn=Manager,DC=egoveris,DC=com','SISTEMA'),('ldapUrlAD',' ','SISTEMA'),('le.responseWaitingTimeout','30000','RLM'),('ley104.motivoPase','Motivo pase a funcionario público','TAD'),('limiteDiasExpedienteReintentos','3','TAD'),('logo','egov','FFDD'),('lue.serviceUrl','http:///le-web/','RLM'),('lue.url','http:///le-web','EE'),('mailsReintentos','reintentos@egoveris.com','TAD'),('maxOcurrenciasDoc','100','TAD'),('mensajeEmbebido','Documento Embebido TAD','TAD'),('migracion.modulo','EE','EE'),('migracion.modulo','EU','EU'),('migracion.modulo','GEDO','GEDO'),('migracion.modulo','RLM','RLM'),('migracion.modulo','TRACK','TRACK'),('migracion.tarea.cronExp','0 6-21,36-51 * * * ?','EE'),('migracion.tarea.cronExp','0-59 1-59 * * * ?','EU'),('migracion.tarea.cronExp','0 1/1 21,22,23,01,02,03,04,05,06 * * ?','SISTEMA'),('migracion.tarea.cronExp','0 0/5 * 1/1 * ? *','TRACK'),('migracion.tarea.cronExp2','0-59 1-59 * * * ?','EU'),('migracion.tarea.cronExp2','0 1/1 21,22,23,01,02,03,04,05,06 * * ?','SISTEMA'),('migracion.usuariosTareas','*','SISTEMA'),('modulo.name.guarda.documental','GEDO','SISTEMA'),('mule.url','http://desa.egoveris.com:8099','SISTEMA.MULE'),('nombre.ecosistema','GDE','SISTEMA'),('nombre.entorno','ee','EE'),('nombre.host.migracion','EE_01','EE'),('nombre.host.migracion','sade-test-ws1','EU'),('nombre.host.migracion','gedo1','GEDO'),('nombre.host.migracion','RLM_SADE-PRD','RLM'),('nombre.servidor.baja.AD','baja','SISTEMA'),('nombre.sistema','GDE','SISTEMA'),('novedades.cronExpression','0 0 6 1/1 * ?','EU'),('numerador.proceso.cantidadPorInvocacion','500','NUMERADOR'),('numerador.proceso.cron','0 0 0 * * ?','NUMERADOR'),('numerador.proceso.reintento','3','NUMERADOR'),('numero.esp.electronico','true','SISTEMA'),('password.citas','ZDNmNGg2ajc=','TAD'),('permisoAsignador','ou=ee.asignador,ou=grupos,dc=gob,dc=ar','EU'),('psoc.url','http:///psoc-web/','RLM'),('qrtz.prefix','QRTZ_','GEDO'),('qrtz.prefix','QRTZCO_','SISTEMA.CCOO'),('renaperConsulta.ws.url','http://wsf.cdyne.com/WeatherWS/Weather.asmx','SISTEMA'),('renaperConsulta.ws.url.testeo','http://wsf.cdyne.com/WeatherWS/Weather.asmx','SISTEMA'),('renaperFallecimientos.ws.url','http://wsf.cdyne.com/WeatherWS/Weather.asmx','SISTEMA'),('renaperFallecimientos.ws.url.testeo','http://wsf.cdyne.com/WeatherWS/Weather.asmx','SISTEMA'),('renaperRegistrarPersonaSinDocumento.ws.url','http://wsf.cdyne.com/WeatherWS/Weather.asmx','SISTEMA'),('renaperRegistrarPersonaSinDocumento.ws.url.testeo','http://wsf.cdyne.com/WeatherWS/Weather.asmx','SISTEMA'),('reparticion.actuacion','APN','EE'),('reparticion.actuacion','APN','TRACK'),('reparticion.actuacion_id','2100000','TRACK'),('reparticion.rrhh','SUBRH','RLM'),('reparticiones.tiempo','900000','SISTEMA'),('repository.connectionTimeout','15000','SISTEMA'),('repository.defaultPassword','admin','SISTEMA'),('repository.defaultUsername','admin','SISTEMA'),('repository.documentRoot','/guarda-documental','SISTEMA'),('repository.hostname','egov3p1.egoveris.com','SISTEMA'),('repository.port','80','SISTEMA'),('rib.url','http:///rib-web/panelBusqueda.zul','RLM'),('rlm.motivoActualizacion','Actualizacion automatica de registros','RLM'),('rlm.reparticion.sector.tiempo','9000000','RLM'),('rlm.reparticiones.tiempo','9000000','RLM'),('rlm.reparticionValidadora','APN','RLM'),('rlm.usuarioActualizacion','RLMAutomatico','RLM'),('rlm.usuarios.tiempo','9000000','RLM'),('RPA.aniosMatricula','2010','TAD'),('rpaadm.desccarat','ADMINISTRADOR INSCRIPTO MATRICULA NÃ‚Â° ','TAD'),('rpacon.desccarat','INFORMACION CORRESPONDIENTE A CADA CONSORCIO ADMINISTRADO','TAD'),('rup.serviceUrl','http:///gup-web/','RLM'),('rutaTemporales',' ','TAD'),('sade.jmsUrl','tcp://amq.cap.gde.gob.ar:61616','SISTEMA'),('security.usuarios.refrescoMinutos','5','SISTEMA'),('sga.acronimo.pv','PV','SGA'),('sga.contador.archivo.definitivo','25280','SGA'),('sga.contenido.pv.ad','Motivo:','SGA'),('sga.edifElectro.archivarEE','Edificio central','SGA'),('sga.gedoAcronimo','COPDI','SGA'),('sga.gedoMotivo','DIGITALIZER','SGA'),('sga.gedoUsuario','MIDELMAZO','SGA'),('SGA.INYcantDiasPermanencia','14600','SGA'),('SGA.INYedificioDefault','Edificio central','SGA'),('SGA.INYobservaciones','Expediente Inyectado desde Arch','SGA'),('SGA.INYsedeDefault','1','SGA'),('sga.lote','5','SGA'),('sga.lote.archivo.definitivo','18000','SGA'),('sga.lotes','5','SGA'),('sga.maximo.archivar','5000','SGA'),('sga.Mensaje.ad.digi.err','El expediente no puede ser digitalizado ni generar copiaDigital, ya que es de Origen Electronico','SGA'),('sga.motivo.FIJO','Pase electronico de ','SGA'),('sga.motivo.variable','false','SGA'),('sga.motivoPase.archivarEE','Pase electronico Solicitud Archivo','SGA'),('sga.nodo.archivo.definitivo','CAPGDELXAPPT12','SGA'),('sga.referencia.paquete.AD','Paquete Electronico Archivo ','SGA'),('sga.rol.admin','SA.ADMIN','SISTEMA'),('sga.rol.archivador','SA.ARCHIVADOR','SISTEMA'),('sga.rol.CentroDigital','SA.CENTRODIGITAL','SISTEMA'),('sga.rol.consulta','SA.CONSULTA','SISTEMA'),('sga.rol.editar.caja','SA.ADMIN.CAJAS','SISTEMA'),('sga.rol.Metadatos','SA.METADATOS','SISTEMA'),('sga.tamanio.archivo.manual','100','SGA'),('sga.total.archivo.definitivo','21250','SGA'),('siga.satra.url','http://','EE'),('solr.activarIndexacion','1','SGA'),('solr.activarIndexacion','true','TRACK'),('solr.arch.connectionTimeout','6000','TRACK'),('solr.arch.maxConnectionsPerHost','100','TRACK'),('solr.arch.maxTotalConnections','100','TRACK'),('solr.arch.url','http://egov3p1.egoveris.com:8092/bweb-solr/core-arch','TRACK'),('solr.ccoo.connectionTimeout','1000','SGA'),('solr.ccoo.maxConnectionsPerHost','1000','SGA'),('solr.ccoo.url','http://egov3p1.egoveris.com:8092/bweb-solr/core-ccoo','SGA'),('solr.connectionTimeout','1000','SGA'),('solr.connectionTimeout','6000','TRACK'),('solr.cooo.maxTotalConnections','100','SGA'),('solr.ee.maxConnPerHost','1000','EE'),('solr.ee.maxtotalConn','1000','EE'),('solr.ee.timeout','1000','EE'),('solr.ee.url','http://egov3p1.egoveris.com:8092/bweb-solr/core-ee','SISTEMA'),('solr.eeCoreName','core-ee','EE'),('solr.eu.url','http://egov3p1.egoveris.com:8092/bweb-solr/core-eu','EU'),('solr.euCoreName','core-eu','EU'),('solr.gedoCore.url','http://egov3p1.egoveris.com:8092/bweb-solr/coreGEDO','GEDO'),('solr.maxConnectionsPerHost','1000','SGA'),('solr.maxConnectionsPerHost','100','TRACK'),('solr.maxTotalConnections','100','SISTEMA'),('solr.rlm.url','http://egov3p1.egoveris.com:8092/bweb-solr/coreRLM','RLM'),('solr.rlmCoreName','coreRLM','RLM'),('solr.track.url','http://egov3p1.egoveris.com:8092/bweb-solr/core-track','SISTEMA'),('solr.url','http://egov3p1.egoveris.com:8092/bweb-solr/core-arch','SGA'),('solr.url','http://egov3p1.egoveris.com:8092/bweb-solr/core-track','TRACK'),('solr.usr.url','http://egov3p1.egoveris.com:8092/bweb-solr/coreUSUARIOS','SISTEMA'),('solrServerTrack.activarIndexacion','false','EE'),('solrServerTrack.connectionTimeout','6000','EE'),('solrServerTrack.maxConnectionsPerHost','100','EE'),('solrServerTrack.maxTotalConnections','100','EE'),('solrServerTrack.url','http://egov3p1.egoveris.com:8092/bweb-solr/core-track','EE'),('tad.ecosistema','APN','SISTEMA'),('tad.mailMesaAyuda','sjaboss@gmail.com','TAD'),('tad.url','http://casqa.egoveris.com:8099','EE'),('tareas.busqueda.tiempo','6','GEDO'),('tiempo.recarga.rep.usu','900000','SGA'),('tipoCCOO.memo','MEMO','EE'),('tipoCCOO.nota','NOTA','EE'),('tipoDocCache.refresh.ms','900000','EE'),('tipoDocCache.refresh.ms','3000','WD'),('tipoDocumentoApoderado','COAPO','TAD'),('tituloDocumentoCaratulaVariable','Datos Adicionales para la Caratula','TAD'),('topic.id','tcp://amq.cap.gde.gob.ar:61616','RLM'),('topic.name','EE.datos.topic','RLM'),('tsa.url',' ','SISTEMA'),('url.archivo.logo','SADE','SISTEMA'),('url.filenet','http://--------------------/filenetservice/?wsdl','GEDO'),('user.citas','tad','TAD'),('usuario.envioAutomaticoGT','DOMINGUEZRE','EE'),('validarfirma.connectiontimeout','60000','SISTEMA'),('validarfirma.readtimeout','10000','SISTEMA'),('validarfirma.soap.url','http://livecycle.cap.gde.gob.ar/soap/services/ValidarFirmas','GEDO'),('validarTipoDocumento.firmaConjunta','ANDEC;ANEDE;DECRE;DECTO;PRODE','GEDO'),('webdav.connectionTimeout','15000','SISTEMA'),('webdav.defaultPassword','admin','EU'),('webdav.defaultPassword','sade','SISTEMA'),('webdav.defaultUsername','admin','EU'),('webdav.defaultUsername','sade','SISTEMA'),('webdav.documentRoot','/guarda-documental/','SISTEMA'),('webdav.hostName','egov3p1.egoveris.com','SISTEMA'),('webdav.port','80','SISTEMA'),('wsdl.agip','https://desa.agip.gob.ar/claveciudad/claveCiudadWS','TAD'),('wsdl.citas','http://desa.egoveris.com:8880/apps/api-citas-hml/ws.citas.php','TAD'),('wsdl.DC','http://desa.egoveris.com:8088/mock','TAD'),('wsdl.DC.decodingXml','UTF-8','TAD'),('wsdl.DC.encodingXml','ISO-8859-1','TAD'),('wsdl.DC.externalURL','http://desa.egoveris.com/wsDGDyPC/','TAD');

--
-- Dumping data for table `revinfo`
--


--
-- Dumping data for table `sade_administrador_sistema`
--


--
-- Dumping data for table `sade_app_alive_logger`
--
-- ORDER BY:  ID


--
-- Dumping data for table `schema_version`
--
-- ORDER BY:  installed_rank


--
-- Dumping data for table `tad_busqueda_auditoria`
--
-- ORDER BY:  ID_BUSQUEDA_AUDITORIA


--
-- Dumping data for table `tr_facturas`
--


/*!40101 SET SQL_MODE=@OLD_SQL_MODE */;
/*!40014 SET FOREIGN_KEY_CHECKS=@OLD_FOREIGN_KEY_CHECKS */;
/*!40014 SET UNIQUE_CHECKS=@OLD_UNIQUE_CHECKS */;
/*!40101 SET CHARACTER_SET_CLIENT=@OLD_CHARACTER_SET_CLIENT */;
/*!40101 SET CHARACTER_SET_RESULTS=@OLD_CHARACTER_SET_RESULTS */;
/*!40101 SET COLLATION_CONNECTION=@OLD_COLLATION_CONNECTION */;
/*!40111 SET SQL_NOTES=@OLD_SQL_NOTES */;

-- Dump completed on 2017-08-25 12:08:20
CREATE DATABASE  IF NOT EXISTS `dm_te_trade` /*!40100 DEFAULT CHARACTER SET utf8 */;
USE `dm_te_trade`;
-- MySQL dump 10.13  Distrib 5.7.17, for Win64 (x86_64)
--
-- Host: 7.212.8.103    Database: dm_te_trade
-- ------------------------------------------------------
-- Server version	5.7.17-ndb-7.5.5-cluster-gpl

/*!40101 SET @OLD_CHARACTER_SET_CLIENT=@@CHARACTER_SET_CLIENT */;
/*!40101 SET @OLD_CHARACTER_SET_RESULTS=@@CHARACTER_SET_RESULTS */;
/*!40101 SET @OLD_COLLATION_CONNECTION=@@COLLATION_CONNECTION */;
/*!40101 SET NAMES utf8 */;
/*!40014 SET @OLD_UNIQUE_CHECKS=@@UNIQUE_CHECKS, UNIQUE_CHECKS=0 */;
/*!40014 SET @OLD_FOREIGN_KEY_CHECKS=@@FOREIGN_KEY_CHECKS, FOREIGN_KEY_CHECKS=0 */;
/*!40101 SET @OLD_SQL_MODE=@@SQL_MODE, SQL_MODE='NO_AUTO_VALUE_ON_ZERO' */;
/*!40111 SET @OLD_SQL_NOTES=@@SQL_NOTES, SQL_NOTES=0 */;

--
-- Dumping data for table `actividad`
--
-- ORDER BY:  ID

INSERT INTO actividad (ID, ID_TIPO_ACTIVIDAD, ESTADO, FECHA_ALTA, FECHA_CIERRE, USUARIO_ALTA, USUARIO_CIERRE, PARENT_ID, ID_OBJETIVO) VALUES (820031,4,'CANCELADA','2017-08-01 11:02:32','2017-08-01 11:21:31','GUARDA_TEMP_TAD','ADMINEGOV',NULL,'solicitud.77720062');

--
-- Dumping data for table `actividad_param`
--
-- ORDER BY:  ID

INSERT INTO actividad_param (ID, ID_ACTIVIDAD, CAMPO, VALOR) VALUES (145,820031,'NRO_EXP','EX-2017-00000013-   -EGOV-REGCIVIL'),(146,820031,'CODIGO_TRATA','EX-2017-00000013-   -EGOV-REGCIVIL'),(147,820031,'PEDIDO_GEDO','procesoGEDO.40025'),(148,820031,'MOTIVO_TAD','Petición generación de Documento en GEDO - Numero de referencia:procesoGEDO.40025'),(149,820031,'USER_MAIL','adminegov@everis.com');

--
-- Dumping data for table `dato_variable`
--


--
-- Dumping data for table `datos_variables_combo_grupos`
--


--
-- Dumping data for table `datos_variables_combos`
--


--
-- Dumping data for table `documento`
--
-- ORDER BY:  ID

INSERT INTO documento (ID, NUMERO_SADE, NUMERO_ESPECIAL, NOMBRE_USUARIO_GENERADOR, MOTIVO, NOMBRE_ARCHIVO, NUMERO_FOLIADO, DEFINITIVO, FECHA_CREACION, FECHA_ASOCIACION, ID_TIPO_DOCUMENTO, ID_TIPO_DOCUMENTO_VINCULADO, USUARIO_ASOCIADOR, ID_TASK, ID_EXP_CABECERA_TC, TIPO_DOC_ACRONIMO, SUBSANADO, SUBSANADO_LIMITADO, USUARIO_SUBSANADOR, FECHA_SUBSANACION, ID_TRANSACCION_FC, ENTIDAD) VALUES (1075,'PV-2017-00000008-   -REGCIVIL',NULL,'JQUINTAU','Caratula','PV-2017-00000008-   -REGCIVIL.pdf',NULL,'1','2017-07-31 10:17:49','2017-07-31 10:17:50',NULL,NULL,'JQUINTAU',NULL,NULL,'CAREX',NULL,NULL,NULL,NULL,NULL,NULL),(1076,'PV-2017-00000008-   -REGCIVIL',NULL,'JQUINTAU','Caratula','PV-2017-00000008-   -REGCIVIL.pdf',NULL,'1','2017-07-31 10:17:49','2017-07-31 10:17:50',NULL,NULL,'JQUINTAU',NULL,NULL,'CAREX',NULL,NULL,NULL,NULL,NULL,NULL),(1077,'0-2017-00000006-   -REGCIVIL',NULL,'JQUINTAU','Rut','0-2017-00000006-   -REGCIVIL.pdf',NULL,'1','2017-07-31 10:17:48','2017-07-31 10:17:50',NULL,NULL,'JQUINTAU','solicitud.77720025',NULL,'RUT',NULL,NULL,NULL,NULL,NULL,'REGCIVIL'),(1078,'NO-2017-00000005-   -REGCIVIL',NULL,'JQUINTAU','Nota','NO-2017-00000005-   -REGCIVIL.pdf',NULL,'1','2017-07-31 10:17:47','2017-07-31 10:17:50',NULL,NULL,'JQUINTAU','solicitud.77720025',NULL,'NOTA',NULL,NULL,NULL,NULL,NULL,'REGCIVIL'),(1079,'PV-2017-00000009-   -REGCIVIL',NULL,'JQUINTAU','Pase','PV-2017-00000009-   -REGCIVIL.pdf',NULL,'1','2017-07-31 10:17:52','2017-07-31 10:17:52',NULL,1,'JQUINTAU','solicitud.77720025',NULL,'PV',NULL,NULL,NULL,NULL,NULL,NULL),(1080,'PV-2017-00000009-   -REGCIVIL',NULL,'JQUINTAU','Pase','PV-2017-00000009-   -REGCIVIL.pdf',NULL,'1','2017-07-31 10:17:52','2017-07-31 10:17:52',NULL,1,'JQUINTAU','solicitud.77720025',NULL,'PV',NULL,NULL,NULL,NULL,NULL,NULL),(1081,'PV-2017-00000014-   -REGCIVIL',NULL,'ADMINEGOV','Caratula','PV-2017-00000014-   -REGCIVIL.pdf',NULL,'1','2017-08-01 10:46:02','2017-08-01 10:46:03',NULL,NULL,'ADMINEGOV',NULL,NULL,'CAREX',NULL,NULL,NULL,NULL,NULL,NULL),(1082,'PV-2017-00000014-   -REGCIVIL',NULL,'ADMINEGOV','Caratula','PV-2017-00000014-   -REGCIVIL.pdf',NULL,'1','2017-08-01 10:46:02','2017-08-01 10:46:03',NULL,NULL,'ADMINEGOV',NULL,NULL,'CAREX',NULL,NULL,NULL,NULL,NULL,NULL),(1083,'PV-2017-00000015-   -REGCIVIL',NULL,'ADMINEGOV','Pase','PV-2017-00000015-   -REGCIVIL.pdf',NULL,'1','2017-08-01 10:58:20','2017-08-01 10:58:20',NULL,1,'ADMINEGOV','solicitud.77720062',NULL,'PV',NULL,NULL,NULL,NULL,NULL,NULL),(1084,'PV-2017-00000019-   -REGCIVIL',NULL,'ADMINEGOV','Pase','PV-2017-00000019-   -REGCIVIL.pdf',NULL,'1','2017-08-02 14:56:14','2017-08-02 14:56:14',NULL,1,'ADMINEGOV','solicitud.77720062',NULL,'PV',NULL,NULL,NULL,NULL,NULL,NULL),(1085,'PV-2017-00000020-   -REGCIVIL',NULL,'ADMINEGOV','Pase','PV-2017-00000020-   -REGCIVIL.pdf',NULL,'1','2017-08-02 14:57:08','2017-08-02 14:57:08',NULL,1,'ADMINEGOV','solicitud.77720062',NULL,'PV',NULL,NULL,NULL,NULL,NULL,NULL);

--
-- Dumping data for table `documento_de_identidad`
--
-- ORDER BY:  ID

INSERT INTO documento_de_identidad (ID, TIPO_DOCUMENTO, NUMERO_DOCUMENTO, TIPO_DOCUMENTO_POSIBLE) VALUES (1000,'RUT','20111111112',NULL),(1001,NULL,NULL,NULL);

--
-- Dumping data for table `ee_arch_trab_repa_part`
--


--
-- Dumping data for table `ee_arch_trabajo_visu_test`
--


--
-- Dumping data for table `ee_arch_trabajo_visualizacion`
--
-- ORDER BY:  ID


--
-- Dumping data for table `ee_archivo_de_trabajo`
--
-- ORDER BY:  ID


--
-- Dumping data for table `ee_archivo_remision`
--
-- ORDER BY:  ID


--
-- Dumping data for table `ee_aud_tarea_migracion`
--
-- ORDER BY:  ID_TAREA


--
-- Dumping data for table `ee_aud_tarea_migracion_error`
--
-- ORDER BY:  ID


--
-- Dumping data for table `ee_auditoria_de_consulta`
--
-- ORDER BY:  ID_AUDITORIA


--
-- Dumping data for table `ee_auditoria_notificacion`
--
-- ORDER BY:  ID_AUDITORIA


--
-- Dumping data for table `ee_con_suspension`
--
-- ORDER BY:  ID_EE


--
-- Dumping data for table `ee_expediente_archivostrabajo`
--
-- ORDER BY:  ID,POSICION


--
-- Dumping data for table `ee_expediente_asociado`
--
-- ORDER BY:  ID,POSICION


--
-- Dumping data for table `ee_expediente_documentos`
--

INSERT INTO ee_expediente_documentos (ID, ID_DOCUMENTO, POSICION, ID_EE_DOC) VALUES (465,1076,0,NULL),(465,1077,1,NULL),(465,1078,2,NULL),(465,1080,3,NULL),(466,1082,0,NULL),(466,1083,1,NULL);

--
-- Dumping data for table `ee_expediente_electronico`
--
-- ORDER BY:  ID

INSERT INTO ee_expediente_electronico (ID, DESCRIPCION, ID_TRATA, USUARIO_CREADOR, FECHA_CREACION, USUARIO_MODIFICACION, FECHA_MODIFICACION, TIPO_DOCUMENTO, ANIO, NUMERO, SECUENCIA, DEFINITIVO, CODIGO_REPARTICION_ACTUACION, CODIGO_REPARTICION_USUARIO, ES_ELECTRONICO, SOLICITUD_INICIADORA, ID_WORKFLOW, ESTADO, ES_CABECERA_TC, SISTEMA_CREADOR, SISTEMA_APODERADO, BLOQUEADO, TRAMITACION_LIBRE, ES_RESERVADO, USUARIO_RESERVA, FECHA_RESERVA, FECHA_ARCHIVO, FECHA_SOLICITUD_ARCHIVO, FECHA_ENVIO_DEPURACION, ID_OPERACION, RESULTADO, BLOCKED) VALUES (465,'HARD CODED DESCRIPCIÓN ADICIONAL EXPEDIENTESERVICEIMPL-VUC-',1,'JQUINTAU','2017-07-31 10:17:49','JQUINTAU','2017-07-31 10:17:52','EX',2017,7,'   ','0','EGOV','REGCIVIL','1',1014,'solicitud.77720025','Iniciacion','0','VUC','VUC',1,0,0,NULL,NULL,NULL,NULL,NULL,NULL,NULL,0),(466,'',10,'ADMINEGOV','2017-08-01 10:46:02','ADMINEGOV','2017-08-01 11:02:33','EX',2017,13,'   ','0','EGOV','REGCIVIL','1',1015,'solicitud.77720062','Tramitacion','0','EE','EE',0,0,0,NULL,NULL,NULL,NULL,NULL,NULL,'tipoResultado.1',0);

--
-- Dumping data for table `ee_reparticion_participante`
--
-- ORDER BY:  ID_REPARTICION


--
-- Dumping data for table `ee_sade_extracto`
--


--
-- Dumping data for table `ee_sistema_externo`
--
-- ORDER BY:  ID


--
-- Dumping data for table `ee_subprocess`
--
-- ORDER BY:  ID


--
-- Dumping data for table `ee_subprocess_production`
--
-- ORDER BY:  ID


--
-- Dumping data for table `ee_tarea_paralelo`
--
-- ORDER BY:  ID


--
-- Dumping data for table `ee_tipos_archivo_trabajo`
--
-- ORDER BY:  ID


--
-- Dumping data for table `ee_tramitacion_conjunta`
--
-- ORDER BY:  ID


--
-- Dumping data for table `expedienteasociado`
--
-- ORDER BY:  ID


--
-- Dumping data for table `generar_copia`
--
-- ORDER BY:  ID


--
-- Dumping data for table `historialoperacion`
--
-- ORDER BY:  ID

INSERT INTO historialoperacion (ID, TIPO_OPERACION, FECHA_OPERACION, USUARIO, EXPEDIENTE, ID_EXPEDIENTE, ID_SOLICITUD, GRUPO_SELECCIONADO, ES_SECTOR_DESTINO, USUARIO_DESTINO, ID_LIST_DESTINATARIOS, DESTINATARIO, ID_EXPEDIENTE_ELECTRONICO, REPARTICION_DESTINO, USUARIO_ANTERIOR, ESTADO_SELECCIONADO, ES_USUARIODESTINO, GRUPO_ANTERIOR, USUARIO_PRODUCTOR_INFO, ESTADO_SELECCIONADO_4M, SECTOR_DESTINO, USUARIO_ORIGEN, DESCRIPCION, SISTEMA_APODERADO, REPARTICION_USUARIO, DESTINO, MOTIVO, ESTADO_ANTERIOR, LOGGEDUSERNAME, ES_REPARTICIONDESTINO, FECHA, ESTADO, USUARIO_SELECCIONADO, TIPO_OPERACION_DETALLE, TAREA_GRUPAL, SECTOR_USUARIO_ORIGEN, RESULTADO) VALUES (1521,'SOLICITUD','2017-07-31 10:17:49','JQUINTAU',NULL,NULL,1014,NULL,NULL,NULL,NULL,NULL,NULL,NULL,NULL,NULL,NULL,NULL,NULL,NULL,NULL,NULL,NULL,NULL,NULL,NULL,NULL,NULL,NULL,NULL,NULL,NULL,NULL,NULL,NULL,NULL,NULL),(1522,'Pase','2017-07-31 10:17:50','JQUINTAU','EX20177EGOV-REGCIVIL',465,NULL,NULL,NULL,NULL,NULL,'JQUINTAU',NULL,NULL,NULL,NULL,NULL,NULL,NULL,NULL,NULL,NULL,NULL,NULL,'REGCIVIL',NULL,NULL,NULL,NULL,NULL,NULL,'Iniciar Expediente',NULL,NULL,NULL,'SOLICITUDES',NULL),(1523,'Pase','2017-07-31 10:17:52','JQUINTAU','EX20177EGOV-REGCIVIL',465,NULL,'REGCIVIL-SOLICITUDES',NULL,NULL,NULL,'REGCIVIL-SOLICITUDES',NULL,NULL,NULL,NULL,NULL,NULL,NULL,NULL,NULL,NULL,NULL,NULL,'REGCIVIL',NULL,'Motivo pase a funcionario público','Iniciacion',NULL,NULL,NULL,'Iniciacion',NULL,NULL,'esTareaGrupal','SOLICITUDES',NULL),(1524,'Pase','2017-08-01 10:46:03','ADMINEGOV','EX201713EGOV-REGCIVIL',466,NULL,NULL,NULL,NULL,NULL,'ADMINEGOV',NULL,NULL,NULL,NULL,NULL,NULL,NULL,NULL,NULL,NULL,NULL,NULL,'REGCIVIL',NULL,'Iniciar Proceso',NULL,NULL,NULL,NULL,'Iniciacion',NULL,NULL,NULL,'SOLICITUDES',NULL),(1525,'Pase','2017-08-01 10:58:20','ADMINEGOV','EX201713EGOV-REGCIVIL',466,NULL,NULL,NULL,NULL,NULL,'ADMINEGOV',NULL,NULL,NULL,NULL,NULL,NULL,NULL,NULL,NULL,NULL,NULL,NULL,'REGCIVIL',NULL,' asafefwwefewfweewewfefe efef efew fefwfew ewfewfw wewefe eww','Iniciacion','ADMINEGOV',NULL,NULL,'Tramitacion','ADMINEGOV',NULL,'noEsTareaGrupal','SOLICITUDES','Resultado1'),(1526,'Adquisicion','2017-08-01 11:00:29','ADMINEGOV','EX20177EGOV-REGCIVIL',465,NULL,NULL,NULL,NULL,NULL,'ADMINEGOV',NULL,NULL,NULL,NULL,NULL,NULL,NULL,NULL,NULL,NULL,NULL,NULL,'REGCIVIL',NULL,'Adquisicion',NULL,NULL,NULL,NULL,'Iniciacion',NULL,'Adquisicion',NULL,'SOLICITUDES',NULL);

--
-- Dumping data for table `jbpm4_deployment`
--
-- ORDER BY:  DBID_

INSERT INTO jbpm4_deployment (DBID_, NAME_, TIMESTAMP_, STATE_) VALUES (820001,NULL,0,'active'),(74070001,NULL,0,'active'),(77720007,NULL,0,'active'),(77720019,NULL,0,'active'),(77720031,NULL,0,'active'),(77720049,NULL,0,'active');

--
-- Dumping data for table `jbpm4_deployprop`
--
-- ORDER BY:  DBID_

INSERT INTO jbpm4_deployprop (DBID_, DEPLOYMENT_, OBJNAME_, KEY_, STRINGVAL_, LONGVAL_) VALUES (820003,820001,'workflow-expedienteElectronico','langid','jpdl-4.3',NULL),(820004,820001,'workflow-expedienteElectronico','pdid','solicitud-6',NULL),(820005,820001,'workflow-expedienteElectronico','pdkey','solicitud',NULL),(820006,820001,'workflow-expedienteElectronico','pdversion',NULL,6),(74070003,74070001,'workflow-expedienteElectronico','langid','jpdl-4.3',NULL),(74070004,74070001,'workflow-expedienteElectronico','pdid','solicitud-8',NULL),(74070005,74070001,'workflow-expedienteElectronico','pdkey','solicitud',NULL),(74070006,74070001,'workflow-expedienteElectronico','pdversion',NULL,8),(77720009,77720007,'workflow-Tareas1','langid','jpdl-4.4',NULL),(77720010,77720007,'workflow-Tareas1','pdid','Tareas1-1',NULL),(77720011,77720007,'workflow-Tareas1','pdkey','Tareas1',NULL),(77720012,77720007,'workflow-Tareas1','pdversion',NULL,1),(77720021,77720019,'workflow-OP2task','langid','jpdl-4.4',NULL),(77720022,77720019,'workflow-OP2task','pdid','OP2task-1',NULL),(77720023,77720019,'workflow-OP2task','pdkey','OP2task',NULL),(77720024,77720019,'workflow-OP2task','pdversion',NULL,1),(77720033,77720031,'stateflow-OP2wdstate','langid','jpdl-4.4',NULL),(77720034,77720031,'stateflow-OP2wdstate','pdid','OP2wdstate-1',NULL),(77720035,77720031,'stateflow-OP2wdstate','pdkey','OP2wdstate',NULL),(77720036,77720031,'stateflow-OP2wdstate','pdversion',NULL,1),(77720051,77720049,'stateflow-OP1wdstate','langid','jpdl-4.4',NULL),(77720052,77720049,'stateflow-OP1wdstate','pdid','OP1wdstate-1',NULL),(77720053,77720049,'stateflow-OP1wdstate','pdkey','OP1wdstate',NULL),(77720054,77720049,'stateflow-OP1wdstate','pdversion',NULL,1);

--
-- Dumping data for table `jbpm4_execution`
--
-- ORDER BY:  DBID_

INSERT INTO jbpm4_execution (DBID_, CLASS_, DBVERSION_, ACTIVITYNAME_, PROCDEFID_, HASVARS_, NAME_, KEY_, ID_, STATE_, SUSPHISTSTATE_, PRIORITY_, HISACTINST_, PARENT_, INSTANCE_, SUPEREXEC_, SUBPROCINST_, PARENT_IDX_, INITIATOR_) VALUES (77720025,'pvm',5,'Iniciacion','solicitud-8','1',NULL,NULL,'solicitud.77720025','active-root',NULL,0,NULL,NULL,77720025,NULL,NULL,NULL,NULL),(77720061,'pvm',1,'state1','OP1wdstate-1','0',NULL,NULL,'OP1wdstate.77720061','active-root',NULL,0,NULL,NULL,77720061,NULL,NULL,NULL,NULL),(77720062,'pvm',3,'Tramitacion','solicitud-8','1',NULL,NULL,'solicitud.77720062','active-root',NULL,0,NULL,NULL,77720062,NULL,NULL,NULL,NULL);

--
-- Dumping data for table `jbpm4_hist_actinst`
--
-- ORDER BY:  DBID_


--
-- Dumping data for table `jbpm4_hist_procinst`
--
-- ORDER BY:  DBID_


--
-- Dumping data for table `jbpm4_hist_task`
--
-- ORDER BY:  DBID_


--
-- Dumping data for table `jbpm4_hist_var`
--
-- ORDER BY:  DBID_


--
-- Dumping data for table `jbpm4_job`
--
-- ORDER BY:  DBID_


--
-- Dumping data for table `jbpm4_lob`
--
-- ORDER BY:  DBID_

INSERT INTO jbpm4_lob (DBID_, DBVERSION_, BLOB_VALUE_, DEPLOYMENT_, NAME_) VALUES (820002,0,0x3C3F786D6C2076657273696F6E3D22312E302220656E636F64696E673D225554462D38223F3E0A0A3C70726F63657373206B65793D22736F6C69636974756422206E616D653D22776F726B666C6F772D657870656469656E7465456C656374726F6E69636F222076657273696F6E3D22362220786D6C6E733D22687474703A2F2F6A62706D2E6F72672F342E332F6A70646C223E0A0A093C737461727420673D223135392C33352C34382C343822206E616D653D22737461727431223E0A09093C7472616E736974696F6E20673D222D36382C2D313822206E616D653D22746F206578636C7573697665312220746F3D226578636C757369766531222F3E0A093C2F73746172743E0A093C7461736B20666F726D3D22657870656469656E74652F6E7565766F457870656469656E74652E7A756C2220673D223332352C3131362C3137302C353222206E616D653D22496E696369617220457870656469656E7465223E0A09093C61737369676E6D656E742D68616E646C657220636C6173733D2261722E676F622E67636162612E65652E617369676E6163696F6E2E417369676E61725461726561222F3E0A09093C7472616E736974696F6E20673D222D3133382C2D313822206E616D653D22416E756C61722F4D6F6469666963617220536F6C6963697475642220746F3D22416E756C61722F4D6F6469666963617220536F6C696369747564222F3E0A09093C7472616E736974696F6E20673D222D31312C2D343022206E616D653D22496E6963696163696F6E2220746F3D22496E6963696163696F6E222F3E0A093C2F7461736B3E0A093C7461736B2061737369676E65653D22237B7573756172696F536F6C69636974616E74657D2220666F726D3D22736F6C6963697475642F616E756C61724D6F64696669636172536F6C6963697475642E7A756C2220673D223132382C3236342C3139362C353222206E616D653D22416E756C61722F4D6F6469666963617220536F6C696369747564223E0A09093C7472616E736974696F6E20673D222D35342C2D313822206E616D653D2263616E63656C61722220746F3D2263616E63656C31222F3E0A09093C7472616E736974696F6E20673D223336342C3233303A31302C2D3922206E616D653D22496E696369617220457870656469656E74652220746F3D22496E696369617220457870656469656E7465222F3E0A093C2F7461736B3E0A093C7461736B20202020666F726D3D22657870656469656E74652F7472616D69746163696F6E2E7A756C2220673D223630302C3336302C3131302C353222206E616D653D22496E6963696163696F6E223E0A093C61737369676E6D656E742D68616E646C657220636C6173733D2261722E676F622E67636162612E65652E617369676E6163696F6E2E417369676E61725461726561222F3E0A09093C7472616E736974696F6E20673D223630302C3336302C3131302C353222206E616D653D22496E6963696163696F6E2220746F3D22496E6963696163696F6E222F3E0A09093C7472616E736974696F6E20673D222D37332C2D313822206E616D653D225472616D69746163696F6E2220746F3D225472616D69746163696F6E222F3E0A09093C7472616E736974696F6E20673D222D35332C3222206E616D653D2253756273616E6163696F6E2220746F3D2253756273616E6163696F6E222F3E0A09093C7472616E736974696F6E20673D22313032302C3338363B313032322C3730303A2D32342C2D313722206E616D653D224775617264612054656D706F72616C2220746F3D224775617264612054656D706F72616C222F3E0A093C2F7461736B3E0A093C7461736B20666F726D3D22657870656469656E74652F7472616D69746163696F6E2E7A756C2220673D223531322C3436392C3132302C353222206E616D653D225472616D69746163696F6E223E0A09093C61737369676E6D656E742D68616E646C657220636C6173733D2261722E676F622E67636162612E65652E617369676E6163696F6E2E417369676E61725461726561222F3E0A09093C7472616E736974696F6E20673D222D37382C2D313822206E616D653D2253756273616E6163696F6E2220746F3D2253756273616E6163696F6E222F3E0A09093C7472616E736974696F6E20673D222D34342C2D313922206E616D653D22436F6D756E69636163696F6E2220746F3D22436F6D756E69636163696F6E222F3E0A09093C7472616E736974696F6E20673D222D35342C2D313822206E616D653D224775617264612054656D706F72616C2220746F3D224775617264612054656D706F72616C222F3E0A09093C7472616E736974696F6E20673D223531322C3436392C3132302C353222206E616D653D225472616D69746163696F6E2220746F3D225472616D69746163696F6E222F3E0A09093C7472616E736974696F6E20673D2237392C2D323622206E616D653D22666F726B456163682220746F3D22666F726B45616368222F3E0A093C2F7461736B3E0A093C7461736B20666F726D3D22657870656469656E74652F7472616D69746163696F6E2E7A756C2220673D223835332C3436382C3132352C353222206E616D653D2253756273616E6163696F6E223E0A09093C61737369676E6D656E742D68616E646C657220636C6173733D2261722E676F622E67636162612E65652E617369676E6163696F6E2E417369676E61725461726561222F3E0A09093C7472616E736974696F6E20673D223835332C3436382C3132352C353222206E616D653D2253756273616E6163696F6E2220746F3D2253756273616E6163696F6E222F3E0A09093C7472616E736974696F6E20673D223931372C3332323B3636342C3332323B3536392C3332333A2D37332C2D313822206E616D653D225472616D69746163696F6E2220746F3D225472616D69746163696F6E222F3E0A09093C7472616E736974696F6E20673D2237392C2D323622206E616D653D224775617264612054656D706F72616C2220746F3D224775617264612054656D706F72616C222F3E0A0A093C2F7461736B3E0A093C7461736B20666F726D3D22657870656469656E74652F7472616D69746163696F6E457370656369616C2E7A756C2220673D223237392C3338312C3132342C353222206E616D653D22436F6D756E69636163696F6E223E0A09093C61737369676E6D656E742D68616E646C657220636C6173733D2261722E676F622E67636162612E65652E617369676E6163696F6E2E417369676E61725461726561222F3E0A09093C7472616E736974696F6E20673D223237392C3338312C3132342C353222206E616D653D22436F6D756E69636163696F6E2220746F3D22436F6D756E69636163696F6E222F3E0A09093C7472616E736974696F6E20673D222D36332C2D313822206E616D653D22456A65637563696F6E2220746F3D22456A65637563696F6E222F3E0A09093C7472616E736974696F6E20673D222D35342C2D313822206E616D653D224775617264612054656D706F72616C2220746F3D224775617264612054656D706F72616C222F3E0A093C2F7461736B3E0A093C7461736B20666F726D3D22657870656469656E74652F7472616D69746163696F6E2E7A756C2220673D223233362C3637352C3132372C353222206E616D653D22456A65637563696F6E223E0A09093C61737369676E6D656E742D68616E646C657220636C6173733D2261722E676F622E67636162612E65652E617369676E6163696F6E2E417369676E61725461726561222F3E0A09093C7472616E736974696F6E20673D223233362C3637352C3132372C353222206E616D653D22456A65637563696F6E2220746F3D22456A65637563696F6E222F3E0A09093C7472616E736974696F6E20673D222D35342C2D313822206E616D653D224775617264612054656D706F72616C2220746F3D224775617264612054656D706F72616C222F3E0A09093C7472616E736974696F6E20673D2237392C2D323622206E616D653D22666F726B456163682220746F3D22666F726B45616368222F3E0A093C2F7461736B3E0A093C7461736B20666F726D3D22657870656469656E74652F7472616D69746163696F6E457370656369616C2E7A756C2220673D223433382C3637362C3133342C353222206E616D653D224775617264612054656D706F72616C223E0A09093C61737369676E6D656E742D68616E646C657220636C6173733D2261722E676F622E67636162612E65652E617369676E6163696F6E2E417369676E61725461726561222F3E0A09093C7472616E736974696F6E20673D222D34302C2D3822206E616D653D224369657272652220746F3D22656E6431222F3E0A093C2F7461736B3E0A093C656E6420673D223438302C3737322C34382C343822206E616D653D22656E6431222F3E0A093C656E642D63616E63656C20673D223131302C3435322C34382C343822206E616D653D2263616E63656C31222F3E0A093C6465636973696F6E20657870723D22237B696E6963696F7D2220673D223430332C33372C34382C343822206E616D653D226578636C757369766531223E0A09093C7472616E736974696F6E20673D222D3130342C2D313822206E616D653D22496E696369617220457870656469656E74652220746F3D22496E696369617220457870656469656E7465222F3E0A09093C7472616E736974696F6E20673D223630382C3135383A31322C3422206E616D653D224361726174756C61722220746F3D22496E6963696163696F6E222F3E0A09093C7472616E736974696F6E20673D223534382C3136333A2D37332C2D313822206E616D653D22746F205472616D69746163696F6E2220746F3D225472616D69746163696F6E222F3E0A09093C7472616E736974696F6E20673D223735392C3137323A2D36332C2D313822206E616D653D22746F20456A65637563696F6E2220746F3D22456A65637563696F6E222F3E0A093C2F6465636973696F6E3E0A0A0A093C666F726561636820696E3D22237B64657374696E6F737D22206E616D653D22666F726B4561636822207661723D22617369676E61646F223E0A09093C7472616E736974696F6E20673D222D34342C2D31382220746F3D22506172616C656C6F222F3E0A093C2F666F72656163683E0A0A093C7461736B20666F726D3D22657870656469656E74652F7472616D69746163696F6E2E7A756C2220673D2237332C3533352C39322C353222206E616D653D22506172616C656C6F223E0A09093C61737369676E6D656E742D68616E646C657220657870723D22237B7461726561506172616C656C6F7D222F3E0A09093C7472616E736974696F6E20673D222D34312C2D313822206E616D653D22746F206A6F696E5472616D69746163696F6E2220746F3D226A6F696E5472616D69746163696F6E222F3E0A09093C7472616E736974696F6E20673D2235392C3632393A2D34312C2D313822206E616D653D22746F206A6F696E456A65637563696F6E2220746F3D226A6F696E456A65637563696F6E222F3E0A093C2F7461736B3E0A0A093C6A6F696E20673D223134332C3632342C34382C343822206D756C7469706C69636974793D22237B63616E747D22206E616D653D226A6F696E5472616D69746163696F6E223E0A09093C7472616E736974696F6E20673D223330302C3538323A2D37332C2D313822206E616D653D22746F205472616D69746163696F6E2220746F3D225472616D69746163696F6E222F3E0A093C2F6A6F696E3E0A093C6A6F696E20673D2234302C3638332C34382C343822206D756C7469706C69636974793D22237B63616E747D22206E616D653D226A6F696E456A65637563696F6E223E0A09093C7472616E736974696F6E20673D223133392C3737313A2D36332C2D313822206E616D653D22746F20456A65637563696F6E2220746F3D22456A65637563696F6E222F3E0A093C2F6A6F696E3E0A0A093C6D6967726174652D696E7374616E6365732076657273696F6E733D222A223E0A093C2F6D6967726174652D696E7374616E6365733E0A090A0A3C2F70726F636573733E,820001,'workflow.jpdl.xml'),(74070002,0,0x3C3F786D6C2076657273696F6E3D22312E302220656E636F64696E673D225554462D38223F3E0A0A3C70726F63657373206B65793D22736F6C69636974756422206E616D653D22776F726B666C6F772D657870656469656E7465456C656374726F6E69636F222076657273696F6E3D22382220786D6C6E733D22687474703A2F2F6A62706D2E6F72672F342E332F6A70646C223E0A0A093C737461727420673D223135392C33352C34382C343822206E616D653D22737461727431223E0A09093C7472616E736974696F6E20673D222D36382C2D313822206E616D653D22746F206578636C7573697665312220746F3D226578636C757369766531222F3E0A093C2F73746172743E0A093C7461736B20666F726D3D22657870656469656E74652F6E7565766F457870656469656E74652E7A756C2220673D223332352C3131362C3137302C353222206E616D653D22496E696369617220457870656469656E7465223E0A09093C61737369676E6D656E742D68616E646C657220636C6173733D22636F6D2E65676F76657269732E74652E626173652E736572766963652E417369676E61725461726561222F3E0A09093C7472616E736974696F6E20673D222D3133382C2D313822206E616D653D22416E756C61722F4D6F6469666963617220536F6C6963697475642220746F3D22416E756C61722F4D6F6469666963617220536F6C696369747564222F3E0A09093C7472616E736974696F6E20673D222D31312C2D343022206E616D653D22496E6963696163696F6E2220746F3D22496E6963696163696F6E222F3E0A093C2F7461736B3E0A093C7461736B2061737369676E65653D22237B7573756172696F536F6C69636974616E74657D2220666F726D3D22736F6C6963697475642F616E756C61724D6F64696669636172536F6C6963697475642E7A756C2220673D223132382C3236342C3139362C353222206E616D653D22416E756C61722F4D6F6469666963617220536F6C696369747564223E0A09093C7472616E736974696F6E20673D222D35342C2D313822206E616D653D2263616E63656C61722220746F3D2263616E63656C31222F3E0A09093C7472616E736974696F6E20673D223336342C3233303A31302C2D3922206E616D653D22496E696369617220457870656469656E74652220746F3D22496E696369617220457870656469656E7465222F3E0A093C2F7461736B3E0A093C7461736B20202020666F726D3D22657870656469656E74652F7472616D69746163696F6E2E7A756C2220673D223630302C3336302C3131302C353222206E616D653D22496E6963696163696F6E223E0A093C61737369676E6D656E742D68616E646C657220636C6173733D22636F6D2E65676F76657269732E74652E626173652E736572766963652E417369676E61725461726561222F3E0A09093C7472616E736974696F6E20673D223630302C3336302C3131302C353222206E616D653D22496E6963696163696F6E2220746F3D22496E6963696163696F6E222F3E0A09093C7472616E736974696F6E20673D222D37332C2D313822206E616D653D225472616D69746163696F6E2220746F3D225472616D69746163696F6E222F3E0A09093C7472616E736974696F6E20673D222D35332C3222206E616D653D2253756273616E6163696F6E2220746F3D2253756273616E6163696F6E222F3E0A09093C7472616E736974696F6E20673D22313032302C3338363B313032322C3730303A2D32342C2D313722206E616D653D224775617264612054656D706F72616C2220746F3D224775617264612054656D706F72616C222F3E0A093C2F7461736B3E0A093C7461736B20666F726D3D22657870656469656E74652F7472616D69746163696F6E2E7A756C2220673D223531322C3436392C3132302C353222206E616D653D225472616D69746163696F6E223E0A09093C61737369676E6D656E742D68616E646C657220636C6173733D22636F6D2E65676F76657269732E74652E626173652E736572766963652E417369676E61725461726561222F3E0A09093C7472616E736974696F6E20673D222D37382C2D313822206E616D653D2253756273616E6163696F6E2220746F3D2253756273616E6163696F6E222F3E0A09093C7472616E736974696F6E20673D222D34342C2D313922206E616D653D22436F6D756E69636163696F6E2220746F3D22436F6D756E69636163696F6E222F3E0A09093C7472616E736974696F6E20673D222D35342C2D313822206E616D653D224775617264612054656D706F72616C2220746F3D224775617264612054656D706F72616C222F3E0A09093C7472616E736974696F6E20673D223531322C3436392C3132302C353222206E616D653D225472616D69746163696F6E2220746F3D225472616D69746163696F6E222F3E0A09093C7472616E736974696F6E20673D2237392C2D323622206E616D653D22666F726B456163682220746F3D22666F726B45616368222F3E0A093C2F7461736B3E0A093C7461736B20666F726D3D22657870656469656E74652F7472616D69746163696F6E2E7A756C2220673D223835332C3436382C3132352C353222206E616D653D2253756273616E6163696F6E223E0A09093C61737369676E6D656E742D68616E646C657220636C6173733D22636F6D2E65676F76657269732E74652E626173652E736572766963652E417369676E61725461726561222F3E0A09093C7472616E736974696F6E20673D223835332C3436382C3132352C353222206E616D653D2253756273616E6163696F6E2220746F3D2253756273616E6163696F6E222F3E0A09093C7472616E736974696F6E20673D223931372C3332323B3636342C3332323B3536392C3332333A2D37332C2D313822206E616D653D225472616D69746163696F6E2220746F3D225472616D69746163696F6E222F3E0A09093C7472616E736974696F6E20673D2237392C2D323622206E616D653D224775617264612054656D706F72616C2220746F3D224775617264612054656D706F72616C222F3E0A09093C7472616E736974696F6E206E616D653D22456A65637563696F6E2220746F3D22456A65637563696F6E222F3E0A093C2F7461736B3E0A093C7461736B20666F726D3D22657870656469656E74652F7472616D69746163696F6E457370656369616C2E7A756C2220673D223237392C3338312C3132342C353222206E616D653D22436F6D756E69636163696F6E223E0A09093C61737369676E6D656E742D68616E646C657220636C6173733D22636F6D2E65676F76657269732E74652E626173652E736572766963652E417369676E61725461726561222F3E0A09093C7472616E736974696F6E20673D223237392C3338312C3132342C353222206E616D653D22436F6D756E69636163696F6E2220746F3D22436F6D756E69636163696F6E222F3E0A09093C7472616E736974696F6E20673D222D36332C2D313822206E616D653D22456A65637563696F6E2220746F3D22456A65637563696F6E222F3E0A09093C7472616E736974696F6E20673D222D35342C2D313822206E616D653D224775617264612054656D706F72616C2220746F3D224775617264612054656D706F72616C222F3E0A093C2F7461736B3E0A093C7461736B20666F726D3D22657870656469656E74652F7472616D69746163696F6E2E7A756C2220673D223233362C3637352C3132372C353222206E616D653D22456A65637563696F6E223E0A09093C61737369676E6D656E742D68616E646C657220636C6173733D22636F6D2E65676F76657269732E74652E626173652E736572766963652E417369676E61725461726561222F3E0A09093C7472616E736974696F6E20673D223233362C3637352C3132372C353222206E616D653D22456A65637563696F6E2220746F3D22456A65637563696F6E222F3E0A09093C7472616E736974696F6E20673D222D35342C2D313822206E616D653D224775617264612054656D706F72616C2220746F3D224775617264612054656D706F72616C222F3E0A09093C7472616E736974696F6E206E616D653D2253756273616E6163696F6E2220746F3D2253756273616E6163696F6E222F3E0A09093C7472616E736974696F6E20673D2237392C2D323622206E616D653D22666F726B456163682220746F3D22666F726B45616368222F3E0A093C2F7461736B3E0A093C7461736B20666F726D3D22657870656469656E74652F7472616D69746163696F6E457370656369616C2E7A756C2220673D223433382C3637362C3133342C353222206E616D653D224775617264612054656D706F72616C223E0A09093C61737369676E6D656E742D68616E646C657220636C6173733D22636F6D2E65676F76657269732E74652E626173652E736572766963652E417369676E61725461726561222F3E0A09093C7472616E736974696F6E20673D222D34302C2D3822206E616D653D224369657272652220746F3D22656E6431222F3E0A093C2F7461736B3E0A093C656E6420673D223438302C3737322C34382C343822206E616D653D22656E6431222F3E0A093C656E642D63616E63656C20673D223131302C3435322C34382C343822206E616D653D2263616E63656C31222F3E0A093C6465636973696F6E20657870723D22237B696E6963696F7D2220673D223430332C33372C34382C343822206E616D653D226578636C757369766531223E0A09093C7472616E736974696F6E20673D222D3130342C2D313822206E616D653D22496E696369617220457870656469656E74652220746F3D22496E696369617220457870656469656E7465222F3E0A09093C7472616E736974696F6E20673D223630382C3135383A31322C3422206E616D653D224361726174756C61722220746F3D22496E6963696163696F6E222F3E0A09093C7472616E736974696F6E20673D223534382C3136333A2D37332C2D313822206E616D653D22746F205472616D69746163696F6E2220746F3D225472616D69746163696F6E222F3E0A09093C7472616E736974696F6E20673D223735392C3137323A2D36332C2D313822206E616D653D22746F20456A65637563696F6E2220746F3D22456A65637563696F6E222F3E0A093C2F6465636973696F6E3E0A0A0A093C666F726561636820696E3D22237B64657374696E6F737D22206E616D653D22666F726B4561636822207661723D22617369676E61646F223E0A09093C7472616E736974696F6E20673D222D34342C2D31382220746F3D22506172616C656C6F222F3E0A093C2F666F72656163683E0A0A093C7461736B20666F726D3D22657870656469656E74652F7472616D69746163696F6E2E7A756C2220673D2237332C3533352C39322C353222206E616D653D22506172616C656C6F223E0A09093C61737369676E6D656E742D68616E646C657220657870723D22237B7461726561506172616C656C6F7D222F3E0A09093C7472616E736974696F6E20673D222D34312C2D313822206E616D653D22746F206A6F696E5472616D69746163696F6E2220746F3D226A6F696E5472616D69746163696F6E222F3E0A09093C7472616E736974696F6E20673D2235392C3632393A2D34312C2D313822206E616D653D22746F206A6F696E456A65637563696F6E2220746F3D226A6F696E456A65637563696F6E222F3E0A093C2F7461736B3E0A0A093C6A6F696E20673D223134332C3632342C34382C343822206D756C7469706C69636974793D22237B63616E747D22206E616D653D226A6F696E5472616D69746163696F6E223E0A09093C7472616E736974696F6E20673D223330302C3538323A2D37332C2D313822206E616D653D22746F205472616D69746163696F6E2220746F3D225472616D69746163696F6E222F3E0A093C2F6A6F696E3E0A093C6A6F696E20673D2234302C3638332C34382C343822206D756C7469706C69636974793D22237B63616E747D22206E616D653D226A6F696E456A65637563696F6E223E0A09093C7472616E736974696F6E20673D223133392C3737313A2D36332C2D313822206E616D653D22746F20456A65637563696F6E2220746F3D22456A65637563696F6E222F3E0A093C2F6A6F696E3E0A0A093C6D6967726174652D696E7374616E6365732076657273696F6E733D222A223E0A093C2F6D6967726174652D696E7374616E6365733E0A090A0A3C2F70726F636573733E,74070001,'tramitacion.jpdl.xml'),(77720008,0,0x3C3F786D6C2076657273696F6E3D22312E302220656E636F64696E673D225554462D38223F3E0A0A3C212D2D0A09576F726B666C6F773A20546172656173310A094175746F723A2041444D494E45474F560A094465736372697063696F6E3A0A09090A2D2D3E0A3C70726F63657373206B65793D225461726561733122206E616D653D22776F726B666C6F772D54617265617331222076657273696F6E3D22312220786D6C6E733D22687474703A2F2F6A62706D2E6F72672F342E342F6A70646C223E0A093C737461727420673D223431342C3136322C3135302C353122206E616D653D22496E6963696F223E0A09093C7472616E736974696F6E20673D2222206E616D653D2245737461646F312220746F3D2245737461646F31222F3E0A093C2F73746172743E0A0A09093C7461736B20666F726D3D22657870656469656E74652F7472616D69746163696F6E2E7A756C2220673D223435332C38302C3135302C353122206E616D653D2245737461646F31223E0A0909093C61737369676E6D656E742D68616E646C657220636C6173733D22636F6D2E65676F76657269732E74652E636F72652E6170692E65652E617369676E6163696F6E2E417369676E61725461726561222F3E0A0909093C7472616E736974696F6E20673D2222206E616D653D2245737461646F322220746F3D2245737461646F32222F3E0A0909093C7472616E736974696F6E20673D2222206E616D653D2253756273616E6163696F6E2220746F3D2253756273616E6163696F6E222F3E0A09093C2F7461736B3E0A09093C7461736B20666F726D3D22657870656469656E74652F7472616D69746163696F6E2E7A756C2220673D223338382C38302C3135302C353122206E616D653D2245737461646F32223E0A0909093C61737369676E6D656E742D68616E646C657220636C6173733D22636F6D2E65676F76657269732E74652E636F72652E6170692E65652E617369676E6163696F6E2E417369676E61725461726561222F3E0A0909093C7472616E736974696F6E20673D2222206E616D653D2245737461646F312220746F3D2245737461646F31222F3E0A0909093C7472616E736974696F6E20673D2222206E616D653D224775617264612054656D706F72616C2220746F3D224775617264612054656D706F72616C222F3E0A0909093C7472616E736974696F6E20673D2222206E616D653D2253756273616E6163696F6E2220746F3D2253756273616E6163696F6E222F3E0A09093C2F7461736B3E0A09093C7461736B20666F726D3D22657870656469656E74652F7472616D69746163696F6E2E7A756C2220673D223634302C3133382C3135302C353122206E616D653D224775617264612054656D706F72616C223E0A0909093C61737369676E6D656E742D68616E646C657220636C6173733D22636F6D2E65676F76657269732E74652E636F72652E6170692E65652E617369676E6163696F6E2E417369676E61725461726561222F3E0A0909093C7472616E736974696F6E20673D2222206E616D653D224369657272652220746F3D22436965727265222F3E0A09093C2F7461736B3E0A0A093C7461736B20666F726D3D22657870656469656E74652F7472616D69746163696F6E2E7A756C2220673D2236362C33392C39322C353222206E616D653D2253756273616E6163696F6E223E0A09093C61737369676E6D656E742D68616E646C657220636C6173733D22636F6D2E65676F76657269732E74652E636F72652E6170692E65652E617369676E6163696F6E2E417369676E61725461726561222F3E0A09093C7472616E736974696F6E206E616D653D2253756273616E6163696F6E2220746F3D2253756273616E6163696F6E222F3E0A09093C7472616E736974696F6E20206E616D653D2245737461646F312220746F3D2245737461646F31222F3E0A09093C7472616E736974696F6E20206E616D653D2245737461646F322220746F3D2245737461646F32222F3E0A09093C7472616E736974696F6E20206E616D653D224775617264612054656D706F72616C2220746F3D224775617264612054656D706F72616C222F3E0A093C2F7461736B3E0A0A090A0A093C656E6420673D223834322C3133382C3135302C353122206E616D653D22436965727265222F3E0A0A093C6D6967726174652D696E7374616E6365732076657273696F6E733D222A223E0A093C2F6D6967726174652D696E7374616E6365733E0A3C2F70726F636573733E0A,77720007,'jar:file:/opt/versions/PluginManagerQAEgoveris/ee/SNAPSHOT_deploy_1.0.5/Tareas1.jar!/resources/Tareas1.jpdl.xml'),(77720020,0,0x3C3F786D6C2076657273696F6E3D22312E302220656E636F64696E673D225554462D38223F3E0A0A3C212D2D0A09576F726B666C6F773A204F50327461736B0A094175746F723A2041444D494E45474F560A094465736372697063696F6E3A0A0909446573637269706369EFBFBD6E2057442D7461736B0A2D2D3E0A3C70726F63657373206B65793D224F50327461736B22206E616D653D22776F726B666C6F772D4F50327461736B222076657273696F6E3D22312220786D6C6E733D22687474703A2F2F6A62706D2E6F72672F342E342F6A70646C223E0A093C737461727420673D2237302C322C3135302C353122206E616D653D22496E6963696F223E0A09093C7472616E736974696F6E20673D2222206E616D653D227461736B312220746F3D227461736B31222F3E0A093C2F73746172743E0A0A09093C7461736B20666F726D3D22657870656469656E74652F7472616D69746163696F6E2E7A756C2220673D223234372C37302C3135302C353122206E616D653D227461736B31223E0A0909093C61737369676E6D656E742D68616E646C657220636C6173733D22636F6D2E65676F76657269732E74652E636F72652E6170692E65652E617369676E6163696F6E2E417369676E61725461726561222F3E0A0909093C7472616E736974696F6E20673D2222206E616D653D227461736B322220746F3D227461736B32222F3E0A0909093C7472616E736974696F6E20673D2222206E616D653D2253756273616E6163696F6E2220746F3D2253756273616E6163696F6E222F3E0A09093C2F7461736B3E0A09093C7461736B20666F726D3D22657870656469656E74652F7472616D69746163696F6E2E7A756C2220673D223438332C37342C3135302C353122206E616D653D227461736B32223E0A0909093C61737369676E6D656E742D68616E646C657220636C6173733D22636F6D2E65676F76657269732E74652E636F72652E6170692E65652E617369676E6163696F6E2E417369676E61725461726561222F3E0A0909093C7472616E736974696F6E20673D2222206E616D653D227461736B312220746F3D227461736B31222F3E0A0909093C7472616E736974696F6E20673D2222206E616D653D224775617264612054656D706F72616C2220746F3D224775617264612054656D706F72616C222F3E0A0909093C7472616E736974696F6E20673D2222206E616D653D2253756273616E6163696F6E2220746F3D2253756273616E6163696F6E222F3E0A09093C2F7461736B3E0A09093C7461736B20666F726D3D22657870656469656E74652F7472616D69746163696F6E2E7A756C2220673D223730372C38322C3135302C353122206E616D653D224775617264612054656D706F72616C223E0A0909093C61737369676E6D656E742D68616E646C657220636C6173733D22636F6D2E65676F76657269732E74652E636F72652E6170692E65652E617369676E6163696F6E2E417369676E61725461726561222F3E0A0909093C7472616E736974696F6E20673D2222206E616D653D224369657272652220746F3D22436965727265222F3E0A09093C2F7461736B3E0A0A093C7461736B20666F726D3D22657870656469656E74652F7472616D69746163696F6E2E7A756C2220673D2236362C33392C39322C353222206E616D653D2253756273616E6163696F6E223E0A09093C61737369676E6D656E742D68616E646C657220636C6173733D22636F6D2E65676F76657269732E74652E636F72652E6170692E65652E617369676E6163696F6E2E417369676E61725461726561222F3E0A09093C7472616E736974696F6E206E616D653D2253756273616E6163696F6E2220746F3D2253756273616E6163696F6E222F3E0A09093C7472616E736974696F6E20206E616D653D227461736B312220746F3D227461736B31222F3E0A09093C7472616E736974696F6E20206E616D653D227461736B322220746F3D227461736B32222F3E0A09093C7472616E736974696F6E20206E616D653D224775617264612054656D706F72616C2220746F3D224775617264612054656D706F72616C222F3E0A093C2F7461736B3E0A0A090A0A093C656E6420673D223839312C31362C3135302C353122206E616D653D22436965727265222F3E0A0A093C6D6967726174652D696E7374616E6365732076657273696F6E733D222A223E0A093C2F6D6967726174652D696E7374616E6365733E0A3C2F70726F636573733E0A,77720019,'jar:file:/opt/versions/PluginManagerQAEgoveris/ee/SNAPSHOT_deploy_1.0.6/OP2task.jar!/resources/OP2task.jpdl.xml'),(77720032,0,0x3C3F786D6C2076657273696F6E3D22312E302220656E636F64696E673D225554462D38223F3E0A3C212D2D0A09576F726B666C6F773A204F5032776473746174650A094175746F723A2041444D494E45474F560A094465736372697063696F6E3A0A0909446573637269706369C3B36E2077642073746174650A2D2D3E0A3C70726F63657373206B65793D224F50327764737461746522206E616D653D227374617465666C6F772D4F503277647374617465222076657273696F6E3D22312220786D6C6E733D22687474703A2F2F6A62706D2E6F72672F342E342F6A70646C223E0A093C737461727420673D223139302C33362C3135302C353122206E616D653D22496E6963696F223E0A09093C7472616E736974696F6E20673D2222206E616D653D227374617465312220746F3D22737461746531222F3E0A093C2F73746172743E0A09093C7374617465206E616D653D22737461746531223E0A090909093C7472616E736974696F6E20673D2222206E616D653D22737461746532202D2070726F62616E646F206C6172676F20646520746578746F2220746F3D22737461746532202D2070726F62616E646F206C6172676F20646520746578746F222F3E0A092020093C2F73746174653E0A09093C7374617465206E616D653D22737461746532202D2070726F62616E646F206C6172676F20646520746578746F223E0A090909093C7472616E736974696F6E20673D2222206E616D653D227374617465312220746F3D22737461746531222F3E0A090909093C7472616E736974696F6E20673D2222206E616D653D227374617465332220746F3D22737461746533222F3E0A092020093C2F73746174653E0A09093C7374617465206E616D653D22737461746533223E0A090909093C7472616E736974696F6E20673D2222206E616D653D22737461746532202D2070726F62616E646F206C6172676F20646520746578746F2220746F3D22737461746532202D2070726F62616E646F206C6172676F20646520746578746F222F3E0A090909093C7472616E736974696F6E20673D2222206E616D653D224369657272652220746F3D22436965727265222F3E0A092020093C2F73746174653E0A0A093C656E6420673D223737312C3737302C3135302C353122206E616D653D22436965727265222F3E0A093C6D6967726174652D696E7374616E6365732076657273696F6E733D222A223E0A093C2F6D6967726174652D696E7374616E6365733E0A3C2F70726F636573733E0A,77720031,'jar:file:/opt/versions/PluginManagerQAEgoveris/ee/SNAPSHOT_deploy_1.0.7/OP2wdstate.jar!/resources/OP2wdstate.jpdl.xml'),(77720050,0,0x3C3F786D6C2076657273696F6E3D22312E302220656E636F64696E673D225554462D38223F3E0A3C212D2D0A09576F726B666C6F773A204F5031776473746174650A094175746F723A2041444D494E45474F560A094465736372697063696F6E3A0A09094C6F72656D20697073756D20646F6C6F722073697420616D65742C20636F6E73656374657475722061646970697363696E6720656C69742E204D6F7262692072686F6E63757320656C656D656E74756D20706F7274612E2041656E65616E20696420636F6D6D6F646F2073617069656E2C206575206C6F626F72746973207475727069732E2041656E65616E2067726176696461206C65637475732072697375732C20696E206D6F6C6C6973206175677565207361676974746973206C75637475732E204E756C6C6120666163696C6973692E204E756C6C616D206E65632070656C6C656E746573717565206D692E2050656C6C656E74657371756520636F0A2D2D3E0A3C70726F63657373206B65793D224F50317764737461746522206E616D653D227374617465666C6F772D4F503177647374617465222076657273696F6E3D22312220786D6C6E733D22687474703A2F2F6A62706D2E6F72672F342E342F6A70646C223E0A093C737461727420673D223336382C352C3135302C353122206E616D653D22496E6963696F223E0A09093C7472616E736974696F6E20673D2222206E616D653D227374617465312220746F3D22737461746531222F3E0A093C2F73746172743E0A09093C7374617465206E616D653D22737461746531223E0A090909093C7472616E736974696F6E20673D2222206E616D653D227374617465342220746F3D22737461746534222F3E0A092020093C2F73746174653E0A09093C7374617465206E616D653D22737461746532223E0A090909093C7472616E736974696F6E20673D2222206E616D653D227374617465342220746F3D22737461746534222F3E0A090909093C7472616E736974696F6E20673D2222206E616D653D227374617465332220746F3D22737461746533222F3E0A092020093C2F73746174653E0A09093C7374617465206E616D653D22737461746533223E0A090909093C7472616E736974696F6E20673D2222206E616D653D227374617465322220746F3D22737461746532222F3E0A090909093C7472616E736974696F6E20673D2222206E616D653D224369657272652220746F3D22436965727265222F3E0A092020093C2F73746174653E0A09093C7374617465206E616D653D22737461746534223E0A090909093C7472616E736974696F6E20673D2222206E616D653D227374617465312220746F3D22737461746531222F3E0A090909093C7472616E736974696F6E20673D2222206E616D653D227374617465322220746F3D22737461746532222F3E0A092020093C2F73746174653E0A0A093C656E6420673D223336382C3538302C3135302C353122206E616D653D22436965727265222F3E0A093C6D6967726174652D696E7374616E6365732076657273696F6E733D222A223E0A093C2F6D6967726174652D696E7374616E6365733E0A3C2F70726F636573733E0A,77720049,'jar:file:/opt/versions/PluginManagerQAEgoveris/ee/SNAPSHOT_deploy_1.0.2/OP1wdstate.jar!/resources/OP1wdstate.jpdl.xml');

--
-- Dumping data for table `jbpm4_participation`
--
-- ORDER BY:  DBID_

INSERT INTO jbpm4_participation (DBID_, DBVERSION_, GROUPID_, USERID_, TYPE_, TASK_, SWIMLANE_) VALUES (77720048,0,'REGCIVIL-SOLICITUDES',NULL,'candidate',77720046,NULL);

--
-- Dumping data for table `jbpm4_property`
--
-- ORDER BY:  KEY_

INSERT INTO jbpm4_property (KEY_, VERSION_, VALUE_) VALUES ('next.dbid',7773,'77730001');

--
-- Dumping data for table `jbpm4_swimlane`
--
-- ORDER BY:  DBID_


--
-- Dumping data for table `jbpm4_task`
--
-- ORDER BY:  DBID_

INSERT INTO jbpm4_task (DBID_, CLASS_, DBVERSION_, NAME_, DESCR_, STATE_, SUSPHISTSTATE_, ASSIGNEE_, FORM_, PRIORITY_, CREATE_, DUEDATE_, PROGRESS_, SIGNALLING_, EXECUTION_ID_, ACTIVITY_NAME_, HASVARS_, SUPERTASK_, EXECUTION_, PROCINST_, SWIMLANE_, TASKDEFNAME_) VALUES (77720046,'T',3,'Iniciacion',NULL,'open',NULL,'ADMINEGOV','expediente/tramitacion.zul',0,'2017-07-31 10:17:52',NULL,NULL,0x01,'solicitud.77720025','Iniciacion',0x00,NULL,77720025,77720025,NULL,'Iniciacion'),(77720081,'T',1,'Tramitacion',NULL,'open',NULL,'ADMINEGOV','expediente/tramitacion.zul',0,'2017-08-01 10:58:20',NULL,NULL,0x01,'solicitud.77720062','Tramitacion',0x00,NULL,77720062,77720062,NULL,'Tramitacion');

--
-- Dumping data for table `jbpm4_variable`
--
-- ORDER BY:  DBID_

INSERT INTO jbpm4_variable (DBID_, CLASS_, DBVERSION_, KEY_, CONVERTER_, HIST_, EXECUTION_, TASK_, LOB_, DATE_VALUE_, DOUBLE_VALUE_, CLASSNAME_, LONG_VALUE_, STRING_VALUE_, TEXT_VALUE_, EXESYS_) VALUES (77720026,'string',0,'estado',NULL,'0',77720025,NULL,NULL,NULL,NULL,NULL,NULL,'Iniciacion',NULL,NULL),(77720027,'string',1,'tareaGrupal',NULL,'0',77720025,NULL,NULL,NULL,NULL,NULL,NULL,'esTareaGrupal',NULL,NULL),(77720028,'string',0,'usuarioAnterior',NULL,'0',77720025,NULL,NULL,NULL,NULL,NULL,NULL,'JQUINTAU',NULL,NULL),(77720029,'string',0,'inicio',NULL,'0',77720025,NULL,NULL,NULL,NULL,NULL,NULL,'Caratular',NULL,NULL),(77720030,'string',1,'usuarioSeleccionado',NULL,'0',77720025,NULL,NULL,NULL,NULL,NULL,NULL,NULL,NULL,NULL),(77720031,'string',0,'usuarioCandidato',NULL,'0',77720025,NULL,NULL,NULL,NULL,NULL,NULL,'JQUINTAU',NULL,NULL),(77720033,'string',0,'descripcion',NULL,'0',77720025,NULL,NULL,NULL,NULL,NULL,NULL,'HARD CODED DESCRIPCIÓN ADICIONAL EXPEDIENTESERVICEIMPL-VUC-',NULL,NULL),(77720034,'string',0,'tipoDocumento',NULL,'0',77720025,NULL,NULL,NULL,NULL,NULL,NULL,'EX',NULL,NULL),(77720035,'string',0,'codigoExpediente',NULL,'0',77720025,NULL,NULL,NULL,NULL,NULL,NULL,'EX-2017-00000007-   -EGOV-REGCIVIL',NULL,NULL),(77720037,'string',0,'codigoTrata',NULL,'0',77720025,NULL,NULL,NULL,NULL,NULL,NULL,'cod-ejrs',NULL,NULL),(77720038,'long',0,'idSolicitud',NULL,'0',77720025,NULL,NULL,NULL,NULL,NULL,1014,NULL,NULL,NULL),(77720040,'string',0,'motivo',NULL,'0',77720025,NULL,NULL,NULL,NULL,NULL,NULL,'Motivo pase a funcionario público',NULL,NULL),(77720041,'string',0,'utlimaModificacion','date-str','0',77720025,NULL,NULL,NULL,NULL,NULL,NULL,'2017-07-31 10:17:52,204',NULL,NULL),(77720042,'string',0,'estadoAnteriorParalelo',NULL,'0',77720025,NULL,NULL,NULL,NULL,NULL,NULL,NULL,NULL,NULL),(77720043,'long',0,'idExpedienteElectronico','int-long','0',77720025,NULL,NULL,NULL,NULL,NULL,465,NULL,NULL,NULL),(77720044,'string',0,'grupoSeleccionado',NULL,'0',77720025,NULL,NULL,NULL,NULL,NULL,NULL,'REGCIVIL-SOLICITUDES',NULL,NULL),(77720045,'string',0,'estadoAnterior',NULL,'0',77720025,NULL,NULL,NULL,NULL,NULL,NULL,'Iniciacion',NULL,NULL),(77720063,'string',0,'descripcion',NULL,'0',77720062,NULL,NULL,NULL,NULL,NULL,NULL,'',NULL,NULL),(77720064,'string',1,'motivo',NULL,'0',77720062,NULL,NULL,NULL,NULL,NULL,NULL,' asafefwwefewfweewewfefe efef efew fefwfew ewfewfw wewefe eww',NULL,NULL),(77720065,'string',0,'estado',NULL,'0',77720062,NULL,NULL,NULL,NULL,NULL,NULL,'Iniciacion',NULL,NULL),(77720066,'string',0,'codigoExpediente',NULL,'0',77720062,NULL,NULL,NULL,NULL,NULL,NULL,'EX-2017-00000013-   -EGOV-REGCIVIL',NULL,NULL),(77720067,'long',0,'idExpedienteElectronico',NULL,'0',77720062,NULL,NULL,NULL,NULL,NULL,466,NULL,NULL,NULL),(77720068,'string',0,'tareaGrupal',NULL,'0',77720062,NULL,NULL,NULL,NULL,NULL,NULL,'noEsTareaGrupal',NULL,NULL),(77720069,'string',0,'codigoTrata',NULL,'0',77720062,NULL,NULL,NULL,NULL,NULL,NULL,'OP1_tramite',NULL,NULL),(77720070,'string',0,'usuarioAnterior',NULL,'0',77720062,NULL,NULL,NULL,NULL,NULL,NULL,'ADMINEGOV',NULL,NULL),(77720071,'string',0,'usuarioSeleccionado',NULL,'0',77720062,NULL,NULL,NULL,NULL,NULL,NULL,'ADMINEGOV',NULL,NULL),(77720072,'string',0,'inicio',NULL,'0',77720062,NULL,NULL,NULL,NULL,NULL,NULL,'Caratular',NULL,NULL),(77720073,'long',0,'idSolicitud',NULL,'0',77720062,NULL,NULL,NULL,NULL,NULL,1015,NULL,NULL,NULL),(77720074,'string',0,'usuarioCandidato',NULL,'0',77720062,NULL,NULL,NULL,NULL,NULL,NULL,'ADMINEGOV',NULL,NULL),(77720076,'string',0,'utlimaModificacion','date-str','0',77720062,NULL,NULL,NULL,NULL,NULL,NULL,'2017-08-01 10:58:20,012',NULL,NULL),(77720077,'string',0,'resultValue',NULL,'0',77720062,NULL,NULL,NULL,NULL,NULL,NULL,'tipoResultado.1',NULL,NULL),(77720078,'string',0,'grupoSeleccionado',NULL,'0',77720062,NULL,NULL,NULL,NULL,NULL,NULL,NULL,NULL,NULL),(77720079,'string',0,'destinatario',NULL,'0',77720062,NULL,NULL,NULL,NULL,NULL,NULL,NULL,NULL,NULL),(77720080,'string',0,'resultLabel',NULL,'0',77720062,NULL,NULL,NULL,NULL,NULL,NULL,'Resultado1',NULL,NULL),(77720082,'string',0,'estadoAnterior',NULL,'0',77720062,NULL,NULL,NULL,NULL,NULL,NULL,'Tramitacion',NULL,NULL);

--
-- Dumping data for table `jbpm_task_temp`
--


--
-- Dumping data for table `metadatos_trata`
--
-- ORDER BY:  ID_EXPEDIENTE,ORDEN


--
-- Dumping data for table `migr_datatype_transform_map`
--
-- ORDER BY:  ID


--
-- Dumping data for table `migr_datatype_transform_rule`
--
-- ORDER BY:  ID


--
-- Dumping data for table `migr_generation_order`
--
-- ORDER BY:  ID


--
-- Dumping data for table `migrlog`
--
-- ORDER BY:  ID


--
-- Dumping data for table `property_configuration`
--
-- ORDER BY:  CLAVE,CONFIGURACION

INSERT INTO property_configuration (CLAVE, VALOR, CONFIGURACION) VALUES ('acronimoPaseEE','PV','SISTEMA'),('app.deo.url','http://egovapp.egoveris.com:9001/deo-web','SISTEMA'),('app.deploy.departamento',' ','SISTEMA'),('app.deploy.localidad',' ','SISTEMA'),('app.deploy.provincia',' ','SISTEMA'),('app.ecosistema','   ','SISTEMA'),('app.ee.url','http://egovapp.egoveris.com:9002/te-web','SISTEMA'),('app.eu.mail.password',' ','SISTEMA'),('app.eu.mail.user',' ','SISTEMA'),('app.eu.url','http://egovapp.egoveris.com:9002/edt-web','SISTEMA'),('app.ffdd.url','http://egovapp.egoveris.com:9001/ffdd-web','SISTEMA'),('app.fuse.demo.url','rmi://7.212.8.112:1499/sendDemo','SISTEMA'),('app.fuse.endpoint.url','http://7.212.8.212:9600/message/send','SISTEMA'),('app.fuse.wsdl.request','http://7.212.8.112:9090/ws/FuseDemoService?wsdl','SISTEMA'),('app.numerador.url','http://egovapp.egoveris.com:9001/numerador-web','SISTEMA'),('app.sistema.gestor.documental','WEBDAV','SISTEMA'),('app.track.url','aaaa','SISTEMA'),('app.url','http://egovapp.egoveris.com:9002/te-web','EE'),('app.url','http://egovapp.egoveris.com:9002/te-web','SISTEMA'),('app.vuc.url','http://egovapp.egoveris.com:9003/vuc-front-web','SISTEMA'),('arch.url','http://arch-test.gcaba.everis.int/archivo-web','SISTEMA'),('batch.archivoDefinitivo.reintentos','5','SISTEMA'),('batch.day.regExpression','0 0 12 1 1 ? 2018','SISTEMA'),('batch.day.regExpression.EnvioGT','0 0/5 * 1/1 * ? 2018','SISTEMA'),('batch.day.regExpression.Migracion','0 0/5 * 1/1 * ? 2018','SISTEMA'),('batch.day.regExpression.quartzEnvioDocDepuracion','0 0/5 * 1/1 * ? 2018','SISTEMA'),('batch.dep.solicitud.elim.Expression','0 2 * 1/1 * ? 2018','SISTEMA'),('batch.dep.solicitud.envio.Expression','0 2 * 1/1 * ? 2018','SISTEMA'),('batch.depuracion.asignacion.dias.vencimiento','15','SISTEMA'),('batch.depurar.asignacion.cantidadDeEjecuciones','2128','SISTEMA'),('batch.inboxGrupal.asig.regExpression','0 0 12 1 1 ? 2018','SISTEMA'),('batch.inboxGrupal.cantidadDiasVencimiento','7','SISTEMA'),('batch.server.migracion','gedo-test-ws1.gcaba.everis.int','SISTEMA'),('batch.server.name.running','gedo-test-ws1.gcaba.everis.int??','SISTEMA'),('cantMeses.envioAutomaticoGT','6','SISTEMA'),('cas.url','https://egov3p1.egoveris.com:9073','SISTEMA'),('cas.urlLogOutCAS','https://egov3p1.egoveris.com:9073/cas/logout','SISTEMA'),('dyn','',''),('dynform.url','http://egovapp.egoveris.com:9001/ffdd-web','SISTEMA'),('ee.acronimo.notificacion','NOTVU','SISTEMA'),('ee.bac.tratasHabilitadas','GENE0301A,GENE0302A,GENE0303A,GENE0303B,GENE0307A,GENE0308A,GENE2601A','SISTEMA'),('ee.batch.day.regExpression.quartzActividad','0 0/5 * 1/1 * ? 2018','SISTEMA'),('ee.batch.migracion.sistemasNoValidos','LOyS,PSOC','SISTEMA'),('ee.batch.regExpression.archivoDefinitivo','40 0/1 * 1/1 * ? 2018','SISTEMA'),('ee.cargos.archivodefinitivo','Jefe de gobierno,Vicejefe de gobierno,Secretario,Subsecretario,Jefe de gabinete de ministros,Director general','SISTEMA'),('ee.consulta.bd','false','SISTEMA'),('ee.cronCargaFeriados','0 0 0 * * ?','EE'),('ee.cronCargaFeriados','0 0 0 * * ?','SISTEMA'),('ee.envioCorreoActivo','false','EE'),('ee.gedoUrl','http://egovapp.egoveris.com:9001/deo-web','SISTEMA'),('ee.jms.servidor','tcp://7.217.8.23:61616','SISTEMA'),('ee.mail.subsanacion.documentos','dpadua@everis.com','SISTEMA'),('ee.plugin','file:///opt/versions/PluginManagerQAEgoveris/ee','SISTEMA'),('ee.plugin_webdav','PluginManager/ee/deployegov','SISTEMA'),('ee.reparticion.GT','MGEYA','SISTEMA'),('ee.reparticion.tiempo','900000','EE'),('ee.reparticion.tiempo','30000','EE.AL'),('ee.reparticion.tiempo','900000','SISTEMA'),('ee.reparticionesValidas','MGEYA','SISTEMA'),('ee.script.subprocessGeneric','var mensaje=function(e){throw new Error(\"MSG: \"+e)},cerrarVentana=function(e){esWS()||state.closeWindow(e)},mensajeOK=function(e){esWS()?print(e):state.newMessageOK(e)},mensajeERROR=function(e){esWS()?print(e):state.newErrorMessage(e)},sistemaCreador=function(){return ee.getSistemaCreador()},sistemaApoderado=function(){return ee.getSistemaApoderado()},esWS=function(){return\"undefined\"!=typeof __isWebService__},invokeRemoteService=function(e,t,n){remoteRestService.invokeRemoteService(e,t,ee,idTransactionFFCC,nameFFCC,n)},blockExpedient=function(){remoteRestService.blockExpedient(ee)},validateStructure=function(e){return remoteRestService.validateStructureForm(e,Form)},initSubProcess=function(e){return remoteRestService.initSubprocess(ee,e)};','SISTEMA'),('ee.sectorinterno.tiempo','900000','EE'),('ee.sectorinterno.tiempo','900000','SISTEMA'),('ee.sistemasArchivadores','ARCH,LOyS','SISTEMA'),('ee.sistemasExternos','BAC,SGI-PG,TTRE,SGAI,LEY257,matriz de riesgo,SAPCRM,SGIPG,SGI,SIGAF_WEB,Policia Metropolitana GAP','SISTEMA'),('ee.sistValidosDeConsultaBuzon','TAD,ARCH,EE','SISTEMA'),('ee.smtp.from','comunicaciones_oficiales@buenosaires.gob.ar','SISTEMA'),('ee.smtp.host','7.214.105.112','SISTEMA'),('ee.smtp.port','1250','SISTEMA'),('ee.smtp.username','egoveris','SISTEMA'),('ee.tipoDocCCOO.tomaVista','SS81','SISTEMA'),('ee.TomaVistaAceptacion.Acronimo','IFTVA','SISTEMA'),('ee.TomaVistaRechazo.Acronimo','IFTVR','SISTEMA'),('ee.TomaVistaSinSuspension.Acronimo','COTVI','SISTEMA'),('ee.trata.tiempo','300000','EE'),('ee.trata.tiempo','300000','EEE'),('ee.trata.tiempo','300000','SISTEMA'),('ee.tratasDeRemision','SADE8,GENE1507A,AGC00503A','SISTEMA'),('ee.trataTomaVista','ACER00004','SISTEMA'),('ee.url','http://egovapp.egoveris.com:9002/te-web','SISTEMA'),('ee.user.tomaVista','GCABADGM','SISTEMA'),('ee.usuario.tiempo','18000000','EE'),('ee.usuario.tiempo','18000000','SISTEMA'),('eu.url','http://egovapp.egoveris.com:9002/edt-web','SISTEMA'),('EUServicioURL','http://egovapp.egoveris.com:9002/edt-web','SISTEMA'),('fileNet.nombre.modulo','EE','SISTEMA'),('flag.crear.tramite','1','SISTEMA'),('gedo.url','http://egovapp.egoveris.com:9001/deo-web','SISTEMA'),('GENERAR_DOC_PASE','1','SISTEMA'),('jms.nombre','prueba','SISTEMA'),('jms.timeOut','30000','SISTEMA'),('jms.url','tcp://7.217.8.23:61616','SISTEMA'),('karin.password','<<passwd>>a8naX+PA5LC3zhWVBZGUCfCBrtsTa8/00WvIg5aHZG4=','KARIN'),('ldap.admin.password','password','SISTEMA'),('ldap.admin.user','cn=Manager,DC=egoveris,DC=com','SISTEMA'),('ldap.base','DC=egoveris,DC=com','SISTEMA'),('ldap.ou','funcionarios','SISTEMA'),('ldap.ou.base','ou=funcionarios','SISTEMA'),('ldap.url','ldap://egov3p1.egoveris.com:389','SISTEMA'),('livecycle.password','password','SISTEMA'),('livecycle.url.service','http://livecycle.egoveris.com:8080','SISTEMA'),('livecycle.username','administrator','SISTEMA'),('lue.url','http://rib-test.gcaba.everis.int/le-web','SISTEMA'),('migracion.modulo','EE','SISTEMA'),('migracion.tarea.cronExp','0-59 1-59 * * * ?','SISTEMA'),('migracion.tarea.cronExp2','0-59 1-59 * * * ?','SISTEMA'),('migracion.usuariosTareas','*','SISTEMA'),('mule.url','http://desa.egoveris.com:8099','SISTEMA'),('nic.HostName','testepp-www.nic.ar','SISTEMA'),('nic.HostPort','700','SISTEMA'),('nic.KeyStoreFileLocation','/opt/versions/epp/nicArTrustCert.jks','SISTEMA'),('nic.KeyStorePassword','changeit','SISTEMA'),('nic.PassWord','TestEveris123','SISTEMA'),('nic.UserName','Everis','SISTEMA'),('nombre.ecosistema','GDE','SISTEMA'),('nombre.entorno','ee','SISTEMA'),('nombre.host.migracion','gedo-test-ws1.gcaba.everis.int','SISTEMA'),('reparticion.actuacion','EGOV','SISTEMA'),('repository.connectionTimeout','15000','SISTEMA'),('repository.defaultPassword','admin','SISTEMA'),('repository.defaultUsername','admin','SISTEMA'),('repository.documentRoot','/guarda-documental','SISTEMA'),('repository.hostname','egov3p1.egoveris.com','SISTEMA'),('repository.port','80','SISTEMA'),('sade.satra.url','http://afjg-ee-test.gcaba.everis.int','SISTEMA'),('security.usuarios.refrescoMinutos','5','SISTEMA'),('siga.satra.url','http://afjg-ee-test.gcaba.everis.int','SISTEMA'),('solr.ee.maxConnPerHost','1000','EE'),('solr.ee.maxConnPerHost','1000','SISTEMA'),('solr.ee.maxtotalConn','1000','EE'),('solr.ee.maxtotalConn','1000','SISTEMA'),('solr.ee.timeout','1000','EE'),('solr.ee.timeout','1000','SISTEMA'),('solr.ee.url','http://egov3p1.egoveris.com:8092/bweb-solr/core-ee','SISTEMA'),('solr.eeCoreName','core-ee','SISTEMA'),('solr.usr.url','http://egov3p1.egoveris.com:8092/bweb-solr/coreUSUARIOS','RLM'),('solr.usr.url','http://egov3p1.egoveris.com:8092/bweb-solr/coreUSUARIOS','SISTEMA'),('solrServerTrack.activarIndexacion','false','SISTEMA'),('solrServerTrack.connectionTimeout','6000','SISTEMA'),('solrServerTrack.maxConnectionsPerHost','100','SISTEMA'),('solrServerTrack.maxTotalConnections','100','SISTEMA'),('solrServerTrack.url','http://egov3p1.egoveris.com:8092/bweb-solr/core-track','SISTEMA'),('tad.url','http://egov3p1.egoveris.com:8099','SISTEMA'),('tipoCCOO.memo','MEMO','SISTEMA'),('tipoCCOO.nota','NOTA','SISTEMA'),('tipoDocCache.refresh.ms','30000','EE'),('tipoDocCache.refresh.ms','30000','SISTEMA'),('tipoResultado.1','Resultado1','SISTEMA'),('tipoResultado.2','Resultado2','SISTEMA'),('tipoResultado.3','Resultado3','SISTEMA'),('tipoResultado.4','Resultado4','SISTEMA'),('usuario.envioAutomaticoGT','DOMINGUEZRE','SISTEMA');

--
-- Dumping data for table `sade_extracto`
--
-- ORDER BY:  ID_EXTRACTO


--
-- Dumping data for table `solicitante`
--
-- ORDER BY:  ID_SOLICITANTE

INSERT INTO solicitante (ID_SOLICITANTE, ID_DOCUMENTO, EMAIL, TELEFONO, NOMBRE_SOLICITANTE, APELLIDO_SOLICITANTE, RAZON_SOCIAL_SOLICITANTE, SEGUNDO_APELLIDO_SOLICITANTE, TERCER_APELLIDO_SOLICITANTE, SEGUNDO_NOMBRE_SOLICITANTE, TERCER_NOMBRE_SOLICITANTE, CUIT_CUIL, DOMICILIO, PISO, DEPARTAMENTO, CODIGO_POSTAL, BARRIO, COMUNA, ALTURA, PROVINCIA, LOCALIDAD, OBSERVACIONES, DPTO) VALUES (989,1000,'demo@everis.com','555123123','Pedro','Gonzalez',NULL,'Mendieta',NULL,NULL,NULL,'20111111112','LIBERTAD - 0',NULL,NULL,'1234',NULL,NULL,NULL,NULL,NULL,NULL,NULL),(990,1001,NULL,NULL,NULL,NULL,NULL,NULL,NULL,NULL,NULL,NULL,NULL,NULL,NULL,NULL,NULL,NULL,NULL,NULL,NULL,NULL,NULL);

--
-- Dumping data for table `solicitud_expediente`
--
-- ORDER BY:  ID

INSERT INTO solicitud_expediente (ID, MOTIVO, MOTIVO_DE_RECHAZO, SOLICITUD_INTERNA, SOLICITANTE, USUARIO_CREACION, FECHA_CREACION, ID_TRATA_SUGERIDA, MOTIVO_EXTERNO) VALUES (1014,NULL,NULL,'0',989,'JQUINTAU','2017-07-31 10:17:49',NULL,NULL),(1015,'Iniciar Proceso','','0',990,'ADMINEGOV','2017-08-01 10:46:02',10,NULL);

--
-- Dumping data for table `tad_documento`
--


--
-- Dumping data for table `tad_expediente_documento`
--


--
-- Dumping data for table `tad_persona`
--


--
-- Dumping data for table `tad_terminos_condiciones`
--


--
-- Dumping data for table `tad_tipo_tramite`
--


--
-- Dumping data for table `te_expediente_formulario`
--
-- ORDER BY:  ID_DF_TRANSACTION

INSERT INTO te_expediente_formulario (ID_DF_TRANSACTION, ID_EE_EXPEDIENT, ID_DEF_FORM, DATE_CREATION, USER_CREATION, FORM_NAME, OBSERVATION, ORGANISM, ISDEFINITIVE) VALUES (908,466,202735,'2017-08-01 10:56:36','ADMINEGOV','Op1_form',NULL,'REGCIVIL',1),(909,436,909,'2017-08-02 13:58:27','','OP2_form',NULL,'',0),(911,466,202741,'2017-08-02 14:46:50','ADMINEGOV','OP2_form',NULL,'REGCIVIL',1);

--
-- Dumping data for table `te_log_esb`
--
-- ORDER BY:  ID


--
-- Dumping data for table `te_operacion`
--
-- ORDER BY:  ID,TIPO_OPERACION_ID,EXECUTION_DBID_

INSERT INTO te_operacion (ID, FECHA_INICIO, FECHA_FIN, NUM_OFICIAL, ESTADO_BLOQ, TIPO_OPERACION_ID, EXECUTION_DBID_, ESTADO_OPERACION, ID_SECTOR_INTERNO, VERSION_PROCEDURE, USUARIO_CREADOR, ID_REPARTICION) VALUES (435,'2017-08-01 10:06:23',NULL,'OP-EX-20170801-77720061','Total',97,'OP1wdstate.77720061','state1',1,NULL,NULL,NULL),(436,'2017-08-02 13:58:00','2017-08-02 14:00:38','OP-EX-20170802-77720049','Ninguno',98,'OP2wdstate.77720049','Cierre',1,NULL,NULL,NULL),(437,'2017-08-02 14:52:24',NULL,NULL,'',97,'0','',1,NULL,NULL,NULL);

--
-- Dumping data for table `te_operacion_doc`
--
-- ORDER BY:  ID_OPERACION,ID_GEDO_TIPODOCUMENTO

INSERT INTO te_operacion_doc (ID_OPERACION, ID_GEDO_TIPODOCUMENTO, NUMERO_DOCUMENTO, NOMBRE_ARCHIVO) VALUES (435,11,'0-2017-00000012-   -REGCIVIL','tallerintroductoriodropboxrevabril2012-120510111630-phpapp01.pdf');

--
-- Dumping data for table `te_operacion_ee`
--

INSERT INTO te_operacion_ee (ID_OPERACION, ID_SUBPROCESO, ID_EXPEDIENTE_ELECTRONICO) VALUES (435,2568,466);

--
-- Dumping data for table `te_project`
--
-- ORDER BY:  NAME

INSERT INTO te_project (NAME, AUTHOR, DESCRIPTION, VERSION, JSON_MODEL, TYPE_WORKFLOW, VERSION_PROCEDURE) VALUES ('OP1_wd-state','ADMINEGOV','Lorem ipsum dolor sit amet, consectetur adipiscing elit. Morbi rhoncus elementum porta. Aenean id commodo sapien, eu lobortis turpis. Aenean gravida lectus risus, in mollis augue sagittis luctus. Nulla facilisi. Nullam nec pellentesque mi. Pellentesque co',1,0x7B226964223A302C226E616D65223A224F50315F77642D7374617465222C22617574686F72223A2241444D494E45474F56222C226465736372697074696F6E223A224C6F72656D20697073756D20646F6C6F722073697420616D65742C20636F6E73656374657475722061646970697363696E6720656C69742E204D6F7262692072686F6E63757320656C656D656E74756D20706F7274612E2041656E65616E20696420636F6D6D6F646F2073617069656E2C206575206C6F626F72746973207475727069732E2041656E65616E2067726176696461206C65637475732072697375732C20696E206D6F6C6C6973206175677565207361676974746973206C75637475732E204E756C6C6120666163696C6973692E204E756C6C616D206E65632070656C6C656E746573717565206D692E2050656C6C656E74657371756520636F222C2276657273696F6E223A312C226A736F6E4D6F64656C223A227B5C2263656C6C735C223A5B7B5C22747970655C223A5C226673612E537461727453746174655C222C5C2273697A655C223A7B5C2277696474685C223A32302C5C226865696768745C223A32307D2C5C22706F736974696F6E5C223A7B5C22785C223A3336382C5C22795C223A2D32377D2C5C22616E676C655C223A302C5C226E616D655C223A5C22496E6963696F5C222C5C226D61726B75705C223A5C225C753030336367206F6E6D6F7573656F7665725C75303033645C5C5C22746869732E7374796C652E637572736F725C75303033645C7530303237706F696E7465725C75303032375C5C5C22207374796C655C75303033645C5C5C22637572736F723A20706F696E7465723B5C5C5C225C75303033655C5C6E5C5C745C5C745C5C745C5C745C5C745C5C745C5C745C5C745C5C745C5C745C5C745C5C745C5C745C5C745C5C745C7530303363636972636C652066696C6C5C75303033645C5C5C22233030303030305C5C5C22207374726F6B655C75303033645C5C5C22233030303030305C5C5C22207374726F6B652D77696474685C75303033645C5C5C22305C5C5C22207374726F6B652D6C696E656A6F696E5C75303033645C5C5C226E756C6C5C5C5C22207374726F6B652D6C696E656361705C75303033645C5C5C226E756C6C5C5C5C222063785C75303033645C5C5C2236382E35383837375C5C5C222063795C75303033645C5C5C2237322E38373235335C5C5C2220725C75303033645C5C5C2231302E34303937365C5C5C222069645C75303033645C5C5C227376675F34345C5C5C225C75303033655C75303033632F636972636C655C75303033655C5C6E5C5C745C5C745C5C745C5C745C5C745C5C745C5C745C5C745C5C745C5C745C5C745C5C745C5C745C5C745C5C745C7530303363746578742069645C75303033645C5C5C227376675F34325C5C5C222066696C6C5C75303033645C5C5C22233030303030305C5C5C22207374726F6B655C75303033645C5C5C22233030303030305C5C5C22207374726F6B652D77696474685C75303033645C5C5C22305C5C5C22207374726F6B652D6C696E656A6F696E5C75303033645C5C5C226E756C6C5C5C5C22207374726F6B652D6C696E656361705C75303033645C5C5C226E756C6C5C5C5C2220785C75303033645C5C5C2236392E35383034325C5C5C2220795C75303033645C5C5C2239352E34333339395C5C5C2220666F6E742D73697A655C75303033645C5C5C2231325C5C5C2220666F6E742D66616D696C795C75303033645C5C5C2273657269665C5C5C2220746578742D616E63686F725C75303033645C5C5C226D6964646C655C5C5C222073706163655C75303033645C5C5C2270726573657276655C5C5C2220666F6E742D7765696768745C75303033645C5C5C22626F6C645C5C5C225C7530303365496E6963696F5C75303033632F746578745C75303033655C5C6E5C5C745C5C745C5C745C5C745C5C745C5C745C5C745C5C745C5C745C5C745C5C745C5C745C5C745C5C745C75303033632F675C75303033655C222C5C226D6F6469666961626C655C223A66616C73652C5C2269645C223A5C2234366432303030332D616333352D343834362D393766642D3962376438383365326465665C222C5C227A5C223A302C5C2261747472735C223A7B7D7D2C7B5C22747970655C223A5C226673612E456E6453746174655C222C5C22706F736974696F6E5C223A7B5C22785C223A3336382C5C22795C223A3239307D2C5C2273697A655C223A7B5C2277696474685C223A312C5C226865696768745C223A317D2C5C22616E676C655C223A302C5C226E616D655C223A5C224369657272655C222C5C226D61726B75705C223A5C225C753030336367206F6E6D6F7573656F7665725C75303033645C5C5C22746869732E7374796C652E637572736F725C75303033645C7530303237706F696E7465725C75303032375C5C5C22207374796C655C75303033645C5C5C22637572736F723A20706F696E7465723B5C5C5C225C75303033655C5C6E5C5C745C5C745C5C745C5C745C5C745C5C745C5C745C5C745C5C745C5C745C5C745C5C745C5C745C5C745C5C745C7530303363636972636C652066696C6C5C75303033645C5C5C22233030303030305C5C5C22207374726F6B655C75303033645C5C5C22233030303030305C5C5C22207374726F6B652D77696474685C75303033645C5C5C22305C5C5C22207374726F6B652D6C696E656A6F696E5C75303033645C5C5C226E756C6C5C5C5C22207374726F6B652D6C696E656361705C75303033645C5C5C226E756C6C5C5C5C222063785C75303033645C5C5C2236382E39383739375C5C5C222063795C75303033645C5C5C2236362E303836315C5C5C2220725C75303033645C5C5C2231302E34303937365C5C5C222069645C75303033645C5C5C227376675F34345C5C5C225C75303033655C75303033632F636972636C655C75303033655C5C6E5C5C745C5C745C5C745C5C745C5C745C5C745C5C745C5C745C5C745C5C745C5C745C5C745C5C745C5C745C5C745C7530303363636972636C652069645C75303033645C5C5C227376675F34365C5C5C2220725C75303033645C5C5C2231332E343938325C5C5C222063795C75303033645C5C5C2236362E32363734375C5C5C222063785C75303033645C5C5C2236392E31363136385C5C5C22207374726F6B655C75303033645C5C5C22233030303030305C5C5C222066696C6C5C75303033645C5C5C226E6F6E655C5C5C225C75303033655C75303033632F636972636C655C75303033655C5C6E5C5C745C5C745C5C745C5C745C5C745C5C745C5C745C5C745C5C745C5C745C5C745C5C745C5C745C5C745C5C745C75303033637465787420666F6E742D7765696768745C75303033645C5C5C22626F6C645C5C5C222073706163655C75303033645C5C5C2270726573657276655C5C5C2220746578742D616E63686F725C75303033645C5C5C226D6964646C655C5C5C2220666F6E742D66616D696C795C75303033645C5C5C2273657269665C5C5C2220666F6E742D73697A655C75303033645C5C5C2231325C5C5C2220795C75303033645C5C5C2239322E32343033385C5C5C2220785C75303033645C5C5C2236392E31383132325C5C5C22207374726F6B652D6C696E656361705C75303033645C5C5C226E756C6C5C5C5C22207374726F6B652D6C696E656A6F696E5C75303033645C5C5C226E756C6C5C5C5C22207374726F6B652D77696474685C75303033645C5C5C22305C5C5C22207374726F6B655C75303033645C5C5C22233030303030305C5C5C222066696C6C5C75303033645C5C5C22233030303030305C5C5C222069645C75303033645C5C5C227376675F34325C5C5C225C75303033654369657272655C75303033632F746578745C75303033655C5C6E5C5C745C5C745C5C745C5C745C5C745C5C745C5C745C5C745C5C745C5C745C5C745C5C745C5C745C5C745C75303033632F675C75303033655C222C5C226D6F6469666961626C655C223A66616C73652C5C2269645C223A5C2236623263386633662D363531392D346466342D396364382D3333343833396365313636645C222C5C227A5C223A312C5C2261747472735C223A7B7D7D2C7B5C22747970655C223A5C226673612E53746174655C222C5C2273697A655C223A7B5C2277696474685C223A36302C5C226865696768745C223A36307D2C5C22706F736974696F6E5C223A7B5C22785C223A3230322C5C22795C223A39337D2C5C22616E676C655C223A302C5C226D61726B75705C223A5C225C75303033636720636C6173735C75303033645C5C5C22726F74617461626C655C5C5C225C75303033655C7530303363636972636C652066696C6C5C75303033645C5C5C22236666666661615C5C5C22207374726F6B655C75303033645C5C5C22233030303030305C5C5C22207374726F6B652D77696474685C75303033645C5C5C22335C5C5C222063785C75303033645C5C5C2233372E355C5C5C222063795C75303033645C5C5C2233392E355C5C5C2220725C75303033645C5C5C2232372E323033365C5C5C22202F5C75303033655C7530303363746578742066696C6C5C75303033645C5C5C22233030303030305C5C5C22207374726F6B655C75303033645C5C5C22233030303030305C5C5C22207374726F6B652D77696474685C75303033645C5C5C22305C5C5C22207374726F6B652D6C696E656A6F696E5C75303033645C5C5C226E756C6C5C5C5C22207374726F6B652D6C696E656361705C75303033645C5C5C226E756C6C5C5C5C2220785C75303033645C5C5C2233362E355C5C5C2220666F6E742D73697A655C75303033645C5C5C2231325C5C5C2220666F6E742D66616D696C795C75303033645C5C5C2273657269665C5C5C2220746578742D616E63686F725C75303033645C5C5C226D6964646C655C5C5C2220786D6C3A73706163655C75303033645C5C5C2270726573657276655C5C5C2220666F6E742D7765696768745C75303033645C5C5C22626F6C645C5C5C225C75303033655C75303033632F746578745C75303033655C75303033632F675C75303033655C222C5C226E616D655C223A5C227374617465315C222C5C226D6F6469666961626C655C223A747275652C5C2269645C223A5C2237633664623864352D323133632D346462622D613164302D6364643739353335386266385C222C5C227A5C223A322C5C2261747472735C223A7B5C22746578745C223A7B5C22746578745C223A5C227374617465315C222C5C227265665C223A5C22636972636C655C222C5C227265662D795C223A32382C5C22792D616C69676E6D656E745C223A5C226D6964646C655C227D7D7D2C7B5C22747970655C223A5C226673612E53746174655C222C5C2273697A655C223A7B5C2277696474685C223A36302C5C226865696768745C223A36307D2C5C22706F736974696F6E5C223A7B5C22785C223A3630352C5C22795C223A39357D2C5C22616E676C655C223A302C5C226D61726B75705C223A5C225C75303033636720636C6173735C75303033645C5C5C22726F74617461626C655C5C5C225C75303033655C7530303363636972636C652066696C6C5C75303033645C5C5C22236666666661615C5C5C22207374726F6B655C75303033645C5C5C22233030303030305C5C5C22207374726F6B652D77696474685C75303033645C5C5C22335C5C5C222063785C75303033645C5C5C2233372E355C5C5C222063795C75303033645C5C5C2233392E355C5C5C2220725C75303033645C5C5C2232372E323033365C5C5C22202F5C75303033655C7530303363746578742066696C6C5C75303033645C5C5C22233030303030305C5C5C22207374726F6B655C75303033645C5C5C22233030303030305C5C5C22207374726F6B652D77696474685C75303033645C5C5C22305C5C5C22207374726F6B652D6C696E656A6F696E5C75303033645C5C5C226E756C6C5C5C5C22207374726F6B652D6C696E656361705C75303033645C5C5C226E756C6C5C5C5C2220785C75303033645C5C5C2233362E355C5C5C2220666F6E742D73697A655C75303033645C5C5C2231325C5C5C2220666F6E742D66616D696C795C75303033645C5C5C2273657269665C5C5C2220746578742D616E63686F725C75303033645C5C5C226D6964646C655C5C5C2220786D6C3A73706163655C75303033645C5C5C2270726573657276655C5C5C2220666F6E742D7765696768745C75303033645C5C5C22626F6C645C5C5C225C75303033655C75303033632F746578745C75303033655C75303033632F675C75303033655C222C5C226E616D655C223A5C227374617465325C222C5C226D6F6469666961626C655C223A747275652C5C2269645C223A5C2236353833303832632D353639362D343566662D396634302D3062613561626335616331355C222C5C227A5C223A332C5C2261747472735C223A7B5C22746578745C223A7B5C22746578745C223A5C227374617465325C222C5C227265665C223A5C22636972636C655C222C5C227265662D795C223A32382C5C22792D616C69676E6D656E745C223A5C226D6964646C655C227D7D7D2C7B5C22747970655C223A5C226673612E53746174655C222C5C2273697A655C223A7B5C2277696474685C223A36302C5C226865696768745C223A36307D2C5C22706F736974696F6E5C223A7B5C22785C223A3230352C5C22795C223A3232357D2C5C22616E676C655C223A302C5C226D61726B75705C223A5C225C75303033636720636C6173735C75303033645C5C5C22726F74617461626C655C5C5C225C75303033655C7530303363636972636C652066696C6C5C75303033645C5C5C22236666666661615C5C5C22207374726F6B655C75303033645C5C5C22233030303030305C5C5C22207374726F6B652D77696474685C75303033645C5C5C22335C5C5C222063785C75303033645C5C5C2233372E355C5C5C222063795C75303033645C5C5C2233392E355C5C5C2220725C75303033645C5C5C2232372E323033365C5C5C22202F5C75303033655C7530303363746578742066696C6C5C75303033645C5C5C22233030303030305C5C5C22207374726F6B655C75303033645C5C5C22233030303030305C5C5C22207374726F6B652D77696474685C75303033645C5C5C22305C5C5C22207374726F6B652D6C696E656A6F696E5C75303033645C5C5C226E756C6C5C5C5C22207374726F6B652D6C696E656361705C75303033645C5C5C226E756C6C5C5C5C2220785C75303033645C5C5C2233362E355C5C5C2220666F6E742D73697A655C75303033645C5C5C2231325C5C5C2220666F6E742D66616D696C795C75303033645C5C5C2273657269665C5C5C2220746578742D616E63686F725C75303033645C5C5C226D6964646C655C5C5C2220786D6C3A73706163655C75303033645C5C5C2270726573657276655C5C5C2220666F6E742D7765696768745C75303033645C5C5C22626F6C645C5C5C225C75303033655C75303033632F746578745C75303033655C75303033632F675C75303033655C222C5C226E616D655C223A5C227374617465335C222C5C226D6F6469666961626C655C223A747275652C5C2269645C223A5C2263363638623534642D346561382D346461362D393433362D3461646131373132376265365C222C5C227A5C223A342C5C2261747472735C223A7B5C22746578745C223A7B5C22746578745C223A5C227374617465335C222C5C227265665C223A5C22636972636C655C222C5C227265662D795C223A32382C5C22792D616C69676E6D656E745C223A5C226D6964646C655C227D7D7D2C7B5C22747970655C223A5C226673612E53746174655C222C5C2273697A655C223A7B5C2277696474685C223A36302C5C226865696768745C223A36307D2C5C22706F736974696F6E5C223A7B5C22785C223A3631302C5C22795C223A3232307D2C5C22616E676C655C223A302C5C226D61726B75705C223A5C225C75303033636720636C6173735C75303033645C5C5C22726F74617461626C655C5C5C225C75303033655C7530303363636972636C652066696C6C5C75303033645C5C5C22236666666661615C5C5C22207374726F6B655C75303033645C5C5C22233030303030305C5C5C22207374726F6B652D77696474685C75303033645C5C5C22335C5C5C222063785C75303033645C5C5C2233372E355C5C5C222063795C75303033645C5C5C2233392E355C5C5C2220725C75303033645C5C5C2232372E323033365C5C5C22202F5C75303033655C7530303363746578742066696C6C5C75303033645C5C5C22233030303030305C5C5C22207374726F6B655C75303033645C5C5C22233030303030305C5C5C22207374726F6B652D77696474685C75303033645C5C5C22305C5C5C22207374726F6B652D6C696E656A6F696E5C75303033645C5C5C226E756C6C5C5C5C22207374726F6B652D6C696E656361705C75303033645C5C5C226E756C6C5C5C5C2220785C75303033645C5C5C2233362E355C5C5C2220666F6E742D73697A655C75303033645C5C5C2231325C5C5C2220666F6E742D66616D696C795C75303033645C5C5C2273657269665C5C5C2220746578742D616E63686F725C75303033645C5C5C226D6964646C655C5C5C2220786D6C3A73706163655C75303033645C5C5C2270726573657276655C5C5C2220666F6E742D7765696768745C75303033645C5C5C22626F6C645C5C5C225C75303033655C75303033632F746578745C75303033655C75303033632F675C75303033655C222C5C226E616D655C223A5C227374617465345C222C5C226D6F6469666961626C655C223A747275652C5C2269645C223A5C2265656364363536632D383835612D346663362D613365342D6465663230363038316437385C222C5C227A5C223A352C5C2261747472735C223A7B5C22746578745C223A7B5C22746578745C223A5C227374617465345C222C5C227265665C223A5C22636972636C655C222C5C227265662D795C223A32382C5C22792D616C69676E6D656E745C223A5C226D6964646C655C227D7D7D2C7B5C22747970655C223A5C226C696E6B5C222C5C2269645C223A5C2263623262386632632D373461362D346538322D613766352D6434613438623630333761655C222C5C22656D626564735C223A5C225C222C5C22736F757263655C223A7B5C2269645C223A5C2234366432303030332D616333352D343834362D393766642D3962376438383365326465665C227D2C5C227461726765745C223A7B5C2269645C223A5C2237633664623864352D323133632D346462622D613164302D6364643739353335386266385C227D2C5C227A5C223A362C5C2261747472735C223A7B5C222E636F6E6E656374696F6E5C223A7B5C227374726F6B655C223A5C22626C61636B5C227D2C5C222E6D61726B65722D736F757263655C223A7B5C22645C223A5C224D2031302030204C20302035204C203130203130207A5C222C5C227472616E73666F726D5C223A5C227363616C6528302E303031295C227D2C5C222E6D61726B65722D7461726765745C223A7B5C22645C223A5C224D2031302030204C20302035204C203130203130207A5C227D7D7D2C7B5C22747970655C223A5C226C696E6B5C222C5C2269645C223A5C2236643535313438652D383130302D346538302D626130372D6163303030346431333362625C222C5C22656D626564735C223A5C225C222C5C22736F757263655C223A7B5C2269645C223A5C2237633664623864352D323133632D346462622D613164302D6364643739353335386266385C227D2C5C227461726765745C223A7B5C2269645C223A5C2265656364363536632D383835612D346663362D613365342D6465663230363038316437385C227D2C5C227A5C223A372C5C2261747472735C223A7B5C222E636F6E6E656374696F6E5C223A7B5C227374726F6B655C223A5C22626C61636B5C227D2C5C222E6D61726B65722D736F757263655C223A7B5C2266696C6C5C223A5C227265645C222C5C227374726F6B655C223A5C227265645C222C5C22645C223A5C224D2031302030204C20302035204C203130203130207A5C222C5C227472616E73666F726D5C223A5C227363616C652831295C227D2C5C222E6D61726B65722D7461726765745C223A7B5C2266696C6C5C223A5C22626C61636B5C222C5C22645C223A5C224D2031302030204C20302035204C203130203130207A5C222C5C227472616E73666F726D5C223A5C227363616C652831295C227D7D7D2C7B5C22747970655C223A5C226C696E6B5C222C5C2269645C223A5C2262356662393432302D313733622D346261362D623138652D6564386333336266373565325C222C5C22656D626564735C223A5C225C222C5C22736F757263655C223A7B5C2269645C223A5C2265656364363536632D383835612D346663362D613365342D6465663230363038316437385C227D2C5C227461726765745C223A7B5C2269645C223A5C2236353833303832632D353639362D343566662D396634302D3062613561626335616331355C227D2C5C227A5C223A382C5C2261747472735C223A7B5C222E636F6E6E656374696F6E5C223A7B5C227374726F6B655C223A5C22626C61636B5C227D2C5C222E6D61726B65722D736F757263655C223A7B5C2266696C6C5C223A5C227265645C222C5C227374726F6B655C223A5C227265645C222C5C22645C223A5C224D2031302030204C20302035204C203130203130207A5C222C5C227472616E73666F726D5C223A5C227363616C652831295C227D2C5C222E6D61726B65722D7461726765745C223A7B5C2266696C6C5C223A5C22626C61636B5C222C5C22645C223A5C224D2031302030204C20302035204C203130203130207A5C222C5C227472616E73666F726D5C223A5C227363616C652831295C227D7D7D2C7B5C22747970655C223A5C226C696E6B5C222C5C2269645C223A5C2266623939633865342D653262382D343334662D626230312D3132333837656531656261655C222C5C22656D626564735C223A5C225C222C5C22736F757263655C223A7B5C2269645C223A5C2236353833303832632D353639362D343566662D396634302D3062613561626335616331355C227D2C5C227461726765745C223A7B5C2269645C223A5C2263363638623534642D346561382D346461362D393433362D3461646131373132376265365C227D2C5C227A5C223A392C5C2261747472735C223A7B5C222E636F6E6E656374696F6E5C223A7B5C227374726F6B655C223A5C22626C61636B5C227D2C5C222E6D61726B65722D736F757263655C223A7B5C2266696C6C5C223A5C227265645C222C5C227374726F6B655C223A5C227265645C222C5C22645C223A5C224D2031302030204C20302035204C203130203130207A5C222C5C227472616E73666F726D5C223A5C227363616C652831295C227D2C5C222E6D61726B65722D7461726765745C223A7B5C2266696C6C5C223A5C22626C61636B5C222C5C22645C223A5C224D2031302030204C20302035204C203130203130207A5C222C5C227472616E73666F726D5C223A5C227363616C652831295C227D7D7D2C7B5C22747970655C223A5C226C696E6B5C222C5C2269645C223A5C2235343336356232662D386462322D343138662D623461322D3433306634393866356339615C222C5C22656D626564735C223A5C225C222C5C22736F757263655C223A7B5C2269645C223A5C2263363638623534642D346561382D346461362D393433362D3461646131373132376265365C227D2C5C227461726765745C223A7B5C2269645C223A5C2236623263386633662D363531392D346466342D396364382D3333343833396365313636645C227D2C5C227A5C223A31302C5C2261747472735C223A7B5C222E636F6E6E656374696F6E5C223A7B5C227374726F6B655C223A5C22626C61636B5C227D2C5C222E6D61726B65722D736F757263655C223A7B5C2266696C6C5C223A5C227265645C222C5C227374726F6B655C223A5C227265645C222C5C22645C223A5C224D2031302030204C20302035204C203130203130207A5C222C5C227472616E73666F726D5C223A5C227363616C6528302E303031295C227D2C5C222E6D61726B65722D7461726765745C223A7B5C2266696C6C5C223A5C22626C61636B5C222C5C22645C223A5C224D2031302030204C20302035204C203130203130207A5C227D7D7D5D7D222C22696E6372656D656E7456657273696F6E223A66616C73652C2273746172745374617465223A7B2261747472696275746573223A7B22616E676C65223A302C226964223A2234366432303030332D616333352D343834362D393766642D396237643838336532646566222C226E616D65223A22496E6963696F222C22706F736974696F6E223A7B2278223A3336382C2279223A2D32377D2C2273697A65223A7B22686569676874223A32302C227769647468223A32307D2C2274797065223A226673612E53746172745374617465222C227A223A307D2C2270726F70657274696573223A7B22666F7277617264223A22222C226261636B77617264223A22222C226E616D65223A22222C22747970655374617465223A22222C2277696E646F77734964223A22222C2273746174654D6163726F555249223A22222C226163726F6E796D50617365223A22222C22776F726B666C6F774E616D65223A22222C227469706F446F63756D656E746F46464343223A22222C22666F72776172644465736963696F6E223A22222C2261636365707452656A656374223A66616C73652C22616363657074436965727265457870656469656E7465223A66616C73652C226163636570745472616D69746163696F6E4C69627265223A66616C73652C2273686F7750617373496E666F223A66616C73652C2268617347726F7570223A66616C73652C2268617350726576696F757347726F7570223A66616C73652C22666F726B4F6E6C794C696E6B223A66616C73652C22736372697074467573655461736B223A22227D2C2268617350726F70657274696573223A66616C73652C22616C6C6F776564436F6E6E656374696F6E73223A5B226673612E5374617465225D2C2268696E74223A22227D2C22656E645374617465223A7B2261747472696275746573223A7B22616E676C65223A302C226964223A2236623263386633662D363531392D346466342D396364382D333334383339636531363664222C226E616D65223A22436965727265222C22706F736974696F6E223A7B2278223A3336382C2279223A3239307D2C2273697A65223A7B22686569676874223A312C227769647468223A317D2C2274797065223A226673612E456E645374617465222C227A223A317D2C2270726F70657274696573223A7B22666F7277617264223A22222C226261636B77617264223A22222C226E616D65223A22222C22747970655374617465223A22222C2277696E646F77734964223A22222C2273746174654D6163726F555249223A22222C226163726F6E796D50617365223A22222C22776F726B666C6F774E616D65223A22222C227469706F446F63756D656E746F46464343223A22222C22666F72776172644465736963696F6E223A22222C2261636365707452656A656374223A66616C73652C22616363657074436965727265457870656469656E7465223A66616C73652C226163636570745472616D69746163696F6E4C69627265223A66616C73652C2273686F7750617373496E666F223A66616C73652C2268617347726F7570223A66616C73652C2268617350726576696F757347726F7570223A66616C73652C22666F726B4F6E6C794C696E6B223A66616C73652C22736372697074467573655461736B223A22227D2C2268617350726F70657274696573223A66616C73652C22616C6C6F776564436F6E6E656374696F6E73223A5B224775617264612054656D706F72616C225D2C2268696E74223A22227D2C22737461746573223A5B7B2261747472696275746573223A7B22616E676C65223A302C226964223A2237633664623864352D323133632D346462622D613164302D636464373935333538626638222C226E616D65223A22737461746531222C22706F736974696F6E223A7B2278223A3230322C2279223A39337D2C2273697A65223A7B22686569676874223A36302C227769647468223A36307D2C2274797065223A226673612E5374617465222C227A223A327D2C2270726F70657274696573223A7B22666F7277617264223A22222C226261636B77617264223A22222C226E616D65223A22737461746531222C2277696E646F77734964223A22222C2273746174654D6163726F555249223A22222C226163726F6E796D50617365223A22222C22776F726B666C6F774E616D65223A224F503177647374617465222C227469706F446F63756D656E746F46464343223A22222C22666F72776172644465736963696F6E223A22222C2261636365707452656A656374223A747275652C22616363657074436965727265457870656469656E7465223A66616C73652C226163636570745472616D69746163696F6E4C69627265223A66616C73652C2273686F7750617373496E666F223A747275652C2268617347726F7570223A66616C73652C2268617350726576696F757347726F7570223A66616C73652C2270617468546F41637475616C5374617465223A5B5D2C2270617468546F41637475616C53746174654A534F4E223A22222C22666F726B4F6E6C794C696E6B223A66616C73652C22736372697074467573655461736B223A22227D2C2268617350726F70657274696573223A747275652C22616C6C6F776564436F6E6E656374696F6E73223A5B226673612E53746172745374617465222C226673612E5374617465222C225472616D69746163696F6E204C69627265222C224775617264612054656D706F72616C222C226673612E4A6F696E222C226673612E466F726B225D2C2268696E74223A22227D2C7B2261747472696275746573223A7B22616E676C65223A302C226964223A2236353833303832632D353639362D343566662D396634302D306261356162633561633135222C226E616D65223A22737461746532222C22706F736974696F6E223A7B2278223A3539382C2279223A3132367D2C2273697A65223A7B22686569676874223A36302C227769647468223A36307D2C2274797065223A226673612E5374617465222C227A223A337D2C2270726F70657274696573223A7B22666F7277617264223A22222C226261636B77617264223A22222C226E616D65223A22737461746532222C2277696E646F77734964223A22222C2273746174654D6163726F555249223A22222C226163726F6E796D50617365223A22222C22776F726B666C6F774E616D65223A224F503177647374617465222C227469706F446F63756D656E746F46464343223A22222C22666F72776172644465736963696F6E223A22222C2261636365707452656A656374223A747275652C22616363657074436965727265457870656469656E7465223A66616C73652C226163636570745472616D69746163696F6E4C69627265223A66616C73652C2273686F7750617373496E666F223A747275652C2268617347726F7570223A66616C73652C2268617350726576696F757347726F7570223A66616C73652C2270617468546F41637475616C5374617465223A5B5D2C2270617468546F41637475616C53746174654A534F4E223A22222C22666F726B4F6E6C794C696E6B223A66616C73652C22736372697074467573655461736B223A22227D2C2268617350726F70657274696573223A747275652C22616C6C6F776564436F6E6E656374696F6E73223A5B226673612E53746172745374617465222C226673612E5374617465222C225472616D69746163696F6E204C69627265222C224775617264612054656D706F72616C222C226673612E4A6F696E222C226673612E466F726B225D2C2268696E74223A22227D2C7B2261747472696275746573223A7B22616E676C65223A302C226964223A2263363638623534642D346561382D346461362D393433362D346164613137313237626536222C226E616D65223A22737461746533222C22706F736974696F6E223A7B2278223A3139372C2279223A3232327D2C2273697A65223A7B22686569676874223A36302C227769647468223A36307D2C2274797065223A226673612E5374617465222C227A223A347D2C2270726F70657274696573223A7B22666F7277617264223A22222C226261636B77617264223A22222C226E616D65223A22737461746533222C2277696E646F77734964223A22222C2273746174654D6163726F555249223A22222C226163726F6E796D50617365223A22222C22776F726B666C6F774E616D65223A224F503177647374617465222C227469706F446F63756D656E746F46464343223A22222C22666F72776172644465736963696F6E223A22222C2261636365707452656A656374223A747275652C22616363657074436965727265457870656469656E7465223A66616C73652C226163636570745472616D69746163696F6E4C69627265223A66616C73652C2273686F7750617373496E666F223A747275652C2268617347726F7570223A66616C73652C2268617350726576696F757347726F7570223A66616C73652C2270617468546F41637475616C5374617465223A5B5D2C2270617468546F41637475616C53746174654A534F4E223A22222C22666F726B4F6E6C794C696E6B223A66616C73652C22736372697074467573655461736B223A22227D2C2268617350726F70657274696573223A747275652C22616C6C6F776564436F6E6E656374696F6E73223A5B226673612E53746172745374617465222C226673612E5374617465222C225472616D69746163696F6E204C69627265222C224775617264612054656D706F72616C222C226673612E4A6F696E222C226673612E466F726B225D2C2268696E74223A22227D2C7B2261747472696275746573223A7B22616E676C65223A302C226964223A2265656364363536632D383835612D346663362D613365342D646566323036303831643738222C226E616D65223A22737461746534222C22706F736974696F6E223A7B2278223A3630322C2279223A3233357D2C2273697A65223A7B22686569676874223A36302C227769647468223A36307D2C2274797065223A226673612E5374617465222C227A223A357D2C2270726F70657274696573223A7B22666F7277617264223A22222C226261636B77617264223A22222C226E616D65223A22737461746534222C2277696E646F77734964223A22222C2273746174654D6163726F555249223A22222C226163726F6E796D50617365223A22222C22776F726B666C6F774E616D65223A224F503177647374617465222C227469706F446F63756D656E746F46464343223A22222C22666F72776172644465736963696F6E223A22222C2261636365707452656A656374223A747275652C22616363657074436965727265457870656469656E7465223A66616C73652C226163636570745472616D69746163696F6E4C69627265223A66616C73652C2273686F7750617373496E666F223A747275652C2268617347726F7570223A66616C73652C2268617350726576696F757347726F7570223A66616C73652C2270617468546F41637475616C5374617465223A5B5D2C2270617468546F41637475616C53746174654A534F4E223A22222C22666F726B4F6E6C794C696E6B223A66616C73652C22736372697074467573655461736B223A22227D2C2268617350726F70657274696573223A747275652C22616C6C6F776564436F6E6E656374696F6E73223A5B226673612E53746172745374617465222C226673612E5374617465222C225472616D69746163696F6E204C69627265222C224775617264612054656D706F72616C222C226673612E4A6F696E222C226673612E466F726B225D2C2268696E74223A22227D5D2C226C696E6B73223A5B7B226964223A2263623262386632632D373461362D346538322D613766352D643461343862363033376165222C226F726967696E223A2234366432303030332D616333352D343834362D393766642D396237643838336532646566222C2264657374696E79223A2237633664623864352D323133632D346462622D613164302D636464373935333538626638222C22646F75626C654C696E6B223A66616C73657D2C7B226964223A2236643535313438652D383130302D346538302D626130372D616330303034643133336262222C226F726967696E223A2237633664623864352D323133632D346462622D613164302D636464373935333538626638222C2264657374696E79223A2265656364363536632D383835612D346663362D613365342D646566323036303831643738222C22646F75626C654C696E6B223A747275657D2C7B226964223A2262356662393432302D313733622D346261362D623138652D656438633333626637356532222C226F726967696E223A2265656364363536632D383835612D346663362D613365342D646566323036303831643738222C2264657374696E79223A2236353833303832632D353639362D343566662D396634302D306261356162633561633135222C22646F75626C654C696E6B223A747275657D2C7B226964223A2266623939633865342D653262382D343334662D626230312D313233383765653165626165222C226F726967696E223A2236353833303832632D353639362D343566662D396634302D306261356162633561633135222C2264657374696E79223A2263363638623534642D346561382D346461362D393433362D346164613137313237626536222C22646F75626C654C696E6B223A747275657D2C7B226964223A2235343336356232662D386462322D343138662D623461322D343330663439386635633961222C226F726967696E223A2263363638623534642D346561382D346461362D393433362D346164613137313237626536222C2264657374696E79223A2236623263386633662D363531392D346466342D396364382D333334383339636531363664222C22646F75626C654C696E6B223A66616C73657D5D2C22666F726B73223A5B5D2C226A6F696E73223A5B5D2C2274797065576F726B466C6F77223A225354415445222C227363726970744675736547656E65726963223A22222C2276657273696F6E50726F636564757265223A307D,'STATE',0),('OP1_wd-task','ADMINEGOV','Lorem ipsum dolor sit amet, consectetur adipiscing elit. Morbi rhoncus elementum porta. Aenean id commodo sapien, eu lobortis turpis. Aenean gravida lectus risus, in mollis augue sagittis luctus. Nulla facilisi. Nullam nec pellentesque mi. Pellentesque co',2,0x7B226964223A302C226E616D65223A224F50315F77642D7461736B222C22617574686F72223A2241444D494E45474F56222C226465736372697074696F6E223A224C6F72656D20697073756D20646F6C6F722073697420616D65742C20636F6E73656374657475722061646970697363696E6720656C69742E204D6F7262692072686F6E63757320656C656D656E74756D20706F7274612E2041656E65616E20696420636F6D6D6F646F2073617069656E2C206575206C6F626F72746973207475727069732E2041656E65616E2067726176696461206C65637475732072697375732C20696E206D6F6C6C6973206175677565207361676974746973206C75637475732E204E756C6C6120666163696C6973692E204E756C6C616D206E65632070656C6C656E746573717565206D692E2050656C6C656E74657371756520636F222C2276657273696F6E223A322C226A736F6E4D6F64656C223A227B5C2263656C6C735C223A5B7B5C22747970655C223A5C226673612E537461727453746174655C222C5C2273697A655C223A7B5C2277696474685C223A32302C5C226865696768745C223A32307D2C5C22706F736974696F6E5C223A7B5C22785C223A3533302C5C22795C223A2D31357D2C5C22616E676C655C223A302C5C226E616D655C223A5C22496E6963696F5C222C5C226D61726B75705C223A5C225C753030336367206F6E6D6F7573656F7665725C75303033645C5C5C22746869732E7374796C652E637572736F725C75303033645C7530303237706F696E7465725C75303032375C5C5C22207374796C655C75303033645C5C5C22637572736F723A20706F696E7465723B5C5C5C225C75303033655C5C6E5C5C745C5C745C5C745C5C745C5C745C5C745C5C745C5C745C5C745C5C745C5C745C5C745C5C745C5C745C5C7420205C7530303363636972636C652066696C6C5C75303033645C5C5C22233030303030305C5C5C22207374726F6B655C75303033645C5C5C22233030303030305C5C5C22207374726F6B652D77696474685C75303033645C5C5C22305C5C5C22207374726F6B652D6C696E656A6F696E5C75303033645C5C5C226E756C6C5C5C5C22207374726F6B652D6C696E656361705C75303033645C5C5C226E756C6C5C5C5C222063785C75303033645C5C5C2236382E35383837375C5C5C222063795C75303033645C5C5C2237322E38373235335C5C5C2220725C75303033645C5C5C2231302E34303937365C5C5C222069645C75303033645C5C5C227376675F34345C5C5C225C75303033655C75303033632F636972636C655C75303033655C5C6E5C5C745C5C745C5C745C5C745C5C745C5C745C5C745C5C745C5C745C5C745C5C745C5C745C5C745C5C745C5C7420205C7530303363746578742069645C75303033645C5C5C227376675F34325C5C5C222066696C6C5C75303033645C5C5C22233030303030305C5C5C22207374726F6B655C75303033645C5C5C22233030303030305C5C5C22207374726F6B652D77696474685C75303033645C5C5C22305C5C5C22207374726F6B652D6C696E656A6F696E5C75303033645C5C5C226E756C6C5C5C5C22207374726F6B652D6C696E656361705C75303033645C5C5C226E756C6C5C5C5C2220785C75303033645C5C5C2236392E35383034325C5C5C2220795C75303033645C5C5C2239352E34333339395C5C5C2220666F6E742D73697A655C75303033645C5C5C2231325C5C5C2220666F6E742D66616D696C795C75303033645C5C5C2273657269665C5C5C2220746578742D616E63686F725C75303033645C5C5C226D6964646C655C5C5C222073706163655C75303033645C5C5C2270726573657276655C5C5C2220666F6E742D7765696768745C75303033645C5C5C22626F6C645C5C5C225C7530303365496E6963696F5C75303033632F746578745C75303033655C5C6E5C5C745C5C745C5C745C5C74205C5C745C5C745C5C745C5C745C5C745C5C745C5C745C5C745C5C745C5C745C75303033632F675C75303033655C222C5C226D6F6469666961626C655C223A66616C73652C5C2269645C223A5C2266306662356465352D323737642D343635342D386631612D6438356333396338366266635C222C5C227A5C223A302C5C2261747472735C223A7B7D7D2C7B5C22747970655C223A5C226673612E456E6453746174655C222C5C22706F736974696F6E5C223A7B5C22785C223A3534352C5C22795C223A3334357D2C5C2273697A655C223A7B5C2277696474685C223A312C5C226865696768745C223A317D2C5C22616E676C655C223A302C5C226E616D655C223A5C224369657272655C222C5C226D61726B75705C223A5C225C753030336367206F6E6D6F7573656F7665725C75303033645C5C5C22746869732E7374796C652E637572736F725C75303033645C7530303237706F696E7465725C75303032375C5C5C22207374796C655C75303033645C5C5C22637572736F723A20706F696E7465723B5C5C5C225C75303033655C5C6E5C5C745C5C745C5C745C5C745C5C745C5C745C5C745C5C745C5C745C5C745C5C745C5C745C5C745C5C745C5C7420205C7530303363636972636C652066696C6C5C75303033645C5C5C22233030303030305C5C5C22207374726F6B655C75303033645C5C5C22233030303030305C5C5C22207374726F6B652D77696474685C75303033645C5C5C22305C5C5C22207374726F6B652D6C696E656A6F696E5C75303033645C5C5C226E756C6C5C5C5C22207374726F6B652D6C696E656361705C75303033645C5C5C226E756C6C5C5C5C222063785C75303033645C5C5C2236382E39383739375C5C5C222063795C75303033645C5C5C2236362E303836315C5C5C2220725C75303033645C5C5C2231302E34303937365C5C5C222069645C75303033645C5C5C227376675F34345C5C5C225C75303033655C75303033632F636972636C655C75303033655C5C6E5C5C745C5C745C5C745C5C745C5C745C5C745C5C745C5C745C5C745C5C745C5C745C5C745C5C745C5C745C5C7420205C7530303363636972636C652069645C75303033645C5C5C227376675F34365C5C5C2220725C75303033645C5C5C2231332E343938325C5C5C222063795C75303033645C5C5C2236362E32363734375C5C5C222063785C75303033645C5C5C2236392E31363136385C5C5C22207374726F6B655C75303033645C5C5C22233030303030305C5C5C222066696C6C5C75303033645C5C5C226E6F6E655C5C5C225C75303033655C75303033632F636972636C655C75303033655C5C6E5C5C745C5C745C5C745C5C745C5C745C5C745C5C745C5C745C5C745C5C745C5C745C5C745C5C745C5C745C5C7420205C75303033637465787420666F6E742D7765696768745C75303033645C5C5C22626F6C645C5C5C222073706163655C75303033645C5C5C2270726573657276655C5C5C2220746578742D616E63686F725C75303033645C5C5C226D6964646C655C5C5C2220666F6E742D66616D696C795C75303033645C5C5C2273657269665C5C5C2220666F6E742D73697A655C75303033645C5C5C2231325C5C5C2220795C75303033645C5C5C2239322E32343033385C5C5C2220785C75303033645C5C5C2236392E31383132325C5C5C22207374726F6B652D6C696E656361705C75303033645C5C5C226E756C6C5C5C5C22207374726F6B652D6C696E656A6F696E5C75303033645C5C5C226E756C6C5C5C5C22207374726F6B652D77696474685C75303033645C5C5C22305C5C5C22207374726F6B655C75303033645C5C5C22233030303030305C5C5C222066696C6C5C75303033645C5C5C22233030303030305C5C5C222069645C75303033645C5C5C227376675F34325C5C5C225C75303033654369657272655C75303033632F746578745C75303033655C5C6E5C5C745C5C745C5C745C5C74205C5C745C5C745C5C745C5C745C5C745C5C745C5C745C5C745C5C745C5C745C75303033632F675C75303033655C222C5C226D6F6469666961626C655C223A66616C73652C5C2269645C223A5C2265643862643632312D396362332D343166372D383235652D6139303030653063366166395C222C5C227A5C223A312C5C2261747472735C223A7B7D7D2C7B5C22747970655C223A5C226673612E53746174655C222C5C2273697A655C223A7B5C2277696474685C223A36302C5C226865696768745C223A36307D2C5C22706F736974696F6E5C223A7B5C22785C223A3339312C5C22795C223A39307D2C5C22616E676C655C223A302C5C226D61726B75705C223A5C225C75303033636720636C6173735C75303033645C5C5C22726F74617461626C655C5C5C225C75303033655C7530303363636972636C652066696C6C5C75303033645C5C5C22236666666661615C5C5C22207374726F6B655C75303033645C5C5C22233030303030305C5C5C22207374726F6B652D77696474685C75303033645C5C5C22335C5C5C222063785C75303033645C5C5C2233372E355C5C5C222063795C75303033645C5C5C2233392E355C5C5C2220725C75303033645C5C5C2232372E323033365C5C5C22202F5C75303033655C7530303363746578742066696C6C5C75303033645C5C5C22233030303030305C5C5C22207374726F6B655C75303033645C5C5C22233030303030305C5C5C22207374726F6B652D77696474685C75303033645C5C5C22305C5C5C22207374726F6B652D6C696E656A6F696E5C75303033645C5C5C226E756C6C5C5C5C22207374726F6B652D6C696E656361705C75303033645C5C5C226E756C6C5C5C5C2220785C75303033645C5C5C2233362E355C5C5C2220666F6E742D73697A655C75303033645C5C5C2231325C5C5C2220666F6E742D66616D696C795C75303033645C5C5C2273657269665C5C5C2220746578742D616E63686F725C75303033645C5C5C226D6964646C655C5C5C2220786D6C3A73706163655C75303033645C5C5C2270726573657276655C5C5C2220666F6E742D7765696768745C75303033645C5C5C22626F6C645C5C5C225C75303033655C75303033632F746578745C75303033655C75303033632F675C75303033655C222C5C226E616D655C223A5C2265737461646F315C222C5C226D6F6469666961626C655C223A747275652C5C2269645C223A5C2261393061373164322D326463362D343739322D383636642D3933343732303265653631635C222C5C227A5C223A322C5C2261747472735C223A7B5C22746578745C223A7B5C22746578745C223A5C2265737461646F315C222C5C227265665C223A5C22636972636C655C222C5C227265662D795C223A32382C5C22792D616C69676E6D656E745C223A5C226D6964646C655C227D7D7D2C7B5C22747970655C223A5C226673612E53746174655C222C5C2273697A655C223A7B5C2277696474685C223A36302C5C226865696768745C223A36307D2C5C22706F736974696F6E5C223A7B5C22785C223A3737362C5C22795C223A3135337D2C5C22616E676C655C223A302C5C226D61726B75705C223A5C225C75303033636720636C6173735C75303033645C5C5C22726F74617461626C655C5C5C225C75303033655C7530303363636972636C652066696C6C5C75303033645C5C5C22236666666661615C5C5C22207374726F6B655C75303033645C5C5C22233030303030305C5C5C22207374726F6B652D77696474685C75303033645C5C5C22335C5C5C222063785C75303033645C5C5C2233372E355C5C5C222063795C75303033645C5C5C2233392E355C5C5C2220725C75303033645C5C5C2232372E323033365C5C5C22202F5C75303033655C7530303363746578742066696C6C5C75303033645C5C5C22233030303030305C5C5C22207374726F6B655C75303033645C5C5C22233030303030305C5C5C22207374726F6B652D77696474685C75303033645C5C5C22305C5C5C22207374726F6B652D6C696E656A6F696E5C75303033645C5C5C226E756C6C5C5C5C22207374726F6B652D6C696E656361705C75303033645C5C5C226E756C6C5C5C5C2220785C75303033645C5C5C2233362E355C5C5C2220666F6E742D73697A655C75303033645C5C5C2231325C5C5C2220666F6E742D66616D696C795C75303033645C5C5C2273657269665C5C5C2220746578742D616E63686F725C75303033645C5C5C226D6964646C655C5C5C2220786D6C3A73706163655C75303033645C5C5C2270726573657276655C5C5C2220666F6E742D7765696768745C75303033645C5C5C22626F6C645C5C5C225C75303033655C75303033632F746578745C75303033655C75303033632F675C75303033655C222C5C226E616D655C223A5C2265737461646F325C222C5C226D6F6469666961626C655C223A747275652C5C2269645C223A5C2237353863346265362D636262312D346532622D393836312D6362313333303033663430315C222C5C227A5C223A332C5C2261747472735C223A7B5C22746578745C223A7B5C22746578745C223A5C2265737461646F325C222C5C227265665C223A5C22636972636C655C222C5C227265662D795C223A32382C5C22792D616C69676E6D656E745C223A5C226D6964646C655C227D7D7D2C7B5C22747970655C223A5C226673612E53746174655C222C5C2273697A655C223A7B5C2277696474685C223A36302C5C226865696768745C223A36307D2C5C22706F736974696F6E5C223A7B5C22785C223A3339302C5C22795C223A3234307D2C5C22616E676C655C223A302C5C226D61726B75705C223A5C225C753030336367206F6E6D6F7573656F7665725C75303033645C5C5C22746869732E7374796C652E637572736F725C75303033645C7530303237706F696E7465725C75303032375C5C5C22207374796C655C75303033645C5C5C22637572736F723A20706F696E7465723B5C5C5C225C75303033655C5C6E5C5C745C5C745C5C745C5C745C5C745C5C745C5C745C5C745C5C745C5C745C5C745C5C745C5C745C5C7420205C7530303363636972636C652066696C6C5C75303033645C5C5C22236564353335335C5C5C22207374726F6B655C75303033645C5C5C22233030303030305C5C5C22207374726F6B652D77696474685C75303033645C5C5C22335C5C5C222063785C75303033645C5C5C2233372E355C5C5C222063795C75303033645C5C5C2233392E355C5C5C2220725C75303033645C5C5C2232372E323033365C5C5C222069645C75303033645C5C5C227376675F33345C5C5C225C75303033655C75303033632F636972636C655C75303033655C5C6E5C5C745C5C745C5C745C5C745C5C745C5C745C5C745C5C745C5C745C5C745C5C745C5C745C5C745C5C742020205C7530303363746578742066696C6C5C75303033645C5C5C22233030303030305C5C5C22207374726F6B655C75303033645C5C5C22233030303030305C5C5C22207374726F6B652D77696474685C75303033645C5C5C22305C5C5C22207374726F6B652D6C696E656A6F696E5C75303033645C5C5C226E756C6C5C5C5C22207374726F6B652D6C696E656361705C75303033645C5C5C226E756C6C5C5C5C2220785C75303033645C5C5C2233362E355C5C5C2220795C75303033645C5C5C2233365C5C5C222069645C75303033645C5C5C227376675F34305C5C5C2220666F6E742D73697A655C75303033645C5C5C2231315C5C5C2220666F6E742D66616D696C795C75303033645C5C5C2273657269665C5C5C2220746578742D616E63686F725C75303033645C5C5C226D6964646C655C5C5C222073706163655C75303033645C5C5C2270726573657276655C5C5C2220666F6E742D7765696768745C75303033645C5C5C22626F6C645C5C5C225C75303033654775617264615C75303033632F746578745C75303033655C5C6E5C5C745C5C745C5C745C5C745C5C745C5C745C5C745C5C745C5C745C5C745C5C745C5C745C5C745C5C742020205C7530303363746578742066696C6C5C75303033645C5C5C22233030303030305C5C5C22207374726F6B655C75303033645C5C5C22233030303030305C5C5C22207374726F6B652D77696474685C75303033645C5C5C22305C5C5C22207374726F6B652D6C696E656A6F696E5C75303033645C5C5C226E756C6C5C5C5C22207374726F6B652D6C696E656361705C75303033645C5C5C226E756C6C5C5C5C2220785C75303033645C5C5C2233362E355C5C5C2220795C75303033645C5C5C2234395C5C5C2220666F6E742D73697A655C75303033645C5C5C2231315C5C5C2220666F6E742D66616D696C795C75303033645C5C5C2273657269665C5C5C2220746578742D616E63686F725C75303033645C5C5C226D6964646C655C5C5C222073706163655C75303033645C5C5C2270726573657276655C5C5C2220666F6E742D7765696768745C75303033645C5C5C22626F6C645C5C5C222069645C75303033645C5C5C227376675F34315C5C5C225C753030336554656D706F72616C5C75303033632F746578745C75303033655C5C6E5C5C745C5C745C5C745C5C745C5C745C5C745C5C745C5C745C5C745C5C745C5C745C5C745C5C745C5C745C75303033632F675C75303033655C222C5C226E616D655C223A5C2264756D6D795F313530313539363839363838355C222C5C226D6F6469666961626C655C223A66616C73652C5C2269645C223A5C2265393735313932642D343562652D346433622D613932392D6266613261333435666431375C222C5C227A5C223A342C5C2261747472735C223A7B7D7D2C7B5C22747970655C223A5C226673612E53746174655C222C5C2273697A655C223A7B5C2277696474685C223A36302C5C226865696768745C223A36307D2C5C22706F736974696F6E5C223A7B5C22785C223A3737362C5C22795C223A3330377D2C5C22616E676C655C223A302C5C226D61726B75705C223A5C225C75303033636720636C6173735C75303033645C5C5C22726F74617461626C655C5C5C225C75303033655C7530303363636972636C652066696C6C5C75303033645C5C5C22236666666661615C5C5C22207374726F6B655C75303033645C5C5C22233030303030305C5C5C22207374726F6B652D77696474685C75303033645C5C5C22335C5C5C222063785C75303033645C5C5C2233372E355C5C5C222063795C75303033645C5C5C2233392E355C5C5C2220725C75303033645C5C5C2232372E323033365C5C5C22202F5C75303033655C7530303363746578742066696C6C5C75303033645C5C5C22233030303030305C5C5C22207374726F6B655C75303033645C5C5C22233030303030305C5C5C22207374726F6B652D77696474685C75303033645C5C5C22305C5C5C22207374726F6B652D6C696E656A6F696E5C75303033645C5C5C226E756C6C5C5C5C22207374726F6B652D6C696E656361705C75303033645C5C5C226E756C6C5C5C5C2220785C75303033645C5C5C2233362E355C5C5C2220666F6E742D73697A655C75303033645C5C5C2231325C5C5C2220666F6E742D66616D696C795C75303033645C5C5C2273657269665C5C5C2220746578742D616E63686F725C75303033645C5C5C226D6964646C655C5C5C2220786D6C3A73706163655C75303033645C5C5C2270726573657276655C5C5C2220666F6E742D7765696768745C75303033645C5C5C22626F6C645C5C5C225C75303033655C75303033632F746578745C75303033655C75303033632F675C75303033655C222C5C226E616D655C223A5C2265737461646F335C222C5C226D6F6469666961626C655C223A747275652C5C2269645C223A5C2230343164326365362D386364322D343133332D393862642D3565326231343261303363325C222C5C227A5C223A352C5C2261747472735C223A7B5C22746578745C223A7B5C22746578745C223A5C2265737461646F335C222C5C227265665C223A5C22636972636C655C222C5C227265662D795C223A32382C5C22792D616C69676E6D656E745C223A5C226D6964646C655C227D7D7D2C7B5C22747970655C223A5C226C696E6B5C222C5C2269645C223A5C2235306434363035302D353865312D346636352D396461382D6137343963623261613064305C222C5C22656D626564735C223A5C225C222C5C22736F757263655C223A7B5C2269645C223A5C2266306662356465352D323737642D343635342D386631612D6438356333396338366266635C227D2C5C227461726765745C223A7B5C2269645C223A5C2261393061373164322D326463362D343739322D383636642D3933343732303265653631635C227D2C5C227A5C223A362C5C2261747472735C223A7B5C222E636F6E6E656374696F6E5C223A7B5C227374726F6B655C223A5C22626C61636B5C227D2C5C222E6D61726B65722D736F757263655C223A7B5C22645C223A5C224D2031302030204C20302035204C203130203130207A5C222C5C227472616E73666F726D5C223A5C227363616C6528302E303031295C227D2C5C222E6D61726B65722D7461726765745C223A7B5C22645C223A5C224D2031302030204C20302035204C203130203130207A5C227D7D7D2C7B5C22747970655C223A5C226C696E6B5C222C5C2269645C223A5C2231343835613833352D396531332D346130662D386334362D6230613337336438346134615C222C5C22656D626564735C223A5C225C222C5C22736F757263655C223A7B5C2269645C223A5C2261393061373164322D326463362D343739322D383636642D3933343732303265653631635C227D2C5C227461726765745C223A7B5C2269645C223A5C2237353863346265362D636262312D346532622D393836312D6362313333303033663430315C227D2C5C227A5C223A372C5C2261747472735C223A7B5C222E636F6E6E656374696F6E5C223A7B5C227374726F6B655C223A5C22626C61636B5C227D2C5C222E6D61726B65722D736F757263655C223A7B5C2266696C6C5C223A5C227265645C222C5C227374726F6B655C223A5C227265645C222C5C22645C223A5C224D2031302030204C20302035204C203130203130207A5C222C5C227472616E73666F726D5C223A5C227363616C652831295C227D2C5C222E6D61726B65722D7461726765745C223A7B5C2266696C6C5C223A5C22626C61636B5C222C5C22645C223A5C224D2031302030204C20302035204C203130203130207A5C222C5C227472616E73666F726D5C223A5C227363616C652831295C227D7D7D2C7B5C22747970655C223A5C226C696E6B5C222C5C2269645C223A5C2263366130623130652D643236372D343037632D393166652D6666666438623233313066665C222C5C22656D626564735C223A5C225C222C5C22736F757263655C223A7B5C2269645C223A5C2237353863346265362D636262312D346532622D393836312D6362313333303033663430315C227D2C5C227461726765745C223A7B5C2269645C223A5C2265393735313932642D343562652D346433622D613932392D6266613261333435666431375C227D2C5C227A5C223A382C5C2261747472735C223A7B5C222E636F6E6E656374696F6E5C223A7B5C227374726F6B655C223A5C22626C61636B5C227D2C5C222E6D61726B65722D736F757263655C223A7B5C2266696C6C5C223A5C227265645C222C5C227374726F6B655C223A5C227265645C222C5C22645C223A5C224D2031302030204C20302035204C203130203130207A5C222C5C227472616E73666F726D5C223A5C227363616C6528302E303031295C227D2C5C222E6D61726B65722D7461726765745C223A7B5C2266696C6C5C223A5C22626C61636B5C222C5C22645C223A5C224D2031302030204C20302035204C203130203130207A5C227D7D7D2C7B5C22747970655C223A5C226C696E6B5C222C5C2269645C223A5C2238336137376239652D373434312D346231622D393331332D6131653564633862396463305C222C5C22656D626564735C223A5C225C222C5C22736F757263655C223A7B5C2269645C223A5C2265393735313932642D343562652D346433622D613932392D6266613261333435666431375C227D2C5C227461726765745C223A7B5C2269645C223A5C2265643862643632312D396362332D343166372D383235652D6139303030653063366166395C227D2C5C227A5C223A31312C5C2261747472735C223A7B5C222E636F6E6E656374696F6E5C223A7B5C227374726F6B655C223A5C22626C61636B5C227D2C5C222E6D61726B65722D736F757263655C223A7B5C2266696C6C5C223A5C227265645C222C5C227374726F6B655C223A5C227265645C222C5C22645C223A5C224D2031302030204C20302035204C203130203130207A5C222C5C227472616E73666F726D5C223A5C227363616C6528302E303031295C227D2C5C222E6D61726B65722D7461726765745C223A7B5C2266696C6C5C223A5C22626C61636B5C222C5C22645C223A5C224D2031302030204C20302035204C203130203130207A5C227D7D7D2C7B5C22747970655C223A5C226C696E6B5C222C5C2269645C223A5C2230636238366664622D303066392D343835622D393166642D6161643561323263633738635C222C5C22656D626564735C223A5C225C222C5C22736F757263655C223A7B5C2269645C223A5C2237353863346265362D636262312D346532622D393836312D6362313333303033663430315C227D2C5C227461726765745C223A7B5C2269645C223A5C2230343164326365362D386364322D343133332D393862642D3565326231343261303363325C227D2C5C227A5C223A31312C5C2261747472735C223A7B5C222E636F6E6E656374696F6E5C223A7B5C227374726F6B655C223A5C22626C61636B5C227D2C5C222E6D61726B65722D736F757263655C223A7B5C2266696C6C5C223A5C227265645C222C5C227374726F6B655C223A5C227265645C222C5C22645C223A5C224D2031302030204C20302035204C203130203130207A5C222C5C227472616E73666F726D5C223A5C227363616C6528302E303031295C227D2C5C222E6D61726B65722D7461726765745C223A7B5C2266696C6C5C223A5C22626C61636B5C222C5C22645C223A5C224D2031302030204C20302035204C203130203130207A5C227D7D7D2C7B5C22747970655C223A5C226C696E6B5C222C5C2269645C223A5C2263636663633930322D313431362D346266392D383730622D6565653863623437646266335C222C5C22656D626564735C223A5C225C222C5C22736F757263655C223A7B5C2269645C223A5C2230343164326365362D386364322D343133332D393862642D3565326231343261303363325C227D2C5C227461726765745C223A7B5C2269645C223A5C2265393735313932642D343562652D346433622D613932392D6266613261333435666431375C227D2C5C227A5C223A31312C5C2261747472735C223A7B5C222E636F6E6E656374696F6E5C223A7B5C227374726F6B655C223A5C22626C61636B5C227D2C5C222E6D61726B65722D736F757263655C223A7B5C2266696C6C5C223A5C227265645C222C5C227374726F6B655C223A5C227265645C222C5C22645C223A5C224D2031302030204C20302035204C203130203130207A5C222C5C227472616E73666F726D5C223A5C227363616C6528302E303031295C227D2C5C222E6D61726B65722D7461726765745C223A7B5C2266696C6C5C223A5C22626C61636B5C222C5C22645C223A5C224D2031302030204C20302035204C203130203130207A5C227D7D7D5D7D222C22696E6372656D656E7456657273696F6E223A66616C73652C2273746172745374617465223A7B2261747472696275746573223A7B22616E676C65223A302C226964223A2266306662356465352D323737642D343635342D386631612D643835633339633836626663222C226E616D65223A22496E6963696F222C22706F736974696F6E223A7B2278223A3533302C2279223A2D31357D2C2273697A65223A7B22686569676874223A32302C227769647468223A32307D2C2274797065223A226673612E53746172745374617465222C227A223A307D2C2270726F70657274696573223A7B22666F7277617264223A22222C226261636B77617264223A22222C226E616D65223A22222C22747970655374617465223A22222C2277696E646F77734964223A22222C2273746174654D6163726F555249223A22222C226163726F6E796D50617365223A22222C22776F726B666C6F774E616D65223A22222C227469706F446F63756D656E746F46464343223A22222C22666F72776172644465736963696F6E223A22222C2261636365707452656A656374223A66616C73652C22616363657074436965727265457870656469656E7465223A66616C73652C226163636570745472616D69746163696F6E4C69627265223A66616C73652C2273686F7750617373496E666F223A66616C73652C2268617347726F7570223A66616C73652C2267726F75704E616D65223A22222C226272616E63684E616D65223A22222C2268617350726576696F757347726F7570223A66616C73652C2270726576696F757347726F75704E616D65223A22222C227374617465436F6E6E6563746564546F4A6F696E4E616D6564223A22222C22737461746541667465724A6F696E4E616D6564223A22222C227374617465436F6E6E6563746564546F466F726B223A22222C22666F726B4F6E6C794C696E6B223A66616C73652C22666F726B4E616D65223A22222C22736372697074467573655461736B223A22227D2C2268617350726F70657274696573223A66616C73652C22616C6C6F776564436F6E6E656374696F6E73223A5B226673612E5374617465225D2C2268696E74223A22227D2C22656E645374617465223A7B2261747472696275746573223A7B22616E676C65223A302C226964223A2265643862643632312D396362332D343166372D383235652D613930303065306336616639222C226E616D65223A22436965727265222C22706F736974696F6E223A7B2278223A3534332C2279223A3238327D2C2273697A65223A7B22686569676874223A312C227769647468223A317D2C2274797065223A226673612E456E645374617465222C227A223A317D2C2270726F70657274696573223A7B22666F7277617264223A22222C226261636B77617264223A22222C226E616D65223A22436965727265222C22747970655374617465223A22222C2277696E646F77734964223A22222C2273746174654D6163726F555249223A22222C226163726F6E796D50617365223A22222C22776F726B666C6F774E616D65223A22222C227469706F446F63756D656E746F46464343223A22222C22666F72776172644465736963696F6E223A22222C2261636365707452656A656374223A66616C73652C22616363657074436965727265457870656469656E7465223A66616C73652C226163636570745472616D69746163696F6E4C69627265223A66616C73652C2273686F7750617373496E666F223A66616C73652C2268617347726F7570223A66616C73652C2267726F75704E616D65223A22222C226272616E63684E616D65223A22222C2268617350726576696F757347726F7570223A66616C73652C2270726576696F757347726F75704E616D65223A22222C227374617465436F6E6E6563746564546F4A6F696E4E616D6564223A22222C22737461746541667465724A6F696E4E616D6564223A22222C227374617465436F6E6E6563746564546F466F726B223A22222C22666F726B4F6E6C794C696E6B223A66616C73652C22666F726B4E616D65223A22222C22736372697074467573655461736B223A22227D2C2268617350726F70657274696573223A66616C73652C22616C6C6F776564436F6E6E656374696F6E73223A5B224775617264612054656D706F72616C225D2C2268696E74223A22227D2C22737461746573223A5B7B2261747472696275746573223A7B22616E676C65223A302C226964223A2261393061373164322D326463362D343739322D383636642D393334373230326565363163222C226E616D65223A2265737461646F31222C22706F736974696F6E223A7B2278223A3339312C2279223A39307D2C2273697A65223A7B22686569676874223A36302C227769647468223A36307D2C2274797065223A226673612E5374617465222C227A223A327D2C2270726F70657274696573223A7B22666F7277617264223A22222C226261636B77617264223A22222C226E616D65223A2265737461646F31222C22747970655374617465223A22222C2277696E646F77734964223A22222C2273746174654D6163726F555249223A22222C226163726F6E796D50617365223A22222C22776F726B666C6F774E616D65223A224F503177647461736B222C227469706F446F63756D656E746F46464343223A22222C22666F72776172644465736963696F6E223A22222C2261636365707452656A656374223A747275652C22616363657074436965727265457870656469656E7465223A66616C73652C226163636570745472616D69746163696F6E4C69627265223A66616C73652C2273686F7750617373496E666F223A747275652C2268617347726F7570223A66616C73652C2267726F75704E616D65223A22222C226272616E63684E616D65223A22222C2268617350726576696F757347726F7570223A66616C73652C2270726576696F757347726F75704E616D65223A22222C227374617465436F6E6E6563746564546F4A6F696E4E616D6564223A22222C22737461746541667465724A6F696E4E616D6564223A22222C227374617465436F6E6E6563746564546F466F726B223A22222C2270617468546F41637475616C5374617465223A5B5D2C2270617468546F41637475616C53746174654A534F4E223A22222C22666F726B4F6E6C794C696E6B223A66616C73652C22666F726B4E616D65223A22222C22736372697074467573655461736B223A22227D2C2268617350726F70657274696573223A747275652C22616C6C6F776564436F6E6E656374696F6E73223A5B226673612E53746172745374617465222C226673612E5374617465222C225472616D69746163696F6E204C69627265222C224775617264612054656D706F72616C222C226673612E4A6F696E222C226673612E466F726B225D2C2268696E74223A22227D2C7B2261747472696275746573223A7B22616E676C65223A302C226964223A2237353863346265362D636262312D346532622D393836312D636231333330303366343031222C226E616D65223A2265737461646F32222C22706F736974696F6E223A7B2278223A3737362C2279223A3135337D2C2273697A65223A7B22686569676874223A36302C227769647468223A36307D2C2274797065223A226673612E5374617465222C227A223A337D2C2270726F70657274696573223A7B22666F7277617264223A22222C226261636B77617264223A22222C226E616D65223A2265737461646F32222C22747970655374617465223A22222C2277696E646F77734964223A22222C2273746174654D6163726F555249223A22222C226163726F6E796D50617365223A22222C22776F726B666C6F774E616D65223A224F503177647461736B222C227469706F446F63756D656E746F46464343223A22222C22666F72776172644465736963696F6E223A22222C2261636365707452656A656374223A747275652C22616363657074436965727265457870656469656E7465223A747275652C226163636570745472616D69746163696F6E4C69627265223A66616C73652C2273686F7750617373496E666F223A747275652C2268617347726F7570223A66616C73652C2267726F75704E616D65223A22222C226272616E63684E616D65223A22222C2268617350726576696F757347726F7570223A66616C73652C2270726576696F757347726F75704E616D65223A22222C227374617465436F6E6E6563746564546F4A6F696E4E616D6564223A22222C22737461746541667465724A6F696E4E616D6564223A22222C227374617465436F6E6E6563746564546F466F726B223A22222C2270617468546F41637475616C5374617465223A5B5D2C2270617468546F41637475616C53746174654A534F4E223A22222C22666F726B4F6E6C794C696E6B223A66616C73652C22666F726B4E616D65223A22222C22736372697074467573655461736B223A22227D2C2268617350726F70657274696573223A747275652C22616C6C6F776564436F6E6E656374696F6E73223A5B226673612E53746172745374617465222C226673612E5374617465222C225472616D69746163696F6E204C69627265222C224775617264612054656D706F72616C222C226673612E4A6F696E222C226673612E466F726B225D2C2268696E74223A22227D2C7B2261747472696275746573223A7B22616E676C65223A302C226964223A2265393735313932642D343562652D346433622D613932392D626661326133343566643137222C226E616D65223A2264756D6D795F31353031353936383936383835222C22706F736974696F6E223A7B2278223A3337382C2279223A3233397D2C2273697A65223A7B22686569676874223A36302C227769647468223A36307D2C2274797065223A224775617264612054656D706F72616C222C227A223A347D2C2270726F70657274696573223A7B22666F7277617264223A22222C226261636B77617264223A22222C226E616D65223A2264756D6D795F31353031353936383936383835222C22747970655374617465223A22222C2277696E646F77734964223A22222C2273746174654D6163726F555249223A22222C226163726F6E796D50617365223A22222C22776F726B666C6F774E616D65223A224F503177647461736B222C227469706F446F63756D656E746F46464343223A22222C22666F72776172644465736963696F6E223A22222C2261636365707452656A656374223A66616C73652C22616363657074436965727265457870656469656E7465223A66616C73652C226163636570745472616D69746163696F6E4C69627265223A66616C73652C2273686F7750617373496E666F223A66616C73652C2268617347726F7570223A66616C73652C2267726F75704E616D65223A22222C226272616E63684E616D65223A22222C2268617350726576696F757347726F7570223A66616C73652C2270726576696F757347726F75704E616D65223A22222C227374617465436F6E6E6563746564546F4A6F696E4E616D6564223A22222C22737461746541667465724A6F696E4E616D6564223A22222C227374617465436F6E6E6563746564546F466F726B223A22222C22666F726B4F6E6C794C696E6B223A66616C73652C22666F726B4E616D65223A22222C22736372697074467573655461736B223A22227D2C2268617350726F70657274696573223A66616C73652C22616C6C6F776564436F6E6E656374696F6E73223A5B226673612E5374617465222C226673612E456E645374617465225D2C2268696E74223A22227D2C7B2261747472696275746573223A7B22616E676C65223A302C226964223A2230343164326365362D386364322D343133332D393862642D356532623134326130336332222C226E616D65223A2265737461646F33222C22706F736974696F6E223A7B2278223A3737362C2279223A3330377D2C2273697A65223A7B22686569676874223A36302C227769647468223A36307D2C2274797065223A224775617264612054656D706F72616C222C227A223A357D2C2270726F70657274696573223A7B22666F7277617264223A22222C226261636B77617264223A22222C226E616D65223A2265737461646F33222C22747970655374617465223A22222C2277696E646F77734964223A22222C2273746174654D6163726F555249223A22222C226163726F6E796D50617365223A22222C22776F726B666C6F774E616D65223A224F503177647461736B222C227469706F446F63756D656E746F46464343223A22222C22666F72776172644465736963696F6E223A22222C2261636365707452656A656374223A747275652C22616363657074436965727265457870656469656E7465223A66616C73652C226163636570745472616D69746163696F6E4C69627265223A66616C73652C2273686F7750617373496E666F223A747275652C2268617347726F7570223A66616C73652C2267726F75704E616D65223A22222C226272616E63684E616D65223A22222C2268617350726576696F757347726F7570223A66616C73652C2270726576696F757347726F75704E616D65223A22222C227374617465436F6E6E6563746564546F4A6F696E4E616D6564223A22222C22737461746541667465724A6F696E4E616D6564223A22222C227374617465436F6E6E6563746564546F466F726B223A22222C2270617468546F41637475616C5374617465223A5B5D2C2270617468546F41637475616C53746174654A534F4E223A22222C22666F726B4F6E6C794C696E6B223A66616C73652C22666F726B4E616D65223A22222C22736372697074467573655461736B223A22227D2C2268617350726F70657274696573223A747275652C22616C6C6F776564436F6E6E656374696F6E73223A5B226673612E53746172745374617465222C226673612E5374617465222C225472616D69746163696F6E204C69627265222C224775617264612054656D706F72616C222C226673612E4A6F696E222C226673612E466F726B225D2C2268696E74223A22227D5D2C226C696E6B73223A5B7B226964223A2235306434363035302D353865312D346636352D396461382D613734396362326161306430222C226F726967696E223A2266306662356465352D323737642D343635342D386631612D643835633339633836626663222C2264657374696E79223A2261393061373164322D326463362D343739322D383636642D393334373230326565363163222C22646F75626C654C696E6B223A66616C73657D2C7B226964223A2231343835613833352D396531332D346130662D386334362D623061333733643834613461222C226F726967696E223A2261393061373164322D326463362D343739322D383636642D393334373230326565363163222C2264657374696E79223A2237353863346265362D636262312D346532622D393836312D636231333330303366343031222C22646F75626C654C696E6B223A747275657D2C7B226964223A2263366130623130652D643236372D343037632D393166652D666666643862323331306666222C226F726967696E223A2237353863346265362D636262312D346532622D393836312D636231333330303366343031222C2264657374696E79223A2265393735313932642D343562652D346433622D613932392D626661326133343566643137222C22646F75626C654C696E6B223A66616C73657D2C7B226964223A2238336137376239652D373434312D346231622D393331332D613165356463386239646330222C226F726967696E223A2265393735313932642D343562652D346433622D613932392D626661326133343566643137222C2264657374696E79223A2265643862643632312D396362332D343166372D383235652D613930303065306336616639222C22646F75626C654C696E6B223A66616C73657D2C7B226964223A2230636238366664622D303066392D343835622D393166642D616164356132326363373863222C226F726967696E223A2237353863346265362D636262312D346532622D393836312D636231333330303366343031222C2264657374696E79223A2230343164326365362D386364322D343133332D393862642D356532623134326130336332222C22646F75626C654C696E6B223A66616C73657D2C7B226964223A2263636663633930322D313431362D346266392D383730622D656565386362343764626633222C226F726967696E223A2230343164326365362D386364322D343133332D393862642D356532623134326130336332222C2264657374696E79223A2265393735313932642D343562652D346433622D613932392D626661326133343566643137222C22646F75626C654C696E6B223A66616C73657D5D2C22666F726B73223A5B5D2C226A6F696E73223A5B5D2C2274797065576F726B466C6F77223A225441534B222C227363726970744675736547656E65726963223A22222C2276657273696F6E50726F636564757265223A307D,'TASK',0),('OP2-task','ADMINEGOV','Descripcin WD-task',1,0x7B226964223A302C226E616D65223A224F50322D7461736B222C22617574686F72223A2241444D494E45474F56222C226465736372697074696F6E223A224465736372697063693F6E2057442D7461736B222C2276657273696F6E223A312C226A736F6E4D6F64656C223A227B5C2263656C6C735C223A5B7B5C22747970655C223A5C226673612E537461727453746174655C222C5C2273697A655C223A7B5C2277696474685C223A32302C5C226865696768745C223A32307D2C5C22706F736974696F6E5C223A7B5C22785C223A37302C5C22795C223A317D2C5C22616E676C655C223A302C5C226E616D655C223A5C22496E6963696F5C222C5C226D61726B75705C223A5C225C753030336367206F6E6D6F7573656F7665725C75303033645C5C5C22746869732E7374796C652E637572736F725C75303033645C7530303237706F696E7465725C75303032375C5C5C22207374796C655C75303033645C5C5C22637572736F723A20706F696E7465723B5C5C5C225C75303033655C5C6E5C5C745C5C745C5C745C5C745C5C745C5C745C5C745C5C745C5C745C5C745C5C745C5C745C5C745C5C745C5C7420205C7530303363636972636C652066696C6C5C75303033645C5C5C22233030303030305C5C5C22207374726F6B655C75303033645C5C5C22233030303030305C5C5C22207374726F6B652D77696474685C75303033645C5C5C22305C5C5C22207374726F6B652D6C696E656A6F696E5C75303033645C5C5C226E756C6C5C5C5C22207374726F6B652D6C696E656361705C75303033645C5C5C226E756C6C5C5C5C222063785C75303033645C5C5C2236382E35383837375C5C5C222063795C75303033645C5C5C2237322E38373235335C5C5C2220725C75303033645C5C5C2231302E34303937365C5C5C222069645C75303033645C5C5C227376675F34345C5C5C225C75303033655C75303033632F636972636C655C75303033655C5C6E5C5C745C5C745C5C745C5C745C5C745C5C745C5C745C5C745C5C745C5C745C5C745C5C745C5C745C5C745C5C7420205C7530303363746578742069645C75303033645C5C5C227376675F34325C5C5C222066696C6C5C75303033645C5C5C22233030303030305C5C5C22207374726F6B655C75303033645C5C5C22233030303030305C5C5C22207374726F6B652D77696474685C75303033645C5C5C22305C5C5C22207374726F6B652D6C696E656A6F696E5C75303033645C5C5C226E756C6C5C5C5C22207374726F6B652D6C696E656361705C75303033645C5C5C226E756C6C5C5C5C2220785C75303033645C5C5C2236392E35383034325C5C5C2220795C75303033645C5C5C2239352E34333339395C5C5C2220666F6E742D73697A655C75303033645C5C5C2231325C5C5C2220666F6E742D66616D696C795C75303033645C5C5C2273657269665C5C5C2220746578742D616E63686F725C75303033645C5C5C226D6964646C655C5C5C222073706163655C75303033645C5C5C2270726573657276655C5C5C2220666F6E742D7765696768745C75303033645C5C5C22626F6C645C5C5C225C7530303365496E6963696F5C75303033632F746578745C75303033655C5C6E5C5C745C5C745C5C745C5C74205C5C745C5C745C5C745C5C745C5C745C5C745C5C745C5C745C5C745C5C745C75303033632F675C75303033655C222C5C226D6F6469666961626C655C223A66616C73652C5C2269645C223A5C2231363762666632372D306364362D343332662D623937322D3731333263646432363466625C222C5C227A5C223A302C5C2261747472735C223A7B7D7D2C7B5C22747970655C223A5C226673612E53746174655C222C5C2273697A655C223A7B5C2277696474685C223A36302C5C226865696768745C223A36307D2C5C22706F736974696F6E5C223A7B5C22785C223A3234372C5C22795C223A33357D2C5C22616E676C655C223A302C5C226D61726B75705C223A5C225C75303033636720636C6173735C75303033645C5C5C22726F74617461626C655C5C5C225C75303033655C7530303363636972636C652066696C6C5C75303033645C5C5C22236666666661615C5C5C22207374726F6B655C75303033645C5C5C22233030303030305C5C5C22207374726F6B652D77696474685C75303033645C5C5C22335C5C5C222063785C75303033645C5C5C2233372E355C5C5C222063795C75303033645C5C5C2233392E355C5C5C2220725C75303033645C5C5C2232372E323033365C5C5C22202F5C75303033655C7530303363746578742066696C6C5C75303033645C5C5C22233030303030305C5C5C22207374726F6B655C75303033645C5C5C22233030303030305C5C5C22207374726F6B652D77696474685C75303033645C5C5C22305C5C5C22207374726F6B652D6C696E656A6F696E5C75303033645C5C5C226E756C6C5C5C5C22207374726F6B652D6C696E656361705C75303033645C5C5C226E756C6C5C5C5C2220785C75303033645C5C5C2233362E355C5C5C2220666F6E742D73697A655C75303033645C5C5C2231325C5C5C2220666F6E742D66616D696C795C75303033645C5C5C2273657269665C5C5C2220746578742D616E63686F725C75303033645C5C5C226D6964646C655C5C5C2220786D6C3A73706163655C75303033645C5C5C2270726573657276655C5C5C2220666F6E742D7765696768745C75303033645C5C5C22626F6C645C5C5C225C75303033655C75303033632F746578745C75303033655C75303033632F675C75303033655C222C5C226E616D655C223A5C227461736B315C222C5C226D6F6469666961626C655C223A747275652C5C2269645C223A5C2238383738636665302D623165382D346132392D383466612D3463616636323666323964655C222C5C227A5C223A312C5C2261747472735C223A7B5C22746578745C223A7B5C22746578745C223A5C227461736B315C222C5C227265665C223A5C22636972636C655C222C5C227265662D795C223A32382C5C22792D616C69676E6D656E745C223A5C226D6964646C655C227D7D7D2C7B5C22747970655C223A5C226673612E53746174655C222C5C2273697A655C223A7B5C2277696474685C223A36302C5C226865696768745C223A36307D2C5C22706F736974696F6E5C223A7B5C22785C223A3439302C5C22795C223A33357D2C5C22616E676C655C223A302C5C226D61726B75705C223A5C225C75303033636720636C6173735C75303033645C5C5C22726F74617461626C655C5C5C225C75303033655C7530303363636972636C652066696C6C5C75303033645C5C5C22236666666661615C5C5C22207374726F6B655C75303033645C5C5C22233030303030305C5C5C22207374726F6B652D77696474685C75303033645C5C5C22335C5C5C222063785C75303033645C5C5C2233372E355C5C5C222063795C75303033645C5C5C2233392E355C5C5C2220725C75303033645C5C5C2232372E323033365C5C5C22202F5C75303033655C7530303363746578742066696C6C5C75303033645C5C5C22233030303030305C5C5C22207374726F6B655C75303033645C5C5C22233030303030305C5C5C22207374726F6B652D77696474685C75303033645C5C5C22305C5C5C22207374726F6B652D6C696E656A6F696E5C75303033645C5C5C226E756C6C5C5C5C22207374726F6B652D6C696E656361705C75303033645C5C5C226E756C6C5C5C5C2220785C75303033645C5C5C2233362E355C5C5C2220666F6E742D73697A655C75303033645C5C5C2231325C5C5C2220666F6E742D66616D696C795C75303033645C5C5C2273657269665C5C5C2220746578742D616E63686F725C75303033645C5C5C226D6964646C655C5C5C2220786D6C3A73706163655C75303033645C5C5C2270726573657276655C5C5C2220666F6E742D7765696768745C75303033645C5C5C22626F6C645C5C5C225C75303033655C75303033632F746578745C75303033655C75303033632F675C75303033655C222C5C226E616D655C223A5C227461736B325C222C5C226D6F6469666961626C655C223A747275652C5C2269645C223A5C2239346637633039302D646364652D343237642D623232652D6235386365666639666239625C222C5C227A5C223A322C5C2261747472735C223A7B5C22746578745C223A7B5C22746578745C223A5C227461736B325C222C5C227265665C223A5C22636972636C655C222C5C227265662D795C223A32382C5C22792D616C69676E6D656E745C223A5C226D6964646C655C227D7D7D2C7B5C22747970655C223A5C226673612E53746174655C222C5C2273697A655C223A7B5C2277696474685C223A36302C5C226865696768745C223A36307D2C5C22706F736974696F6E5C223A7B5C22785C223A3730372C5C22795C223A34317D2C5C22616E676C655C223A302C5C226D61726B75705C223A5C225C753030336367206F6E6D6F7573656F7665725C75303033645C5C5C22746869732E7374796C652E637572736F725C75303033645C7530303237706F696E7465725C75303032375C5C5C22207374796C655C75303033645C5C5C22637572736F723A20706F696E7465723B5C5C5C225C75303033655C5C6E5C5C745C5C745C5C745C5C745C5C745C5C745C5C745C5C745C5C745C5C745C5C745C5C745C5C745C5C7420205C7530303363636972636C652066696C6C5C75303033645C5C5C22236564353335335C5C5C22207374726F6B655C75303033645C5C5C22233030303030305C5C5C22207374726F6B652D77696474685C75303033645C5C5C22335C5C5C222063785C75303033645C5C5C2233372E355C5C5C222063795C75303033645C5C5C2233392E355C5C5C2220725C75303033645C5C5C2232372E323033365C5C5C222069645C75303033645C5C5C227376675F33345C5C5C225C75303033655C75303033632F636972636C655C75303033655C5C6E5C5C745C5C745C5C745C5C745C5C745C5C745C5C745C5C745C5C745C5C745C5C745C5C745C5C745C5C742020205C7530303363746578742066696C6C5C75303033645C5C5C22233030303030305C5C5C22207374726F6B655C75303033645C5C5C22233030303030305C5C5C22207374726F6B652D77696474685C75303033645C5C5C22305C5C5C22207374726F6B652D6C696E656A6F696E5C75303033645C5C5C226E756C6C5C5C5C22207374726F6B652D6C696E656361705C75303033645C5C5C226E756C6C5C5C5C2220785C75303033645C5C5C2233362E355C5C5C2220795C75303033645C5C5C2233365C5C5C222069645C75303033645C5C5C227376675F34305C5C5C2220666F6E742D73697A655C75303033645C5C5C2231315C5C5C2220666F6E742D66616D696C795C75303033645C5C5C2273657269665C5C5C2220746578742D616E63686F725C75303033645C5C5C226D6964646C655C5C5C222073706163655C75303033645C5C5C2270726573657276655C5C5C2220666F6E742D7765696768745C75303033645C5C5C22626F6C645C5C5C225C75303033654775617264615C75303033632F746578745C75303033655C5C6E5C5C745C5C745C5C745C5C745C5C745C5C745C5C745C5C745C5C745C5C745C5C745C5C745C5C745C5C742020205C7530303363746578742066696C6C5C75303033645C5C5C22233030303030305C5C5C22207374726F6B655C75303033645C5C5C22233030303030305C5C5C22207374726F6B652D77696474685C75303033645C5C5C22305C5C5C22207374726F6B652D6C696E656A6F696E5C75303033645C5C5C226E756C6C5C5C5C22207374726F6B652D6C696E656361705C75303033645C5C5C226E756C6C5C5C5C2220785C75303033645C5C5C2233362E355C5C5C2220795C75303033645C5C5C2234395C5C5C2220666F6E742D73697A655C75303033645C5C5C2231315C5C5C2220666F6E742D66616D696C795C75303033645C5C5C2273657269665C5C5C2220746578742D616E63686F725C75303033645C5C5C226D6964646C655C5C5C222073706163655C75303033645C5C5C2270726573657276655C5C5C2220666F6E742D7765696768745C75303033645C5C5C22626F6C645C5C5C222069645C75303033645C5C5C227376675F34315C5C5C225C753030336554656D706F72616C5C75303033632F746578745C75303033655C5C6E5C5C745C5C745C5C745C5C745C5C745C5C745C5C745C5C745C5C745C5C745C5C745C5C745C5C745C5C745C75303033632F675C75303033655C222C5C226E616D655C223A5C2264756D6D795F313530313639323336373231305C222C5C226D6F6469666961626C655C223A66616C73652C5C2269645C223A5C2233366636303434322D646561302D343161382D393461342D3330346639343466393962625C222C5C227A5C223A332C5C2261747472735C223A7B7D7D2C7B5C22747970655C223A5C226673612E456E6453746174655C222C5C22706F736974696F6E5C223A7B5C22785C223A3839312C5C22795C223A387D2C5C2273697A655C223A7B5C2277696474685C223A312C5C226865696768745C223A317D2C5C22616E676C655C223A302C5C226E616D655C223A5C224369657272655C222C5C226D61726B75705C223A5C225C753030336367206F6E6D6F7573656F7665725C75303033645C5C5C22746869732E7374796C652E637572736F725C75303033645C7530303237706F696E7465725C75303032375C5C5C22207374796C655C75303033645C5C5C22637572736F723A20706F696E7465723B5C5C5C225C75303033655C5C6E5C5C745C5C745C5C745C5C745C5C745C5C745C5C745C5C745C5C745C5C745C5C745C5C745C5C745C5C745C5C7420205C7530303363636972636C652066696C6C5C75303033645C5C5C22233030303030305C5C5C22207374726F6B655C75303033645C5C5C22233030303030305C5C5C22207374726F6B652D77696474685C75303033645C5C5C22305C5C5C22207374726F6B652D6C696E656A6F696E5C75303033645C5C5C226E756C6C5C5C5C22207374726F6B652D6C696E656361705C75303033645C5C5C226E756C6C5C5C5C222063785C75303033645C5C5C2236382E39383739375C5C5C222063795C75303033645C5C5C2236362E303836315C5C5C2220725C75303033645C5C5C2231302E34303937365C5C5C222069645C75303033645C5C5C227376675F34345C5C5C225C75303033655C75303033632F636972636C655C75303033655C5C6E5C5C745C5C745C5C745C5C745C5C745C5C745C5C745C5C745C5C745C5C745C5C745C5C745C5C745C5C745C5C7420205C7530303363636972636C652069645C75303033645C5C5C227376675F34365C5C5C2220725C75303033645C5C5C2231332E343938325C5C5C222063795C75303033645C5C5C2236362E32363734375C5C5C222063785C75303033645C5C5C2236392E31363136385C5C5C22207374726F6B655C75303033645C5C5C22233030303030305C5C5C222066696C6C5C75303033645C5C5C226E6F6E655C5C5C225C75303033655C75303033632F636972636C655C75303033655C5C6E5C5C745C5C745C5C745C5C745C5C745C5C745C5C745C5C745C5C745C5C745C5C745C5C745C5C745C5C745C5C7420205C75303033637465787420666F6E742D7765696768745C75303033645C5C5C22626F6C645C5C5C222073706163655C75303033645C5C5C2270726573657276655C5C5C2220746578742D616E63686F725C75303033645C5C5C226D6964646C655C5C5C2220666F6E742D66616D696C795C75303033645C5C5C2273657269665C5C5C2220666F6E742D73697A655C75303033645C5C5C2231325C5C5C2220795C75303033645C5C5C2239322E32343033385C5C5C2220785C75303033645C5C5C2236392E31383132325C5C5C22207374726F6B652D6C696E656361705C75303033645C5C5C226E756C6C5C5C5C22207374726F6B652D6C696E656A6F696E5C75303033645C5C5C226E756C6C5C5C5C22207374726F6B652D77696474685C75303033645C5C5C22305C5C5C22207374726F6B655C75303033645C5C5C22233030303030305C5C5C222066696C6C5C75303033645C5C5C22233030303030305C5C5C222069645C75303033645C5C5C227376675F34325C5C5C225C75303033654369657272655C75303033632F746578745C75303033655C5C6E5C5C745C5C745C5C745C5C74205C5C745C5C745C5C745C5C745C5C745C5C745C5C745C5C745C5C745C5C745C75303033632F675C75303033655C222C5C226D6F6469666961626C655C223A66616C73652C5C2269645C223A5C2230326339653333342D333734332D343634302D383436622D3639356339386335383861335C222C5C227A5C223A342C5C2261747472735C223A7B7D7D2C7B5C22747970655C223A5C226C696E6B5C222C5C2269645C223A5C2231346261386131352D343631662D343233652D393637302D6232383739626464343534635C222C5C22656D626564735C223A5C225C222C5C22736F757263655C223A7B5C2269645C223A5C2231363762666632372D306364362D343332662D623937322D3731333263646432363466625C227D2C5C227461726765745C223A7B5C2269645C223A5C2238383738636665302D623165382D346132392D383466612D3463616636323666323964655C227D2C5C227A5C223A352C5C2261747472735C223A7B5C222E636F6E6E656374696F6E5C223A7B5C227374726F6B655C223A5C22626C61636B5C227D2C5C222E6D61726B65722D736F757263655C223A7B5C22645C223A5C224D2031302030204C20302035204C203130203130207A5C222C5C227472616E73666F726D5C223A5C227363616C6528302E303031295C227D2C5C222E6D61726B65722D7461726765745C223A7B5C22645C223A5C224D2031302030204C20302035204C203130203130207A5C227D7D7D2C7B5C22747970655C223A5C226C696E6B5C222C5C2269645C223A5C2235373539373739632D353961352D343131662D623839642D3437303537646339373332375C222C5C22656D626564735C223A5C225C222C5C22736F757263655C223A7B5C2269645C223A5C2238383738636665302D623165382D346132392D383466612D3463616636323666323964655C227D2C5C227461726765745C223A7B5C2269645C223A5C2239346637633039302D646364652D343237642D623232652D6235386365666639666239625C227D2C5C227A5C223A362C5C2261747472735C223A7B5C222E636F6E6E656374696F6E5C223A7B5C227374726F6B655C223A5C22626C61636B5C227D2C5C222E6D61726B65722D736F757263655C223A7B5C2266696C6C5C223A5C227265645C222C5C227374726F6B655C223A5C227265645C222C5C22645C223A5C224D2031302030204C20302035204C203130203130207A5C222C5C227472616E73666F726D5C223A5C227363616C652831295C227D2C5C222E6D61726B65722D7461726765745C223A7B5C2266696C6C5C223A5C22626C61636B5C222C5C22645C223A5C224D2031302030204C20302035204C203130203130207A5C222C5C227472616E73666F726D5C223A5C227363616C652831295C227D7D7D2C7B5C22747970655C223A5C226C696E6B5C222C5C2269645C223A5C2263396161356431652D653030612D343735352D396564342D3533373363393531626563395C222C5C22656D626564735C223A5C225C222C5C22736F757263655C223A7B5C2269645C223A5C2239346637633039302D646364652D343237642D623232652D6235386365666639666239625C227D2C5C227461726765745C223A7B5C2269645C223A5C2233366636303434322D646561302D343161382D393461342D3330346639343466393962625C227D2C5C227A5C223A372C5C2261747472735C223A7B5C222E636F6E6E656374696F6E5C223A7B5C227374726F6B655C223A5C22626C61636B5C227D2C5C222E6D61726B65722D736F757263655C223A7B5C2266696C6C5C223A5C227265645C222C5C227374726F6B655C223A5C227265645C222C5C22645C223A5C224D2031302030204C20302035204C203130203130207A5C222C5C227472616E73666F726D5C223A5C227363616C6528302E303031295C227D2C5C222E6D61726B65722D7461726765745C223A7B5C2266696C6C5C223A5C22626C61636B5C222C5C22645C223A5C224D2031302030204C20302035204C203130203130207A5C227D7D7D2C7B5C22747970655C223A5C226C696E6B5C222C5C2269645C223A5C2263396234383364392D633930662D343066382D623635312D3962323638623735326335655C222C5C22656D626564735C223A5C225C222C5C22736F757263655C223A7B5C2269645C223A5C2233366636303434322D646561302D343161382D393461342D3330346639343466393962625C227D2C5C227461726765745C223A7B5C2269645C223A5C2230326339653333342D333734332D343634302D383436622D3639356339386335383861335C227D2C5C227A5C223A382C5C2261747472735C223A7B5C222E636F6E6E656374696F6E5C223A7B5C227374726F6B655C223A5C22626C61636B5C227D2C5C222E6D61726B65722D736F757263655C223A7B5C2266696C6C5C223A5C227265645C222C5C227374726F6B655C223A5C227265645C222C5C22645C223A5C224D2031302030204C20302035204C203130203130207A5C222C5C227472616E73666F726D5C223A5C227363616C6528302E303031295C227D2C5C222E6D61726B65722D7461726765745C223A7B5C2266696C6C5C223A5C22626C61636B5C222C5C22645C223A5C224D2031302030204C20302035204C203130203130207A5C227D7D7D5D7D222C22696E6372656D656E7456657273696F6E223A66616C73652C2273746172745374617465223A7B2261747472696275746573223A7B22616E676C65223A302C226964223A2231363762666632372D306364362D343332662D623937322D373133326364643236346662222C226E616D65223A22496E6963696F222C22706F736974696F6E223A7B2278223A37302C2279223A317D2C2273697A65223A7B22686569676874223A32302C227769647468223A32307D2C2274797065223A226673612E53746172745374617465222C227A223A307D2C2270726F70657274696573223A7B22666F7277617264223A22222C226261636B77617264223A22222C226E616D65223A22222C22747970655374617465223A22222C2277696E646F77734964223A22222C2273746174654D6163726F555249223A22222C226163726F6E796D50617365223A22222C22776F726B666C6F774E616D65223A22222C227469706F446F63756D656E746F46464343223A22222C22666F72776172644465736963696F6E223A22222C2261636365707452656A656374223A66616C73652C22616363657074436965727265457870656469656E7465223A66616C73652C226163636570745472616D69746163696F6E4C69627265223A66616C73652C2273686F7750617373496E666F223A66616C73652C2268617347726F7570223A66616C73652C2267726F75704E616D65223A22222C226272616E63684E616D65223A22222C2268617350726576696F757347726F7570223A66616C73652C2270726576696F757347726F75704E616D65223A22222C227374617465436F6E6E6563746564546F4A6F696E4E616D6564223A22222C22737461746541667465724A6F696E4E616D6564223A22222C227374617465436F6E6E6563746564546F466F726B223A22222C22666F726B4F6E6C794C696E6B223A66616C73652C22666F726B4E616D65223A22222C22736372697074467573655461736B223A22227D2C2268617350726F70657274696573223A66616C73652C22616C6C6F776564436F6E6E656374696F6E73223A5B226673612E5374617465225D2C2268696E74223A22227D2C22656E645374617465223A7B2261747472696275746573223A7B22616E676C65223A302C226964223A2230326339653333342D333734332D343634302D383436622D363935633938633538386133222C226E616D65223A22436965727265222C22706F736974696F6E223A7B2278223A3839312C2279223A387D2C2273697A65223A7B22686569676874223A312C227769647468223A317D2C2274797065223A226673612E456E645374617465222C227A223A347D2C2270726F70657274696573223A7B22666F7277617264223A22222C226261636B77617264223A22222C226E616D65223A22222C22747970655374617465223A22222C2277696E646F77734964223A22222C2273746174654D6163726F555249223A22222C226163726F6E796D50617365223A22222C22776F726B666C6F774E616D65223A22222C227469706F446F63756D656E746F46464343223A22222C22666F72776172644465736963696F6E223A22222C2261636365707452656A656374223A66616C73652C22616363657074436965727265457870656469656E7465223A66616C73652C226163636570745472616D69746163696F6E4C69627265223A66616C73652C2273686F7750617373496E666F223A66616C73652C2268617347726F7570223A66616C73652C2267726F75704E616D65223A22222C226272616E63684E616D65223A22222C2268617350726576696F757347726F7570223A66616C73652C2270726576696F757347726F75704E616D65223A22222C227374617465436F6E6E6563746564546F4A6F696E4E616D6564223A22222C22737461746541667465724A6F696E4E616D6564223A22222C227374617465436F6E6E6563746564546F466F726B223A22222C22666F726B4F6E6C794C696E6B223A66616C73652C22666F726B4E616D65223A22222C22736372697074467573655461736B223A22227D2C2268617350726F70657274696573223A66616C73652C22616C6C6F776564436F6E6E656374696F6E73223A5B224775617264612054656D706F72616C225D2C2268696E74223A22227D2C22737461746573223A5B7B2261747472696275746573223A7B22616E676C65223A302C226964223A2238383738636665302D623165382D346132392D383466612D346361663632366632396465222C226E616D65223A227461736B31222C22706F736974696F6E223A7B2278223A3234372C2279223A33357D2C2273697A65223A7B22686569676874223A36302C227769647468223A36307D2C2274797065223A226673612E5374617465222C227A223A317D2C2270726F70657274696573223A7B22666F7277617264223A22222C226261636B77617264223A22222C226E616D65223A227461736B31222C22747970655374617465223A22222C2277696E646F77734964223A22222C2273746174654D6163726F555249223A22222C226163726F6E796D50617365223A22222C22776F726B666C6F774E616D65223A224F50327461736B222C227469706F446F63756D656E746F46464343223A22222C22666F72776172644465736963696F6E223A22222C2261636365707452656A656374223A747275652C22616363657074436965727265457870656469656E7465223A66616C73652C226163636570745472616D69746163696F6E4C69627265223A66616C73652C2273686F7750617373496E666F223A747275652C2268617347726F7570223A66616C73652C2267726F75704E616D65223A22222C226272616E63684E616D65223A22222C2268617350726576696F757347726F7570223A66616C73652C2270726576696F757347726F75704E616D65223A22222C227374617465436F6E6E6563746564546F4A6F696E4E616D6564223A22222C22737461746541667465724A6F696E4E616D6564223A22222C227374617465436F6E6E6563746564546F466F726B223A22222C2270617468546F41637475616C5374617465223A5B5D2C2270617468546F41637475616C53746174654A534F4E223A22222C22666F726B4F6E6C794C696E6B223A66616C73652C22666F726B4E616D65223A22222C22736372697074467573655461736B223A22227D2C2268617350726F70657274696573223A747275652C22616C6C6F776564436F6E6E656374696F6E73223A5B226673612E53746172745374617465222C226673612E5374617465222C225472616D69746163696F6E204C69627265222C224775617264612054656D706F72616C222C226673612E4A6F696E222C226673612E466F726B225D2C2268696E74223A22227D2C7B2261747472696275746573223A7B22616E676C65223A302C226964223A2239346637633039302D646364652D343237642D623232652D623538636566663966623962222C226E616D65223A227461736B32222C22706F736974696F6E223A7B2278223A3438332C2279223A33377D2C2273697A65223A7B22686569676874223A36302C227769647468223A36307D2C2274797065223A226673612E5374617465222C227A223A327D2C2270726F70657274696573223A7B22666F7277617264223A22222C226261636B77617264223A22222C226E616D65223A227461736B32222C22747970655374617465223A22222C2277696E646F77734964223A22222C2273746174654D6163726F555249223A22222C226163726F6E796D50617365223A22222C22776F726B666C6F774E616D65223A224F50327461736B222C227469706F446F63756D656E746F46464343223A22222C22666F72776172644465736963696F6E223A22222C2261636365707452656A656374223A747275652C22616363657074436965727265457870656469656E7465223A747275652C226163636570745472616D69746163696F6E4C69627265223A66616C73652C2273686F7750617373496E666F223A747275652C2268617347726F7570223A66616C73652C2267726F75704E616D65223A22222C226272616E63684E616D65223A22222C2268617350726576696F757347726F7570223A66616C73652C2270726576696F757347726F75704E616D65223A22222C227374617465436F6E6E6563746564546F4A6F696E4E616D6564223A22222C22737461746541667465724A6F696E4E616D6564223A22222C227374617465436F6E6E6563746564546F466F726B223A22222C2270617468546F41637475616C5374617465223A5B5D2C2270617468546F41637475616C53746174654A534F4E223A22222C22666F726B4F6E6C794C696E6B223A66616C73652C22666F726B4E616D65223A22222C22736372697074467573655461736B223A22227D2C2268617350726F70657274696573223A747275652C22616C6C6F776564436F6E6E656374696F6E73223A5B226673612E53746172745374617465222C226673612E5374617465222C225472616D69746163696F6E204C69627265222C224775617264612054656D706F72616C222C226673612E4A6F696E222C226673612E466F726B225D2C2268696E74223A22227D2C7B2261747472696275746573223A7B22616E676C65223A302C226964223A2233366636303434322D646561302D343161382D393461342D333034663934346639396262222C226E616D65223A2264756D6D795F31353031363932333637323130222C22706F736974696F6E223A7B2278223A3730372C2279223A34317D2C2273697A65223A7B22686569676874223A36302C227769647468223A36307D2C2274797065223A224775617264612054656D706F72616C222C227A223A337D2C2270726F70657274696573223A7B22666F7277617264223A22222C226261636B77617264223A22222C226E616D65223A224775617264612054656D706F72616C222C22747970655374617465223A22222C2277696E646F77734964223A22222C2273746174654D6163726F555249223A22222C226163726F6E796D50617365223A22222C22776F726B666C6F774E616D65223A224F50327461736B222C227469706F446F63756D656E746F46464343223A22222C22666F72776172644465736963696F6E223A22222C2261636365707452656A656374223A66616C73652C22616363657074436965727265457870656469656E7465223A66616C73652C226163636570745472616D69746163696F6E4C69627265223A66616C73652C2273686F7750617373496E666F223A66616C73652C2268617347726F7570223A66616C73652C2267726F75704E616D65223A22222C226272616E63684E616D65223A22222C2268617350726576696F757347726F7570223A66616C73652C2270726576696F757347726F75704E616D65223A22222C227374617465436F6E6E6563746564546F4A6F696E4E616D6564223A22222C22737461746541667465724A6F696E4E616D6564223A22222C227374617465436F6E6E6563746564546F466F726B223A22222C22666F726B4F6E6C794C696E6B223A66616C73652C22666F726B4E616D65223A22222C22736372697074467573655461736B223A22227D2C2268617350726F70657274696573223A66616C73652C22616C6C6F776564436F6E6E656374696F6E73223A5B226673612E5374617465222C226673612E456E645374617465225D2C2268696E74223A22227D5D2C226C696E6B73223A5B7B226964223A2231346261386131352D343631662D343233652D393637302D623238373962646434353463222C226F726967696E223A2231363762666632372D306364362D343332662D623937322D373133326364643236346662222C2264657374696E79223A2238383738636665302D623165382D346132392D383466612D346361663632366632396465222C22646F75626C654C696E6B223A66616C73657D2C7B226964223A2235373539373739632D353961352D343131662D623839642D343730353764633937333237222C226F726967696E223A2238383738636665302D623165382D346132392D383466612D346361663632366632396465222C2264657374696E79223A2239346637633039302D646364652D343237642D623232652D623538636566663966623962222C22646F75626C654C696E6B223A747275657D2C7B226964223A2263396161356431652D653030612D343735352D396564342D353337336339353162656339222C226F726967696E223A2239346637633039302D646364652D343237642D623232652D623538636566663966623962222C2264657374696E79223A2233366636303434322D646561302D343161382D393461342D333034663934346639396262222C22646F75626C654C696E6B223A66616C73657D2C7B226964223A2263396234383364392D633930662D343066382D623635312D396232363862373532633565222C226F726967696E223A2233366636303434322D646561302D343161382D393461342D333034663934346639396262222C2264657374696E79223A2230326339653333342D333734332D343634302D383436622D363935633938633538386133222C22646F75626C654C696E6B223A66616C73657D5D2C22666F726B73223A5B5D2C226A6F696E73223A5B5D2C2274797065576F726B466C6F77223A225441534B222C227363726970744675736547656E65726963223A22222C2276657273696F6E50726F636564757265223A307D,'TASK',0),('OP2_wdstate','ADMINEGOV','Descripción wd state',1,0x7B226964223A302C226E616D65223A224F50325F77647374617465222C22617574686F72223A2241444D494E45474F56222C226465736372697074696F6E223A224465736372697063693F207764207374617465222C2276657273696F6E223A312C226A736F6E4D6F64656C223A227B5C2263656C6C735C223A5B7B5C22747970655C223A5C226673612E537461727453746174655C222C5C2273697A655C223A7B5C2277696474685C223A32302C5C226865696768745C223A32307D2C5C22706F736974696F6E5C223A7B5C22785C223A3139302C5C22795C223A31387D2C5C22616E676C655C223A302C5C226E616D655C223A5C22496E6963696F5C222C5C226D61726B75705C223A5C225C753030336367206F6E6D6F7573656F7665725C75303033645C5C5C22746869732E7374796C652E637572736F725C75303033645C7530303237706F696E7465725C75303032375C5C5C22207374796C655C75303033645C5C5C22637572736F723A20706F696E7465723B5C5C5C225C75303033655C5C6E5C5C745C5C745C5C745C5C745C5C745C5C745C5C745C5C745C5C745C5C745C5C745C5C745C5C745C5C745C5C745C7530303363636972636C652066696C6C5C75303033645C5C5C22233030303030305C5C5C22207374726F6B655C75303033645C5C5C22233030303030305C5C5C22207374726F6B652D77696474685C75303033645C5C5C22305C5C5C22207374726F6B652D6C696E656A6F696E5C75303033645C5C5C226E756C6C5C5C5C22207374726F6B652D6C696E656361705C75303033645C5C5C226E756C6C5C5C5C222063785C75303033645C5C5C2236382E35383837375C5C5C222063795C75303033645C5C5C2237322E38373235335C5C5C2220725C75303033645C5C5C2231302E34303937365C5C5C222069645C75303033645C5C5C227376675F34345C5C5C225C75303033655C75303033632F636972636C655C75303033655C5C6E5C5C745C5C745C5C745C5C745C5C745C5C745C5C745C5C745C5C745C5C745C5C745C5C745C5C745C5C745C5C745C7530303363746578742069645C75303033645C5C5C227376675F34325C5C5C222066696C6C5C75303033645C5C5C22233030303030305C5C5C22207374726F6B655C75303033645C5C5C22233030303030305C5C5C22207374726F6B652D77696474685C75303033645C5C5C22305C5C5C22207374726F6B652D6C696E656A6F696E5C75303033645C5C5C226E756C6C5C5C5C22207374726F6B652D6C696E656361705C75303033645C5C5C226E756C6C5C5C5C2220785C75303033645C5C5C2236392E35383034325C5C5C2220795C75303033645C5C5C2239352E34333339395C5C5C2220666F6E742D73697A655C75303033645C5C5C2231325C5C5C2220666F6E742D66616D696C795C75303033645C5C5C2273657269665C5C5C2220746578742D616E63686F725C75303033645C5C5C226D6964646C655C5C5C222073706163655C75303033645C5C5C2270726573657276655C5C5C2220666F6E742D7765696768745C75303033645C5C5C22626F6C645C5C5C225C7530303365496E6963696F5C75303033632F746578745C75303033655C5C6E5C5C745C5C745C5C745C5C745C5C745C5C745C5C745C5C745C5C745C5C745C5C745C5C745C5C745C5C745C75303033632F675C75303033655C222C5C226D6F6469666961626C655C223A66616C73652C5C2269645C223A5C2237336563356132302D356430662D346235612D396533662D6631353165346439623331385C222C5C227A5C223A302C5C2261747472735C223A7B7D7D2C7B5C22747970655C223A5C226673612E53746174655C222C5C2273697A655C223A7B5C2277696474685C223A36302C5C226865696768745C223A36307D2C5C22706F736974696F6E5C223A7B5C22785C223A3332372C5C22795C223A3134317D2C5C22616E676C655C223A302C5C226D61726B75705C223A5C225C75303033636720636C6173735C75303033645C5C5C22726F74617461626C655C5C5C225C75303033655C7530303363636972636C652066696C6C5C75303033645C5C5C22236666666661615C5C5C22207374726F6B655C75303033645C5C5C22233030303030305C5C5C22207374726F6B652D77696474685C75303033645C5C5C22335C5C5C222063785C75303033645C5C5C2233372E355C5C5C222063795C75303033645C5C5C2233392E355C5C5C2220725C75303033645C5C5C2232372E323033365C5C5C22202F5C75303033655C7530303363746578742066696C6C5C75303033645C5C5C22233030303030305C5C5C22207374726F6B655C75303033645C5C5C22233030303030305C5C5C22207374726F6B652D77696474685C75303033645C5C5C22305C5C5C22207374726F6B652D6C696E656A6F696E5C75303033645C5C5C226E756C6C5C5C5C22207374726F6B652D6C696E656361705C75303033645C5C5C226E756C6C5C5C5C2220785C75303033645C5C5C2233362E355C5C5C2220666F6E742D73697A655C75303033645C5C5C2231325C5C5C2220666F6E742D66616D696C795C75303033645C5C5C2273657269665C5C5C2220746578742D616E63686F725C75303033645C5C5C226D6964646C655C5C5C2220786D6C3A73706163655C75303033645C5C5C2270726573657276655C5C5C2220666F6E742D7765696768745C75303033645C5C5C22626F6C645C5C5C225C75303033655C75303033632F746578745C75303033655C75303033632F675C75303033655C222C5C226E616D655C223A5C227374617465315C222C5C226D6F6469666961626C655C223A747275652C5C2269645C223A5C2239323937383830362D333539332D343330362D616430652D6336623131376263373732665C222C5C227A5C223A312C5C2261747472735C223A7B5C22746578745C223A7B5C22746578745C223A5C227374617465315C222C5C227265665C223A5C22636972636C655C222C5C227265662D795C223A32382C5C22792D616C69676E6D656E745C223A5C226D6964646C655C227D7D7D2C7B5C22747970655C223A5C226673612E53746174655C222C5C2273697A655C223A7B5C2277696474685C223A36302C5C226865696768745C223A36307D2C5C22706F736974696F6E5C223A7B5C22785C223A3438332C5C22795C223A3234377D2C5C22616E676C655C223A302C5C226D61726B75705C223A5C225C75303033636720636C6173735C75303033645C5C5C22726F74617461626C655C5C5C225C75303033655C7530303363636972636C652066696C6C5C75303033645C5C5C22236666666661615C5C5C22207374726F6B655C75303033645C5C5C22233030303030305C5C5C22207374726F6B652D77696474685C75303033645C5C5C22335C5C5C222063785C75303033645C5C5C2233372E355C5C5C222063795C75303033645C5C5C2233392E355C5C5C2220725C75303033645C5C5C2232372E323033365C5C5C22202F5C75303033655C7530303363746578742066696C6C5C75303033645C5C5C22233030303030305C5C5C22207374726F6B655C75303033645C5C5C22233030303030305C5C5C22207374726F6B652D77696474685C75303033645C5C5C22305C5C5C22207374726F6B652D6C696E656A6F696E5C75303033645C5C5C226E756C6C5C5C5C22207374726F6B652D6C696E656361705C75303033645C5C5C226E756C6C5C5C5C2220785C75303033645C5C5C2233362E355C5C5C2220666F6E742D73697A655C75303033645C5C5C2231325C5C5C2220666F6E742D66616D696C795C75303033645C5C5C2273657269665C5C5C2220746578742D616E63686F725C75303033645C5C5C226D6964646C655C5C5C2220786D6C3A73706163655C75303033645C5C5C2270726573657276655C5C5C2220666F6E742D7765696768745C75303033645C5C5C22626F6C645C5C5C225C75303033655C75303033632F746578745C75303033655C75303033632F675C75303033655C222C5C226E616D655C223A5C22737461746532202D2070726F62616E646F206C6172676F20646520746578746F5C222C5C226D6F6469666961626C655C223A747275652C5C2269645C223A5C2236356531666264642D373335342D343165342D393462622D3130343437306339323431655C222C5C227A5C223A322C5C2261747472735C223A7B5C22746578745C223A7B5C22746578745C223A5C22737461746532202D2070726F62616E646F206C6172676F20646520746578746F5C222C5C227265665C223A5C22636972636C655C222C5C227265662D795C223A32382C5C22792D616C69676E6D656E745C223A5C226D6964646C655C227D7D7D2C7B5C22747970655C223A5C226673612E53746174655C222C5C2273697A655C223A7B5C2277696474685C223A36302C5C226865696768745C223A36307D2C5C22706F736974696F6E5C223A7B5C22785C223A3634302C5C22795C223A3334357D2C5C22616E676C655C223A302C5C226D61726B75705C223A5C225C75303033636720636C6173735C75303033645C5C5C22726F74617461626C655C5C5C225C75303033655C7530303363636972636C652066696C6C5C75303033645C5C5C22236666666661615C5C5C22207374726F6B655C75303033645C5C5C22233030303030305C5C5C22207374726F6B652D77696474685C75303033645C5C5C22335C5C5C222063785C75303033645C5C5C2233372E355C5C5C222063795C75303033645C5C5C2233392E355C5C5C2220725C75303033645C5C5C2232372E323033365C5C5C22202F5C75303033655C7530303363746578742066696C6C5C75303033645C5C5C22233030303030305C5C5C22207374726F6B655C75303033645C5C5C22233030303030305C5C5C22207374726F6B652D77696474685C75303033645C5C5C22305C5C5C22207374726F6B652D6C696E656A6F696E5C75303033645C5C5C226E756C6C5C5C5C22207374726F6B652D6C696E656361705C75303033645C5C5C226E756C6C5C5C5C2220785C75303033645C5C5C2233362E355C5C5C2220666F6E742D73697A655C75303033645C5C5C2231325C5C5C2220666F6E742D66616D696C795C75303033645C5C5C2273657269665C5C5C2220746578742D616E63686F725C75303033645C5C5C226D6964646C655C5C5C2220786D6C3A73706163655C75303033645C5C5C2270726573657276655C5C5C2220666F6E742D7765696768745C75303033645C5C5C22626F6C645C5C5C225C75303033655C75303033632F746578745C75303033655C75303033632F675C75303033655C222C5C226E616D655C223A5C227374617465335C222C5C226D6F6469666961626C655C223A747275652C5C2269645C223A5C2261616430356231652D303462652D343839342D623630332D6236633831393135653637665C222C5C227A5C223A332C5C2261747472735C223A7B5C22746578745C223A7B5C22746578745C223A5C227374617465335C222C5C227265665C223A5C22636972636C655C222C5C227265662D795C223A32382C5C22792D616C69676E6D656E745C223A5C226D6964646C655C227D7D7D2C7B5C22747970655C223A5C226673612E456E6453746174655C222C5C22706F736974696F6E5C223A7B5C22785C223A3736352C5C22795C223A3431307D2C5C2273697A655C223A7B5C2277696474685C223A312C5C226865696768745C223A317D2C5C22616E676C655C223A302C5C226E616D655C223A5C224369657272655C222C5C226D61726B75705C223A5C225C753030336367206F6E6D6F7573656F7665725C75303033645C5C5C22746869732E7374796C652E637572736F725C75303033645C7530303237706F696E7465725C75303032375C5C5C22207374796C655C75303033645C5C5C22637572736F723A20706F696E7465723B5C5C5C225C75303033655C5C6E5C5C745C5C745C5C745C5C745C5C745C5C745C5C745C5C745C5C745C5C745C5C745C5C745C5C745C5C745C5C745C7530303363636972636C652066696C6C5C75303033645C5C5C22233030303030305C5C5C22207374726F6B655C75303033645C5C5C22233030303030305C5C5C22207374726F6B652D77696474685C75303033645C5C5C22305C5C5C22207374726F6B652D6C696E656A6F696E5C75303033645C5C5C226E756C6C5C5C5C22207374726F6B652D6C696E656361705C75303033645C5C5C226E756C6C5C5C5C222063785C75303033645C5C5C2236382E39383739375C5C5C222063795C75303033645C5C5C2236362E303836315C5C5C2220725C75303033645C5C5C2231302E34303937365C5C5C222069645C75303033645C5C5C227376675F34345C5C5C225C75303033655C75303033632F636972636C655C75303033655C5C6E5C5C745C5C745C5C745C5C745C5C745C5C745C5C745C5C745C5C745C5C745C5C745C5C745C5C745C5C745C5C745C7530303363636972636C652069645C75303033645C5C5C227376675F34365C5C5C2220725C75303033645C5C5C2231332E343938325C5C5C222063795C75303033645C5C5C2236362E32363734375C5C5C222063785C75303033645C5C5C2236392E31363136385C5C5C22207374726F6B655C75303033645C5C5C22233030303030305C5C5C222066696C6C5C75303033645C5C5C226E6F6E655C5C5C225C75303033655C75303033632F636972636C655C75303033655C5C6E5C5C745C5C745C5C745C5C745C5C745C5C745C5C745C5C745C5C745C5C745C5C745C5C745C5C745C5C745C5C745C75303033637465787420666F6E742D7765696768745C75303033645C5C5C22626F6C645C5C5C222073706163655C75303033645C5C5C2270726573657276655C5C5C2220746578742D616E63686F725C75303033645C5C5C226D6964646C655C5C5C2220666F6E742D66616D696C795C75303033645C5C5C2273657269665C5C5C2220666F6E742D73697A655C75303033645C5C5C2231325C5C5C2220795C75303033645C5C5C2239322E32343033385C5C5C2220785C75303033645C5C5C2236392E31383132325C5C5C22207374726F6B652D6C696E656361705C75303033645C5C5C226E756C6C5C5C5C22207374726F6B652D6C696E656A6F696E5C75303033645C5C5C226E756C6C5C5C5C22207374726F6B652D77696474685C75303033645C5C5C22305C5C5C22207374726F6B655C75303033645C5C5C22233030303030305C5C5C222066696C6C5C75303033645C5C5C22233030303030305C5C5C222069645C75303033645C5C5C227376675F34325C5C5C225C75303033654369657272655C75303033632F746578745C75303033655C5C6E5C5C745C5C745C5C745C5C745C5C745C5C745C5C745C5C745C5C745C5C745C5C745C5C745C5C745C5C745C75303033632F675C75303033655C222C5C226D6F6469666961626C655C223A66616C73652C5C2269645C223A5C2263343033336566632D653932392D343737652D626630652D3739666132633562363432665C222C5C227A5C223A342C5C2261747472735C223A7B7D7D2C7B5C22747970655C223A5C226C696E6B5C222C5C2269645C223A5C2236326139663837622D303237322D343138352D383337652D3435316361316438653763325C222C5C22656D626564735C223A5C225C222C5C22736F757263655C223A7B5C2269645C223A5C2237336563356132302D356430662D346235612D396533662D6631353165346439623331385C227D2C5C227461726765745C223A7B5C2269645C223A5C2239323937383830362D333539332D343330362D616430652D6336623131376263373732665C227D2C5C227A5C223A352C5C2261747472735C223A7B5C222E636F6E6E656374696F6E5C223A7B5C227374726F6B655C223A5C22626C61636B5C227D2C5C222E6D61726B65722D736F757263655C223A7B5C22645C223A5C224D2031302030204C20302035204C203130203130207A5C222C5C227472616E73666F726D5C223A5C227363616C6528302E303031295C227D2C5C222E6D61726B65722D7461726765745C223A7B5C22645C223A5C224D2031302030204C20302035204C203130203130207A5C227D7D7D2C7B5C22747970655C223A5C226C696E6B5C222C5C2269645C223A5C2232663265396138352D663833622D343464362D626334652D6665633562376138353339375C222C5C22656D626564735C223A5C225C222C5C22736F757263655C223A7B5C2269645C223A5C2239323937383830362D333539332D343330362D616430652D6336623131376263373732665C227D2C5C227461726765745C223A7B5C2269645C223A5C2236356531666264642D373335342D343165342D393462622D3130343437306339323431655C227D2C5C227A5C223A362C5C2261747472735C223A7B5C222E636F6E6E656374696F6E5C223A7B5C227374726F6B655C223A5C22626C61636B5C227D2C5C222E6D61726B65722D736F757263655C223A7B5C2266696C6C5C223A5C227265645C222C5C227374726F6B655C223A5C227265645C222C5C22645C223A5C224D2031302030204C20302035204C203130203130207A5C222C5C227472616E73666F726D5C223A5C227363616C652831295C227D2C5C222E6D61726B65722D7461726765745C223A7B5C2266696C6C5C223A5C22626C61636B5C222C5C22645C223A5C224D2031302030204C20302035204C203130203130207A5C222C5C227472616E73666F726D5C223A5C227363616C652831295C227D7D7D2C7B5C22747970655C223A5C226C696E6B5C222C5C2269645C223A5C2265656138396263372D613966332D343535312D383937662D3537343631333930383961365C222C5C22656D626564735C223A5C225C222C5C22736F757263655C223A7B5C2269645C223A5C2236356531666264642D373335342D343165342D393462622D3130343437306339323431655C227D2C5C227461726765745C223A7B5C2269645C223A5C2261616430356231652D303462652D343839342D623630332D6236633831393135653637665C227D2C5C227A5C223A372C5C2261747472735C223A7B5C222E636F6E6E656374696F6E5C223A7B5C227374726F6B655C223A5C22626C61636B5C227D2C5C222E6D61726B65722D736F757263655C223A7B5C2266696C6C5C223A5C227265645C222C5C227374726F6B655C223A5C227265645C222C5C22645C223A5C224D2031302030204C20302035204C203130203130207A5C222C5C227472616E73666F726D5C223A5C227363616C652831295C227D2C5C222E6D61726B65722D7461726765745C223A7B5C2266696C6C5C223A5C22626C61636B5C222C5C22645C223A5C224D2031302030204C20302035204C203130203130207A5C222C5C227472616E73666F726D5C223A5C227363616C652831295C227D7D7D2C7B5C22747970655C223A5C226C696E6B5C222C5C2269645C223A5C2237336636323936352D633731632D343233652D623533322D6239386336386361346332625C222C5C22656D626564735C223A5C225C222C5C22736F757263655C223A7B5C2269645C223A5C2261616430356231652D303462652D343839342D623630332D6236633831393135653637665C227D2C5C227461726765745C223A7B5C2269645C223A5C2263343033336566632D653932392D343737652D626630652D3739666132633562363432665C227D2C5C227A5C223A382C5C2261747472735C223A7B5C222E636F6E6E656374696F6E5C223A7B5C227374726F6B655C223A5C22626C61636B5C227D2C5C222E6D61726B65722D736F757263655C223A7B5C2266696C6C5C223A5C227265645C222C5C227374726F6B655C223A5C227265645C222C5C22645C223A5C224D2031302030204C20302035204C203130203130207A5C222C5C227472616E73666F726D5C223A5C227363616C6528302E303031295C227D2C5C222E6D61726B65722D7461726765745C223A7B5C2266696C6C5C223A5C22626C61636B5C222C5C22645C223A5C224D2031302030204C20302035204C203130203130207A5C227D7D7D5D7D222C22696E6372656D656E7456657273696F6E223A66616C73652C2273746172745374617465223A7B2261747472696275746573223A7B22616E676C65223A302C226964223A2237336563356132302D356430662D346235612D396533662D663135316534643962333138222C226E616D65223A22496E6963696F222C22706F736974696F6E223A7B2278223A3139302C2279223A31387D2C2273697A65223A7B22686569676874223A32302C227769647468223A32307D2C2274797065223A226673612E53746172745374617465222C227A223A307D2C2270726F70657274696573223A7B22666F7277617264223A22222C226261636B77617264223A22222C226E616D65223A22222C22747970655374617465223A22222C2277696E646F77734964223A22222C2273746174654D6163726F555249223A22222C226163726F6E796D50617365223A22222C22776F726B666C6F774E616D65223A22222C227469706F446F63756D656E746F46464343223A22222C22666F72776172644465736963696F6E223A22222C2261636365707452656A656374223A66616C73652C22616363657074436965727265457870656469656E7465223A66616C73652C226163636570745472616D69746163696F6E4C69627265223A66616C73652C2273686F7750617373496E666F223A66616C73652C2268617347726F7570223A66616C73652C2268617350726576696F757347726F7570223A66616C73652C22666F726B4F6E6C794C696E6B223A66616C73652C22736372697074467573655461736B223A22227D2C2268617350726F70657274696573223A66616C73652C22616C6C6F776564436F6E6E656374696F6E73223A5B226673612E5374617465225D2C2268696E74223A22227D2C22656E645374617465223A7B2261747472696275746573223A7B22616E676C65223A302C226964223A2263343033336566632D653932392D343737652D626630652D373966613263356236343266222C226E616D65223A22436965727265222C22706F736974696F6E223A7B2278223A3737312C2279223A3338357D2C2273697A65223A7B22686569676874223A312C227769647468223A317D2C2274797065223A226673612E456E645374617465222C227A223A347D2C2270726F70657274696573223A7B22666F7277617264223A22222C226261636B77617264223A22222C226E616D65223A22436965727265222C22747970655374617465223A22222C2277696E646F77734964223A22222C2273746174654D6163726F555249223A22222C226163726F6E796D50617365223A22222C22776F726B666C6F774E616D65223A22222C227469706F446F63756D656E746F46464343223A22222C22666F72776172644465736963696F6E223A22222C2261636365707452656A656374223A66616C73652C22616363657074436965727265457870656469656E7465223A66616C73652C226163636570745472616D69746163696F6E4C69627265223A66616C73652C2273686F7750617373496E666F223A66616C73652C2268617347726F7570223A66616C73652C2268617350726576696F757347726F7570223A66616C73652C22666F726B4F6E6C794C696E6B223A66616C73652C22736372697074467573655461736B223A22227D2C2268617350726F70657274696573223A66616C73652C22616C6C6F776564436F6E6E656374696F6E73223A5B224775617264612054656D706F72616C225D2C2268696E74223A22227D2C22737461746573223A5B7B2261747472696275746573223A7B22616E676C65223A302C226964223A2239323937383830362D333539332D343330362D616430652D633662313137626337373266222C226E616D65223A22737461746531222C22706F736974696F6E223A7B2278223A3332372C2279223A3134317D2C2273697A65223A7B22686569676874223A36302C227769647468223A36307D2C2274797065223A226673612E5374617465222C227A223A317D2C2270726F70657274696573223A7B22666F7277617264223A22222C226261636B77617264223A22222C226E616D65223A22737461746531222C2277696E646F77734964223A22222C2273746174654D6163726F555249223A22222C226163726F6E796D50617365223A22222C22776F726B666C6F774E616D65223A224F503277647374617465222C227469706F446F63756D656E746F46464343223A22222C22666F72776172644465736963696F6E223A22222C2261636365707452656A656374223A747275652C22616363657074436965727265457870656469656E7465223A66616C73652C226163636570745472616D69746163696F6E4C69627265223A66616C73652C2273686F7750617373496E666F223A747275652C2268617347726F7570223A66616C73652C2268617350726576696F757347726F7570223A66616C73652C2270617468546F41637475616C5374617465223A5B5D2C2270617468546F41637475616C53746174654A534F4E223A22222C22666F726B4F6E6C794C696E6B223A66616C73652C22736372697074467573655461736B223A22227D2C2268617350726F70657274696573223A747275652C22616C6C6F776564436F6E6E656374696F6E73223A5B226673612E53746172745374617465222C226673612E5374617465222C225472616D69746163696F6E204C69627265222C224775617264612054656D706F72616C222C226673612E4A6F696E222C226673612E466F726B225D2C2268696E74223A22227D2C7B2261747472696275746573223A7B22616E676C65223A302C226964223A2236356531666264642D373335342D343165342D393462622D313034343730633932343165222C226E616D65223A22737461746532202D2070726F62616E646F206C6172676F20646520746578746F222C22706F736974696F6E223A7B2278223A3438332C2279223A3234377D2C2273697A65223A7B22686569676874223A36302C227769647468223A36307D2C2274797065223A226673612E5374617465222C227A223A327D2C2270726F70657274696573223A7B22666F7277617264223A22222C226261636B77617264223A22222C226E616D65223A22737461746532202D2070726F62616E646F206C6172676F20646520746578746F222C2277696E646F77734964223A22222C2273746174654D6163726F555249223A22222C226163726F6E796D50617365223A22222C22776F726B666C6F774E616D65223A224F503277647374617465222C227469706F446F63756D656E746F46464343223A22222C22666F72776172644465736963696F6E223A22222C2261636365707452656A656374223A747275652C22616363657074436965727265457870656469656E7465223A66616C73652C226163636570745472616D69746163696F6E4C69627265223A66616C73652C2273686F7750617373496E666F223A747275652C2268617347726F7570223A66616C73652C2268617350726576696F757347726F7570223A66616C73652C2270617468546F41637475616C5374617465223A5B5D2C2270617468546F41637475616C53746174654A534F4E223A22222C22666F726B4F6E6C794C696E6B223A66616C73652C22736372697074467573655461736B223A22227D2C2268617350726F70657274696573223A747275652C22616C6C6F776564436F6E6E656374696F6E73223A5B226673612E53746172745374617465222C226673612E5374617465222C225472616D69746163696F6E204C69627265222C224775617264612054656D706F72616C222C226673612E4A6F696E222C226673612E466F726B225D2C2268696E74223A22227D2C7B2261747472696275746573223A7B22616E676C65223A302C226964223A2261616430356231652D303462652D343839342D623630332D623663383139313565363766222C226E616D65223A22737461746533222C22706F736974696F6E223A7B2278223A3635322C2279223A3332397D2C2273697A65223A7B22686569676874223A36302C227769647468223A36307D2C2274797065223A226673612E5374617465222C227A223A337D2C2270726F70657274696573223A7B22666F7277617264223A22222C226261636B77617264223A22222C226E616D65223A22737461746533222C2277696E646F77734964223A22222C2273746174654D6163726F555249223A22222C226163726F6E796D50617365223A22222C22776F726B666C6F774E616D65223A224F503277647374617465222C227469706F446F63756D656E746F46464343223A22222C22666F72776172644465736963696F6E223A22222C2261636365707452656A656374223A747275652C22616363657074436965727265457870656469656E7465223A66616C73652C226163636570745472616D69746163696F6E4C69627265223A66616C73652C2273686F7750617373496E666F223A747275652C2268617347726F7570223A66616C73652C2268617350726576696F757347726F7570223A66616C73652C2270617468546F41637475616C5374617465223A5B5D2C2270617468546F41637475616C53746174654A534F4E223A22222C22666F726B4F6E6C794C696E6B223A66616C73652C22736372697074467573655461736B223A22227D2C2268617350726F70657274696573223A747275652C22616C6C6F776564436F6E6E656374696F6E73223A5B226673612E53746172745374617465222C226673612E5374617465222C225472616D69746163696F6E204C69627265222C224775617264612054656D706F72616C222C226673612E4A6F696E222C226673612E466F726B225D2C2268696E74223A22227D5D2C226C696E6B73223A5B7B226964223A2236326139663837622D303237322D343138352D383337652D343531636131643865376332222C226F726967696E223A2237336563356132302D356430662D346235612D396533662D663135316534643962333138222C2264657374696E79223A2239323937383830362D333539332D343330362D616430652D633662313137626337373266222C22646F75626C654C696E6B223A66616C73657D2C7B226964223A2232663265396138352D663833622D343464362D626334652D666563356237613835333937222C226F726967696E223A2239323937383830362D333539332D343330362D616430652D633662313137626337373266222C2264657374696E79223A2236356531666264642D373335342D343165342D393462622D313034343730633932343165222C22646F75626C654C696E6B223A747275657D2C7B226964223A2265656138396263372D613966332D343535312D383937662D353734363133393038396136222C226F726967696E223A2236356531666264642D373335342D343165342D393462622D313034343730633932343165222C2264657374696E79223A2261616430356231652D303462652D343839342D623630332D623663383139313565363766222C22646F75626C654C696E6B223A747275657D2C7B226964223A2237336636323936352D633731632D343233652D623533322D623938633638636134633262222C226F726967696E223A2261616430356231652D303462652D343839342D623630332D623663383139313565363766222C2264657374696E79223A2263343033336566632D653932392D343737652D626630652D373966613263356236343266222C22646F75626C654C696E6B223A66616C73657D5D2C22666F726B73223A5B5D2C226A6F696E73223A5B5D2C2274797065576F726B466C6F77223A225354415445222C227363726970744675736547656E65726963223A22222C2276657273696F6E50726F636564757265223A307D,'STATE',0),('Solicitud LS','ADMINEGOV','Solicitud LS',0,0x7B226964223A302C226E616D65223A22536F6C696369747564204C53222C22617574686F72223A2241444D494E45474F56222C226465736372697074696F6E223A22536F6C696369747564204C53222C2276657273696F6E223A302C226A736F6E4D6F64656C223A227B5C2263656C6C735C223A5B7B5C22747970655C223A5C226673612E537461727453746174655C222C5C2273697A655C223A7B5C2277696474685C223A32302C5C226865696768745C223A32307D2C5C22706F736974696F6E5C223A7B5C22785C223A33392C5C22795C223A35387D2C5C22616E676C655C223A302C5C226E616D655C223A5C22496E6963696F5C222C5C226D61726B75705C223A5C225C753030336367206F6E6D6F7573656F7665725C75303033645C5C5C22746869732E7374796C652E637572736F725C75303033645C7530303237706F696E7465725C75303032375C5C5C22207374796C655C75303033645C5C5C22637572736F723A20706F696E7465723B5C5C5C225C75303033655C5C6E5C5C745C5C745C5C745C5C745C5C745C5C745C5C745C5C745C5C745C5C745C5C745C5C745C5C745C5C745C5C7420205C7530303363636972636C652066696C6C5C75303033645C5C5C22233030303030305C5C5C22207374726F6B655C75303033645C5C5C22233030303030305C5C5C22207374726F6B652D77696474685C75303033645C5C5C22305C5C5C22207374726F6B652D6C696E656A6F696E5C75303033645C5C5C226E756C6C5C5C5C22207374726F6B652D6C696E656361705C75303033645C5C5C226E756C6C5C5C5C222063785C75303033645C5C5C2236382E35383837375C5C5C222063795C75303033645C5C5C2237322E38373235335C5C5C2220725C75303033645C5C5C2231302E34303937365C5C5C222069645C75303033645C5C5C227376675F34345C5C5C225C75303033655C75303033632F636972636C655C75303033655C5C6E5C5C745C5C745C5C745C5C745C5C745C5C745C5C745C5C745C5C745C5C745C5C745C5C745C5C745C5C745C5C7420205C7530303363746578742069645C75303033645C5C5C227376675F34325C5C5C222066696C6C5C75303033645C5C5C22233030303030305C5C5C22207374726F6B655C75303033645C5C5C22233030303030305C5C5C22207374726F6B652D77696474685C75303033645C5C5C22305C5C5C22207374726F6B652D6C696E656A6F696E5C75303033645C5C5C226E756C6C5C5C5C22207374726F6B652D6C696E656361705C75303033645C5C5C226E756C6C5C5C5C2220785C75303033645C5C5C2236392E35383034325C5C5C2220795C75303033645C5C5C2239352E34333339395C5C5C2220666F6E742D73697A655C75303033645C5C5C2231325C5C5C2220666F6E742D66616D696C795C75303033645C5C5C2273657269665C5C5C2220746578742D616E63686F725C75303033645C5C5C226D6964646C655C5C5C222073706163655C75303033645C5C5C2270726573657276655C5C5C2220666F6E742D7765696768745C75303033645C5C5C22626F6C645C5C5C225C7530303365496E6963696F5C75303033632F746578745C75303033655C5C6E5C5C745C5C745C5C745C5C74205C5C745C5C745C5C745C5C745C5C745C5C745C5C745C5C745C5C745C5C745C75303033632F675C75303033655C222C5C226D6F6469666961626C655C223A66616C73652C5C2269645C223A5C2263663531613238352D323566302D346132652D393235652D6438656134346162313363645C222C5C227A5C223A302C5C2261747472735C223A7B7D7D2C7B5C22747970655C223A5C226673612E456E6453746174655C222C5C22706F736974696F6E5C223A7B5C22785C223A3831302C5C22795C223A36357D2C5C2273697A655C223A7B5C2277696474685C223A312C5C226865696768745C223A317D2C5C22616E676C655C223A302C5C226E616D655C223A5C224369657272655C222C5C226D61726B75705C223A5C225C753030336367206F6E6D6F7573656F7665725C75303033645C5C5C22746869732E7374796C652E637572736F725C75303033645C7530303237706F696E7465725C75303032375C5C5C22207374796C655C75303033645C5C5C22637572736F723A20706F696E7465723B5C5C5C225C75303033655C5C6E5C5C745C5C745C5C745C5C745C5C745C5C745C5C745C5C745C5C745C5C745C5C745C5C745C5C745C5C745C5C7420205C7530303363636972636C652066696C6C5C75303033645C5C5C22233030303030305C5C5C22207374726F6B655C75303033645C5C5C22233030303030305C5C5C22207374726F6B652D77696474685C75303033645C5C5C22305C5C5C22207374726F6B652D6C696E656A6F696E5C75303033645C5C5C226E756C6C5C5C5C22207374726F6B652D6C696E656361705C75303033645C5C5C226E756C6C5C5C5C222063785C75303033645C5C5C2236382E39383739375C5C5C222063795C75303033645C5C5C2236362E303836315C5C5C2220725C75303033645C5C5C2231302E34303937365C5C5C222069645C75303033645C5C5C227376675F34345C5C5C225C75303033655C75303033632F636972636C655C75303033655C5C6E5C5C745C5C745C5C745C5C745C5C745C5C745C5C745C5C745C5C745C5C745C5C745C5C745C5C745C5C745C5C7420205C7530303363636972636C652069645C75303033645C5C5C227376675F34365C5C5C2220725C75303033645C5C5C2231332E343938325C5C5C222063795C75303033645C5C5C2236362E32363734375C5C5C222063785C75303033645C5C5C2236392E31363136385C5C5C22207374726F6B655C75303033645C5C5C22233030303030305C5C5C222066696C6C5C75303033645C5C5C226E6F6E655C5C5C225C75303033655C75303033632F636972636C655C75303033655C5C6E5C5C745C5C745C5C745C5C745C5C745C5C745C5C745C5C745C5C745C5C745C5C745C5C745C5C745C5C745C5C7420205C75303033637465787420666F6E742D7765696768745C75303033645C5C5C22626F6C645C5C5C222073706163655C75303033645C5C5C2270726573657276655C5C5C2220746578742D616E63686F725C75303033645C5C5C226D6964646C655C5C5C2220666F6E742D66616D696C795C75303033645C5C5C2273657269665C5C5C2220666F6E742D73697A655C75303033645C5C5C2231325C5C5C2220795C75303033645C5C5C2239322E32343033385C5C5C2220785C75303033645C5C5C2236392E31383132325C5C5C22207374726F6B652D6C696E656361705C75303033645C5C5C226E756C6C5C5C5C22207374726F6B652D6C696E656A6F696E5C75303033645C5C5C226E756C6C5C5C5C22207374726F6B652D77696474685C75303033645C5C5C22305C5C5C22207374726F6B655C75303033645C5C5C22233030303030305C5C5C222066696C6C5C75303033645C5C5C22233030303030305C5C5C222069645C75303033645C5C5C227376675F34325C5C5C225C75303033654369657272655C75303033632F746578745C75303033655C5C6E5C5C745C5C745C5C745C5C74205C5C745C5C745C5C745C5C745C5C745C5C745C5C745C5C745C5C745C5C745C75303033632F675C75303033655C222C5C226D6F6469666961626C655C223A66616C73652C5C2269645C223A5C2235376539623233392D613362362D346532612D623963372D6438613937383934313934655C222C5C227A5C223A312C5C2261747472735C223A7B7D7D2C7B5C22747970655C223A5C226673612E53746174655C222C5C2273697A655C223A7B5C2277696474685C223A36302C5C226865696768745C223A36307D2C5C22706F736974696F6E5C223A7B5C22785C223A3234302C5C22795C223A39357D2C5C22616E676C655C223A302C5C226D61726B75705C223A5C225C75303033636720636C6173735C75303033645C5C5C22726F74617461626C655C5C5C225C75303033655C7530303363636972636C652066696C6C5C75303033645C5C5C22236666666661615C5C5C22207374726F6B655C75303033645C5C5C22233030303030305C5C5C22207374726F6B652D77696474685C75303033645C5C5C22335C5C5C222063785C75303033645C5C5C2233372E355C5C5C222063795C75303033645C5C5C2233392E355C5C5C2220725C75303033645C5C5C2232372E323033365C5C5C22202F5C75303033655C7530303363746578742066696C6C5C75303033645C5C5C22233030303030305C5C5C22207374726F6B655C75303033645C5C5C22233030303030305C5C5C22207374726F6B652D77696474685C75303033645C5C5C22305C5C5C22207374726F6B652D6C696E656A6F696E5C75303033645C5C5C226E756C6C5C5C5C22207374726F6B652D6C696E656361705C75303033645C5C5C226E756C6C5C5C5C2220785C75303033645C5C5C2233362E355C5C5C2220666F6E742D73697A655C75303033645C5C5C2231325C5C5C2220666F6E742D66616D696C795C75303033645C5C5C2273657269665C5C5C2220746578742D616E63686F725C75303033645C5C5C226D6964646C655C5C5C2220786D6C3A73706163655C75303033645C5C5C2270726573657276655C5C5C2220666F6E742D7765696768745C75303033645C5C5C22626F6C645C5C5C225C75303033655C75303033632F746578745C75303033655C75303033632F675C75303033655C222C5C226E616D655C223A5C22536F6C696369747564204C535C222C5C226D6F6469666961626C655C223A747275652C5C2269645C223A5C2232383562306264342D336330642D343336632D613562632D6331373632316266653938305C222C5C227A5C223A322C5C2261747472735C223A7B5C22746578745C223A7B5C22746578745C223A5C22536F6C696369747564204C535C222C5C227265665C223A5C22636972636C655C222C5C227265662D795C223A32382C5C22792D616C69676E6D656E745C223A5C226D6964646C655C227D7D7D2C7B5C22747970655C223A5C226C696E6B5C222C5C2269645C223A5C2231316330303433312D643464302D346566312D613236342D3938346664366563386532645C222C5C22656D626564735C223A5C225C222C5C22736F757263655C223A7B5C2269645C223A5C2263663531613238352D323566302D346132652D393235652D6438656134346162313363645C227D2C5C227461726765745C223A7B5C2269645C223A5C2232383562306264342D336330642D343336632D613562632D6331373632316266653938305C227D2C5C227A5C223A332C5C2261747472735C223A7B5C222E636F6E6E656374696F6E5C223A7B5C227374726F6B655C223A5C22626C61636B5C227D2C5C222E6D61726B65722D736F757263655C223A7B5C22645C223A5C224D2031302030204C20302035204C203130203130207A5C222C5C227472616E73666F726D5C223A5C227363616C6528302E303031295C227D2C5C222E6D61726B65722D7461726765745C223A7B5C22645C223A5C224D2031302030204C20302035204C203130203130207A5C227D7D7D2C7B5C22747970655C223A5C226673612E53746174655C222C5C2273697A655C223A7B5C2277696474685C223A36302C5C226865696768745C223A36307D2C5C22706F736974696F6E5C223A7B5C22785C223A3433302C5C22795C223A39357D2C5C22616E676C655C223A302C5C226D61726B75705C223A5C225C75303033636720636C6173735C75303033645C5C5C22726F74617461626C655C5C5C225C75303033655C7530303363636972636C652066696C6C5C75303033645C5C5C22236666666661615C5C5C22207374726F6B655C75303033645C5C5C22233030303030305C5C5C22207374726F6B652D77696474685C75303033645C5C5C22335C5C5C222063785C75303033645C5C5C2233372E355C5C5C222063795C75303033645C5C5C2233392E355C5C5C2220725C75303033645C5C5C2232372E323033365C5C5C22202F5C75303033655C7530303363746578742066696C6C5C75303033645C5C5C22233030303030305C5C5C22207374726F6B655C75303033645C5C5C22233030303030305C5C5C22207374726F6B652D77696474685C75303033645C5C5C22305C5C5C22207374726F6B652D6C696E656A6F696E5C75303033645C5C5C226E756C6C5C5C5C22207374726F6B652D6C696E656361705C75303033645C5C5C226E756C6C5C5C5C2220785C75303033645C5C5C2233362E355C5C5C2220666F6E742D73697A655C75303033645C5C5C2231325C5C5C2220666F6E742D66616D696C795C75303033645C5C5C2273657269665C5C5C2220746578742D616E63686F725C75303033645C5C5C226D6964646C655C5C5C2220786D6C3A73706163655C75303033645C5C5C2270726573657276655C5C5C2220666F6E742D7765696768745C75303033645C5C5C22626F6C645C5C5C225C75303033655C75303033632F746578745C75303033655C75303033632F675C75303033655C222C5C226E616D655C223A5C224576616C756163696F6E205465636E6963615C222C5C226D6F6469666961626C655C223A747275652C5C2269645C223A5C2238336139363139622D313937662D343661332D623364632D6632623939363064613431625C222C5C227A5C223A342C5C2261747472735C223A7B5C22746578745C223A7B5C22746578745C223A5C224576616C756163696F6E205465636E6963615C222C5C227265665C223A5C22636972636C655C222C5C227265662D795C223A32382C5C22792D616C69676E6D656E745C223A5C226D6964646C655C227D7D7D2C7B5C22747970655C223A5C226C696E6B5C222C5C2269645C223A5C2264616261363363622D663633332D346232382D386463392D3230376131633032613336325C222C5C22656D626564735C223A5C225C222C5C22736F757263655C223A7B5C2269645C223A5C2232383562306264342D336330642D343336632D613562632D6331373632316266653938305C227D2C5C227461726765745C223A7B5C2269645C223A5C2238336139363139622D313937662D343661332D623364632D6632623939363064613431625C227D2C5C227A5C223A352C5C2261747472735C223A7B5C222E636F6E6E656374696F6E5C223A7B5C227374726F6B655C223A5C22626C61636B5C227D2C5C222E6D61726B65722D736F757263655C223A7B5C2266696C6C5C223A5C227265645C222C5C227374726F6B655C223A5C227265645C222C5C22645C223A5C224D2031302030204C20302035204C203130203130207A5C222C5C227472616E73666F726D5C223A5C227363616C652831295C227D2C5C222E6D61726B65722D7461726765745C223A7B5C2266696C6C5C223A5C22626C61636B5C222C5C22645C223A5C224D2031302030204C20302035204C203130203130207A5C222C5C227472616E73666F726D5C223A5C227363616C652831295C227D7D7D2C7B5C22747970655C223A5C226673612E53746174655C222C5C2273697A655C223A7B5C2277696474685C223A36302C5C226865696768745C223A36307D2C5C22706F736974696F6E5C223A7B5C22785C223A3537302C5C22795C223A3130307D2C5C22616E676C655C223A302C5C226D61726B75705C223A5C225C75303033636720636C6173735C75303033645C5C5C22726F74617461626C655C5C5C225C75303033655C7530303363636972636C652066696C6C5C75303033645C5C5C22236666666661615C5C5C22207374726F6B655C75303033645C5C5C22233030303030305C5C5C22207374726F6B652D77696474685C75303033645C5C5C22335C5C5C222063785C75303033645C5C5C2233372E355C5C5C222063795C75303033645C5C5C2233392E355C5C5C2220725C75303033645C5C5C2232372E323033365C5C5C22202F5C75303033655C7530303363746578742066696C6C5C75303033645C5C5C22233030303030305C5C5C22207374726F6B655C75303033645C5C5C22233030303030305C5C5C22207374726F6B652D77696474685C75303033645C5C5C22305C5C5C22207374726F6B652D6C696E656A6F696E5C75303033645C5C5C226E756C6C5C5C5C22207374726F6B652D6C696E656361705C75303033645C5C5C226E756C6C5C5C5C2220785C75303033645C5C5C2233362E355C5C5C2220666F6E742D73697A655C75303033645C5C5C2231325C5C5C2220666F6E742D66616D696C795C75303033645C5C5C2273657269665C5C5C2220746578742D616E63686F725C75303033645C5C5C226D6964646C655C5C5C2220786D6C3A73706163655C75303033645C5C5C2270726573657276655C5C5C2220666F6E742D7765696768745C75303033645C5C5C22626F6C645C5C5C225C75303033655C75303033632F746578745C75303033655C75303033632F675C75303033655C222C5C226E616D655C223A5C224576616C204C6567616C5C222C5C226D6F6469666961626C655C223A747275652C5C2269645C223A5C2263643465623761632D613932382D343563332D616362362D3837336666646532363361625C222C5C227A5C223A362C5C2261747472735C223A7B5C22746578745C223A7B5C22746578745C223A5C224576616C204C6567616C5C222C5C227265665C223A5C22636972636C655C222C5C227265662D795C223A32382C5C22792D616C69676E6D656E745C223A5C226D6964646C655C227D7D7D2C7B5C22747970655C223A5C226C696E6B5C222C5C2269645C223A5C2263343937383765332D363165632D343139362D396532622D3465653165343037306336365C222C5C22656D626564735C223A5C225C222C5C22736F757263655C223A7B5C2269645C223A5C2238336139363139622D313937662D343661332D623364632D6632623939363064613431625C227D2C5C227461726765745C223A7B5C2269645C223A5C2263643465623761632D613932382D343563332D616362362D3837336666646532363361625C227D2C5C227A5C223A372C5C2261747472735C223A7B5C222E636F6E6E656374696F6E5C223A7B5C227374726F6B655C223A5C22626C61636B5C227D2C5C222E6D61726B65722D736F757263655C223A7B5C2266696C6C5C223A5C227265645C222C5C227374726F6B655C223A5C227265645C222C5C22645C223A5C224D2031302030204C20302035204C203130203130207A5C222C5C227472616E73666F726D5C223A5C227363616C652831295C227D2C5C222E6D61726B65722D7461726765745C223A7B5C2266696C6C5C223A5C22626C61636B5C222C5C22645C223A5C224D2031302030204C20302035204C203130203130207A5C222C5C227472616E73666F726D5C223A5C227363616C652831295C227D7D7D2C7B5C22747970655C223A5C226673612E53746174655C222C5C2273697A655C223A7B5C2277696474685C223A36302C5C226865696768745C223A36307D2C5C22706F736974696F6E5C223A7B5C22785C223A3730352C5C22795C223A3130307D2C5C22616E676C655C223A302C5C226D61726B75705C223A5C225C753030336367206F6E6D6F7573656F7665725C75303033645C5C5C22746869732E7374796C652E637572736F725C75303033645C7530303237706F696E7465725C75303032375C5C5C22207374796C655C75303033645C5C5C22637572736F723A20706F696E7465723B5C5C5C225C75303033655C5C6E5C5C745C5C745C5C745C5C745C5C745C5C745C5C745C5C745C5C745C5C745C5C745C5C745C5C745C5C7420205C7530303363636972636C652066696C6C5C75303033645C5C5C22236564353335335C5C5C22207374726F6B655C75303033645C5C5C22233030303030305C5C5C22207374726F6B652D77696474685C75303033645C5C5C22335C5C5C222063785C75303033645C5C5C2233372E355C5C5C222063795C75303033645C5C5C2233392E355C5C5C2220725C75303033645C5C5C2232372E323033365C5C5C222069645C75303033645C5C5C227376675F33345C5C5C225C75303033655C75303033632F636972636C655C75303033655C5C6E5C5C745C5C745C5C745C5C745C5C745C5C745C5C745C5C745C5C745C5C745C5C745C5C745C5C745C5C742020205C7530303363746578742066696C6C5C75303033645C5C5C22233030303030305C5C5C22207374726F6B655C75303033645C5C5C22233030303030305C5C5C22207374726F6B652D77696474685C75303033645C5C5C22305C5C5C22207374726F6B652D6C696E656A6F696E5C75303033645C5C5C226E756C6C5C5C5C22207374726F6B652D6C696E656361705C75303033645C5C5C226E756C6C5C5C5C2220785C75303033645C5C5C2233362E355C5C5C2220795C75303033645C5C5C2233365C5C5C222069645C75303033645C5C5C227376675F34305C5C5C2220666F6E742D73697A655C75303033645C5C5C2231315C5C5C2220666F6E742D66616D696C795C75303033645C5C5C2273657269665C5C5C2220746578742D616E63686F725C75303033645C5C5C226D6964646C655C5C5C222073706163655C75303033645C5C5C2270726573657276655C5C5C2220666F6E742D7765696768745C75303033645C5C5C22626F6C645C5C5C225C75303033654775617264615C75303033632F746578745C75303033655C5C6E5C5C745C5C745C5C745C5C745C5C745C5C745C5C745C5C745C5C745C5C745C5C745C5C745C5C745C5C742020205C7530303363746578742066696C6C5C75303033645C5C5C22233030303030305C5C5C22207374726F6B655C75303033645C5C5C22233030303030305C5C5C22207374726F6B652D77696474685C75303033645C5C5C22305C5C5C22207374726F6B652D6C696E656A6F696E5C75303033645C5C5C226E756C6C5C5C5C22207374726F6B652D6C696E656361705C75303033645C5C5C226E756C6C5C5C5C2220785C75303033645C5C5C2233362E355C5C5C2220795C75303033645C5C5C2234395C5C5C2220666F6E742D73697A655C75303033645C5C5C2231315C5C5C2220666F6E742D66616D696C795C75303033645C5C5C2273657269665C5C5C2220746578742D616E63686F725C75303033645C5C5C226D6964646C655C5C5C222073706163655C75303033645C5C5C2270726573657276655C5C5C2220666F6E742D7765696768745C75303033645C5C5C22626F6C645C5C5C222069645C75303033645C5C5C227376675F34315C5C5C225C753030336554656D706F72616C5C75303033632F746578745C75303033655C5C6E5C5C745C5C745C5C745C5C745C5C745C5C745C5C745C5C745C5C745C5C745C5C745C5C745C5C745C5C745C75303033632F675C75303033655C222C5C226E616D655C223A5C2264756D6D795F313530313730343330393437325C222C5C226D6F6469666961626C655C223A66616C73652C5C2269645C223A5C2237303334353834342D393738322D346239382D623131342D3663363765343536383636655C222C5C227A5C223A382C5C2261747472735C223A7B7D7D2C7B5C22747970655C223A5C226C696E6B5C222C5C2269645C223A5C2236333831306333652D313066382D346336322D383831302D3164636239373237383166335C222C5C22656D626564735C223A5C225C222C5C22736F757263655C223A7B5C2269645C223A5C2263643465623761632D613932382D343563332D616362362D3837336666646532363361625C227D2C5C227461726765745C223A7B5C2269645C223A5C2237303334353834342D393738322D346239382D623131342D3663363765343536383636655C227D2C5C227A5C223A392C5C2261747472735C223A7B5C222E636F6E6E656374696F6E5C223A7B5C227374726F6B655C223A5C22626C61636B5C227D2C5C222E6D61726B65722D736F757263655C223A7B5C2266696C6C5C223A5C227265645C222C5C227374726F6B655C223A5C227265645C222C5C22645C223A5C224D2031302030204C20302035204C203130203130207A5C222C5C227472616E73666F726D5C223A5C227363616C6528302E303031295C227D2C5C222E6D61726B65722D7461726765745C223A7B5C2266696C6C5C223A5C22626C61636B5C222C5C22645C223A5C224D2031302030204C20302035204C203130203130207A5C227D7D7D2C7B5C22747970655C223A5C226C696E6B5C222C5C2269645C223A5C2239383139323736322D353765362D343861392D383536392D3566343861633337653835345C222C5C22656D626564735C223A5C225C222C5C22736F757263655C223A7B5C2269645C223A5C2237303334353834342D393738322D346239382D623131342D3663363765343536383636655C227D2C5C227461726765745C223A7B5C2269645C223A5C2235376539623233392D613362362D346532612D623963372D6438613937383934313934655C227D2C5C227A5C223A31302C5C2261747472735C223A7B5C222E636F6E6E656374696F6E5C223A7B5C227374726F6B655C223A5C22626C61636B5C227D2C5C222E6D61726B65722D736F757263655C223A7B5C2266696C6C5C223A5C227265645C222C5C227374726F6B655C223A5C227265645C222C5C22645C223A5C224D2031302030204C20302035204C203130203130207A5C222C5C227472616E73666F726D5C223A5C227363616C6528302E303031295C227D2C5C222E6D61726B65722D7461726765745C223A7B5C2266696C6C5C223A5C22626C61636B5C222C5C22645C223A5C224D2031302030204C20302035204C203130203130207A5C227D7D7D5D7D222C22696E6372656D656E7456657273696F6E223A747275652C2273746172745374617465223A7B2261747472696275746573223A7B22616E676C65223A302C226964223A2263663531613238352D323566302D346132652D393235652D643865613434616231336364222C226E616D65223A22496E6963696F222C22706F736974696F6E223A7B2278223A33392C2279223A35387D2C2273697A65223A7B22686569676874223A32302C227769647468223A32307D2C2274797065223A226673612E53746172745374617465222C227A223A307D2C2270726F70657274696573223A7B22666F7277617264223A22222C226261636B77617264223A22222C226E616D65223A22222C22747970655374617465223A22222C2277696E646F77734964223A22222C2273746174654D6163726F555249223A22222C226163726F6E796D50617365223A22222C22776F726B666C6F774E616D65223A22222C227469706F446F63756D656E746F46464343223A22222C22666F72776172644465736963696F6E223A22222C2261636365707452656A656374223A66616C73652C22616363657074436965727265457870656469656E7465223A66616C73652C226163636570745472616D69746163696F6E4C69627265223A66616C73652C2273686F7750617373496E666F223A66616C73652C2268617347726F7570223A66616C73652C2268617350726576696F757347726F7570223A66616C73652C22666F726B4F6E6C794C696E6B223A66616C73652C22736372697074467573655461736B223A22227D2C2268617350726F70657274696573223A66616C73652C22616C6C6F776564436F6E6E656374696F6E73223A5B226673612E5374617465225D2C2268696E74223A22227D2C22656E645374617465223A7B2261747472696275746573223A7B22616E676C65223A302C226964223A2235376539623233392D613362362D346532612D623963372D643861393738393431393465222C226E616D65223A22436965727265222C22706F736974696F6E223A7B2278223A3538302C2279223A31357D2C2273697A65223A7B22686569676874223A312C227769647468223A317D2C2274797065223A226673612E456E645374617465222C227A223A317D2C2270726F70657274696573223A7B22666F7277617264223A22222C226261636B77617264223A22222C226E616D65223A22436965727265222C22747970655374617465223A22222C2277696E646F77734964223A22222C2273746174654D6163726F555249223A22222C226163726F6E796D50617365223A22222C22776F726B666C6F774E616D65223A22222C227469706F446F63756D656E746F46464343223A22222C22666F72776172644465736963696F6E223A22222C2261636365707452656A656374223A66616C73652C22616363657074436965727265457870656469656E7465223A66616C73652C226163636570745472616D69746163696F6E4C69627265223A66616C73652C2273686F7750617373496E666F223A66616C73652C2268617347726F7570223A66616C73652C2268617350726576696F757347726F7570223A66616C73652C22666F726B4F6E6C794C696E6B223A66616C73652C22736372697074467573655461736B223A22227D2C2268617350726F70657274696573223A66616C73652C22616C6C6F776564436F6E6E656374696F6E73223A5B224775617264612054656D706F72616C225D2C2268696E74223A22227D2C22737461746573223A5B7B2261747472696275746573223A7B22616E676C65223A302C226964223A2232383562306264342D336330642D343336632D613562632D633137363231626665393830222C226E616D65223A22536F6C696369747564204C53222C22706F736974696F6E223A7B2278223A3135322C2279223A33357D2C2273697A65223A7B22686569676874223A36302C227769647468223A36307D2C2274797065223A226673612E5374617465222C227A223A327D2C2270726F70657274696573223A7B22666F7277617264223A22222C226261636B77617264223A22222C226E616D65223A22536F6C696369747564204C53222C2277696E646F77734964223A22222C2273746174654D6163726F555249223A22222C226163726F6E796D50617365223A22222C22776F726B666C6F774E616D65223A22536F6C696369747564204C53222C227469706F446F63756D656E746F46464343223A22222C22666F72776172644465736963696F6E223A22222C2261636365707452656A656374223A747275652C22616363657074436965727265457870656469656E7465223A66616C73652C226163636570745472616D69746163696F6E4C69627265223A66616C73652C2273686F7750617373496E666F223A747275652C2268617347726F7570223A66616C73652C2268617350726576696F757347726F7570223A66616C73652C2270617468546F41637475616C5374617465223A5B5D2C2270617468546F41637475616C53746174654A534F4E223A22222C22666F726B4F6E6C794C696E6B223A66616C73652C22736372697074467573655461736B223A22227D2C2268617350726F70657274696573223A747275652C22616C6C6F776564436F6E6E656374696F6E73223A5B226673612E53746172745374617465222C226673612E5374617465222C225472616D69746163696F6E204C69627265222C224775617264612054656D706F72616C222C226673612E4A6F696E222C226673612E466F726B225D2C2268696E74223A22227D2C7B2261747472696275746573223A7B22616E676C65223A302C226964223A2238336139363139622D313937662D343661332D623364632D663262393936306461343162222C226E616D65223A224576616C756163696F6E205465636E696361222C22706F736974696F6E223A7B2278223A3238352C2279223A31327D2C2273697A65223A7B22686569676874223A36302C227769647468223A36307D2C2274797065223A226673612E5374617465222C227A223A347D2C2270726F70657274696573223A7B22666F7277617264223A22222C226261636B77617264223A22222C226E616D65223A224576616C756163696F6E205465636E696361222C2277696E646F77734964223A22222C2273746174654D6163726F555249223A22222C226163726F6E796D50617365223A22222C22776F726B666C6F774E616D65223A22536F6C696369747564204C53222C227469706F446F63756D656E746F46464343223A22222C22666F72776172644465736963696F6E223A22222C2261636365707452656A656374223A747275652C22616363657074436965727265457870656469656E7465223A66616C73652C226163636570745472616D69746163696F6E4C69627265223A66616C73652C2273686F7750617373496E666F223A747275652C2268617347726F7570223A66616C73652C2268617350726576696F757347726F7570223A66616C73652C2270617468546F41637475616C5374617465223A5B5D2C2270617468546F41637475616C53746174654A534F4E223A22222C22666F726B4F6E6C794C696E6B223A66616C73652C22736372697074467573655461736B223A22227D2C2268617350726F70657274696573223A747275652C22616C6C6F776564436F6E6E656374696F6E73223A5B226673612E53746172745374617465222C226673612E5374617465222C225472616D69746163696F6E204C69627265222C224775617264612054656D706F72616C222C226673612E4A6F696E222C226673612E466F726B225D2C2268696E74223A22227D2C7B2261747472696275746573223A7B22616E676C65223A302C226964223A2263643465623761632D613932382D343563332D616362362D383733666664653236336162222C226E616D65223A224576616C204C6567616C222C22706F736974696F6E223A7B2278223A3439332C2279223A35327D2C2273697A65223A7B22686569676874223A36302C227769647468223A36307D2C2274797065223A226673612E5374617465222C227A223A367D2C2270726F70657274696573223A7B22666F7277617264223A22222C226261636B77617264223A22222C226E616D65223A224576616C204C6567616C222C2277696E646F77734964223A22222C2273746174654D6163726F555249223A22222C226163726F6E796D50617365223A22222C22776F726B666C6F774E616D65223A22536F6C696369747564204C53222C227469706F446F63756D656E746F46464343223A22222C22666F72776172644465736963696F6E223A22222C2261636365707452656A656374223A747275652C22616363657074436965727265457870656469656E7465223A66616C73652C226163636570745472616D69746163696F6E4C69627265223A66616C73652C2273686F7750617373496E666F223A747275652C2268617347726F7570223A66616C73652C2268617350726576696F757347726F7570223A66616C73652C2270617468546F41637475616C5374617465223A5B5D2C2270617468546F41637475616C53746174654A534F4E223A22222C22666F726B4F6E6C794C696E6B223A66616C73652C22736372697074467573655461736B223A22227D2C2268617350726F70657274696573223A747275652C22616C6C6F776564436F6E6E656374696F6E73223A5B226673612E53746172745374617465222C226673612E5374617465222C225472616D69746163696F6E204C69627265222C224775617264612054656D706F72616C222C226673612E4A6F696E222C226673612E466F726B225D2C2268696E74223A22227D2C7B2261747472696275746573223A7B22616E676C65223A302C226964223A2237303334353834342D393738322D346239382D623131342D366336376534353638363665222C226E616D65223A2264756D6D795F31353031373034333039343732222C22706F736974696F6E223A7B2278223A3630342C2279223A39357D2C2273697A65223A7B22686569676874223A36302C227769647468223A36307D2C2274797065223A224775617264612054656D706F72616C222C227A223A387D2C2270726F70657274696573223A7B22666F7277617264223A22222C226261636B77617264223A22222C226E616D65223A2264756D6D795F31353031373034333039343732222C22747970655374617465223A22222C2277696E646F77734964223A22222C2273746174654D6163726F555249223A22222C226163726F6E796D50617365223A22222C22776F726B666C6F774E616D65223A22536F6C696369747564204C53222C227469706F446F63756D656E746F46464343223A22222C22666F72776172644465736963696F6E223A22222C2261636365707452656A656374223A66616C73652C22616363657074436965727265457870656469656E7465223A66616C73652C226163636570745472616D69746163696F6E4C69627265223A66616C73652C2273686F7750617373496E666F223A66616C73652C2268617347726F7570223A66616C73652C2268617350726576696F757347726F7570223A66616C73652C22666F726B4F6E6C794C696E6B223A66616C73652C22736372697074467573655461736B223A22227D2C2268617350726F70657274696573223A66616C73652C22616C6C6F776564436F6E6E656374696F6E73223A5B226673612E5374617465222C226673612E456E645374617465225D2C2268696E74223A22227D5D2C226C696E6B73223A5B7B226964223A2231316330303433312D643464302D346566312D613236342D393834666436656338653264222C226F726967696E223A2263663531613238352D323566302D346132652D393235652D643865613434616231336364222C2264657374696E79223A2232383562306264342D336330642D343336632D613562632D633137363231626665393830222C22646F75626C654C696E6B223A66616C73657D2C7B226964223A2264616261363363622D663633332D346232382D386463392D323037613163303261333632222C226F726967696E223A2232383562306264342D336330642D343336632D613562632D633137363231626665393830222C2264657374696E79223A2238336139363139622D313937662D343661332D623364632D663262393936306461343162222C22646F75626C654C696E6B223A747275657D2C7B226964223A2263343937383765332D363165632D343139362D396532622D346565316534303730633636222C226F726967696E223A2238336139363139622D313937662D343661332D623364632D663262393936306461343162222C2264657374696E79223A2263643465623761632D613932382D343563332D616362362D383733666664653236336162222C22646F75626C654C696E6B223A747275657D2C7B226964223A2236333831306333652D313066382D346336322D383831302D316463623937323738316633222C226F726967696E223A2263643465623761632D613932382D343563332D616362362D383733666664653236336162222C2264657374696E79223A2237303334353834342D393738322D346239382D623131342D366336376534353638363665222C22646F75626C654C696E6B223A66616C73657D2C7B226964223A2239383139323736322D353765362D343861392D383536392D356634386163333765383534222C226F726967696E223A2237303334353834342D393738322D346239382D623131342D366336376534353638363665222C2264657374696E79223A2235376539623233392D613362362D346532612D623963372D643861393738393431393465222C22646F75626C654C696E6B223A66616C73657D5D2C22666F726B73223A5B5D2C226A6F696E73223A5B5D2C2274797065576F726B466C6F77223A225441534B222C227363726970744675736547656E65726963223A22222C2276657273696F6E50726F636564757265223A307D,'TASK',0),('Solicitud Registro LS','ADMINEGOV','Licencia Sanitaria',0,0x7B226964223A302C226E616D65223A22536F6C69636974756420526567697374726F204C53222C22617574686F72223A2241444D494E45474F56222C226465736372697074696F6E223A224C6963656E6369612053616E697461726961222C2276657273696F6E223A302C226A736F6E4D6F64656C223A227B5C2263656C6C735C223A5B7B5C22747970655C223A5C226673612E537461727453746174655C222C5C2273697A655C223A7B5C2277696474685C223A32302C5C226865696768745C223A32307D2C5C22706F736974696F6E5C223A7B5C22785C223A3134382C5C22795C223A3131347D2C5C22616E676C655C223A302C5C226E616D655C223A5C22496E6963696F5C222C5C226D61726B75705C223A5C225C753030336367206F6E6D6F7573656F7665725C75303033645C5C5C22746869732E7374796C652E637572736F725C75303033645C7530303237706F696E7465725C75303032375C5C5C22207374796C655C75303033645C5C5C22637572736F723A20706F696E7465723B5C5C5C225C75303033655C5C6E5C5C745C5C745C5C745C5C745C5C745C5C745C5C745C5C745C5C745C5C745C5C745C5C745C5C745C5C745C5C7420205C7530303363636972636C652066696C6C5C75303033645C5C5C22233030303030305C5C5C22207374726F6B655C75303033645C5C5C22233030303030305C5C5C22207374726F6B652D77696474685C75303033645C5C5C22305C5C5C22207374726F6B652D6C696E656A6F696E5C75303033645C5C5C226E756C6C5C5C5C22207374726F6B652D6C696E656361705C75303033645C5C5C226E756C6C5C5C5C222063785C75303033645C5C5C2236382E35383837375C5C5C222063795C75303033645C5C5C2237322E38373235335C5C5C2220725C75303033645C5C5C2231302E34303937365C5C5C222069645C75303033645C5C5C227376675F34345C5C5C225C75303033655C75303033632F636972636C655C75303033655C5C6E5C5C745C5C745C5C745C5C745C5C745C5C745C5C745C5C745C5C745C5C745C5C745C5C745C5C745C5C745C5C7420205C7530303363746578742069645C75303033645C5C5C227376675F34325C5C5C222066696C6C5C75303033645C5C5C22233030303030305C5C5C22207374726F6B655C75303033645C5C5C22233030303030305C5C5C22207374726F6B652D77696474685C75303033645C5C5C22305C5C5C22207374726F6B652D6C696E656A6F696E5C75303033645C5C5C226E756C6C5C5C5C22207374726F6B652D6C696E656361705C75303033645C5C5C226E756C6C5C5C5C2220785C75303033645C5C5C2236392E35383034325C5C5C2220795C75303033645C5C5C2239352E34333339395C5C5C2220666F6E742D73697A655C75303033645C5C5C2231325C5C5C2220666F6E742D66616D696C795C75303033645C5C5C2273657269665C5C5C2220746578742D616E63686F725C75303033645C5C5C226D6964646C655C5C5C222073706163655C75303033645C5C5C2270726573657276655C5C5C2220666F6E742D7765696768745C75303033645C5C5C22626F6C645C5C5C225C7530303365496E6963696F5C75303033632F746578745C75303033655C5C6E5C5C745C5C745C5C745C5C74205C5C745C5C745C5C745C5C745C5C745C5C745C5C745C5C745C5C745C5C745C75303033632F675C75303033655C222C5C226D6F6469666961626C655C223A66616C73652C5C2269645C223A5C2264613535313061392D376538392D346234662D623964372D6163646566353537343938365C222C5C227A5C223A302C5C2261747472735C223A7B7D7D2C7B5C22747970655C223A5C226673612E456E6453746174655C222C5C22706F736974696F6E5C223A7B5C22785C223A3833362C5C22795C223A39397D2C5C2273697A655C223A7B5C2277696474685C223A312C5C226865696768745C223A317D2C5C22616E676C655C223A302C5C226E616D655C223A5C224369657272655C222C5C226D61726B75705C223A5C225C753030336367206F6E6D6F7573656F7665725C75303033645C5C5C22746869732E7374796C652E637572736F725C75303033645C7530303237706F696E7465725C75303032375C5C5C22207374796C655C75303033645C5C5C22637572736F723A20706F696E7465723B5C5C5C225C75303033655C5C6E5C5C745C5C745C5C745C5C745C5C745C5C745C5C745C5C745C5C745C5C745C5C745C5C745C5C745C5C745C5C7420205C7530303363636972636C652066696C6C5C75303033645C5C5C22233030303030305C5C5C22207374726F6B655C75303033645C5C5C22233030303030305C5C5C22207374726F6B652D77696474685C75303033645C5C5C22305C5C5C22207374726F6B652D6C696E656A6F696E5C75303033645C5C5C226E756C6C5C5C5C22207374726F6B652D6C696E656361705C75303033645C5C5C226E756C6C5C5C5C222063785C75303033645C5C5C2236382E39383739375C5C5C222063795C75303033645C5C5C2236362E303836315C5C5C2220725C75303033645C5C5C2231302E34303937365C5C5C222069645C75303033645C5C5C227376675F34345C5C5C225C75303033655C75303033632F636972636C655C75303033655C5C6E5C5C745C5C745C5C745C5C745C5C745C5C745C5C745C5C745C5C745C5C745C5C745C5C745C5C745C5C745C5C7420205C7530303363636972636C652069645C75303033645C5C5C227376675F34365C5C5C2220725C75303033645C5C5C2231332E343938325C5C5C222063795C75303033645C5C5C2236362E32363734375C5C5C222063785C75303033645C5C5C2236392E31363136385C5C5C22207374726F6B655C75303033645C5C5C22233030303030305C5C5C222066696C6C5C75303033645C5C5C226E6F6E655C5C5C225C75303033655C75303033632F636972636C655C75303033655C5C6E5C5C745C5C745C5C745C5C745C5C745C5C745C5C745C5C745C5C745C5C745C5C745C5C745C5C745C5C745C5C7420205C75303033637465787420666F6E742D7765696768745C75303033645C5C5C22626F6C645C5C5C222073706163655C75303033645C5C5C2270726573657276655C5C5C2220746578742D616E63686F725C75303033645C5C5C226D6964646C655C5C5C2220666F6E742D66616D696C795C75303033645C5C5C2273657269665C5C5C2220666F6E742D73697A655C75303033645C5C5C2231325C5C5C2220795C75303033645C5C5C2239322E32343033385C5C5C2220785C75303033645C5C5C2236392E31383132325C5C5C22207374726F6B652D6C696E656361705C75303033645C5C5C226E756C6C5C5C5C22207374726F6B652D6C696E656A6F696E5C75303033645C5C5C226E756C6C5C5C5C22207374726F6B652D77696474685C75303033645C5C5C22305C5C5C22207374726F6B655C75303033645C5C5C22233030303030305C5C5C222066696C6C5C75303033645C5C5C22233030303030305C5C5C222069645C75303033645C5C5C227376675F34325C5C5C225C75303033654369657272655C75303033632F746578745C75303033655C5C6E5C5C745C5C745C5C745C5C74205C5C745C5C745C5C745C5C745C5C745C5C745C5C745C5C745C5C745C5C745C75303033632F675C75303033655C222C5C226D6F6469666961626C655C223A66616C73652C5C2269645C223A5C2238646138633437302D396366662D343236612D616263652D6465323532376235336464335C222C5C227A5C223A312C5C2261747472735C223A7B7D7D2C7B5C22747970655C223A5C226673612E53746174655C222C5C2273697A655C223A7B5C2277696474685C223A36302C5C226865696768745C223A36307D2C5C22706F736974696F6E5C223A7B5C22785C223A2D31352C5C22795C223A2D32307D2C5C22616E676C655C223A302C5C226D61726B75705C223A5C225C75303033636720636C6173735C75303033645C5C5C22726F74617461626C655C5C5C225C75303033655C7530303363636972636C652066696C6C5C75303033645C5C5C22236666666661615C5C5C22207374726F6B655C75303033645C5C5C22233030303030305C5C5C22207374726F6B652D77696474685C75303033645C5C5C22335C5C5C222063785C75303033645C5C5C2233372E355C5C5C222063795C75303033645C5C5C2233392E355C5C5C2220725C75303033645C5C5C2232372E323033365C5C5C22202F5C75303033655C7530303363746578742066696C6C5C75303033645C5C5C22233030303030305C5C5C22207374726F6B655C75303033645C5C5C22233030303030305C5C5C22207374726F6B652D77696474685C75303033645C5C5C22305C5C5C22207374726F6B652D6C696E656A6F696E5C75303033645C5C5C226E756C6C5C5C5C22207374726F6B652D6C696E656361705C75303033645C5C5C226E756C6C5C5C5C2220785C75303033645C5C5C2233362E355C5C5C2220666F6E742D73697A655C75303033645C5C5C2231325C5C5C2220666F6E742D66616D696C795C75303033645C5C5C2273657269665C5C5C2220746578742D616E63686F725C75303033645C5C5C226D6964646C655C5C5C2220786D6C3A73706163655C75303033645C5C5C2270726573657276655C5C5C2220666F6E742D7765696768745C75303033645C5C5C22626F6C645C5C5C225C75303033655C75303033632F746578745C75303033655C75303033632F675C75303033655C222C5C226E616D655C223A5C22536F6C6963697475645C222C5C226D6F6469666961626C655C223A747275652C5C2269645C223A5C2233626365663066622D376436622D346263372D626262622D3234303636306535663930375C222C5C227A5C223A322C5C2261747472735C223A7B5C22746578745C223A7B5C22746578745C223A5C22536F6C6963697475645C222C5C227265665C223A5C22636972636C655C222C5C227265662D795C223A32382C5C22792D616C69676E6D656E745C223A5C226D6964646C655C227D7D7D2C7B5C22747970655C223A5C226673612E53746174655C222C5C2273697A655C223A7B5C2277696474685C223A36302C5C226865696768745C223A36307D2C5C22706F736974696F6E5C223A7B5C22785C223A3532322C5C22795C223A3133357D2C5C22616E676C655C223A302C5C226D61726B75705C223A5C225C75303033636720636C6173735C75303033645C5C5C22726F74617461626C655C5C5C225C75303033655C7530303363636972636C652066696C6C5C75303033645C5C5C22236666666661615C5C5C22207374726F6B655C75303033645C5C5C22233030303030305C5C5C22207374726F6B652D77696474685C75303033645C5C5C22335C5C5C222063785C75303033645C5C5C2233372E355C5C5C222063795C75303033645C5C5C2233392E355C5C5C2220725C75303033645C5C5C2232372E323033365C5C5C22202F5C75303033655C7530303363746578742066696C6C5C75303033645C5C5C22233030303030305C5C5C22207374726F6B655C75303033645C5C5C22233030303030305C5C5C22207374726F6B652D77696474685C75303033645C5C5C22305C5C5C22207374726F6B652D6C696E656A6F696E5C75303033645C5C5C226E756C6C5C5C5C22207374726F6B652D6C696E656361705C75303033645C5C5C226E756C6C5C5C5C2220785C75303033645C5C5C2233362E355C5C5C2220666F6E742D73697A655C75303033645C5C5C2231325C5C5C2220666F6E742D66616D696C795C75303033645C5C5C2273657269665C5C5C2220746578742D616E63686F725C75303033645C5C5C226D6964646C655C5C5C2220786D6C3A73706163655C75303033645C5C5C2270726573657276655C5C5C2220666F6E742D7765696768745C75303033645C5C5C22626F6C645C5C5C225C75303033655C75303033632F746578745C75303033655C75303033632F675C75303033655C222C5C226E616D655C223A5C224576616C756163696F6E205465636E6963615C222C5C226D6F6469666961626C655C223A747275652C5C2269645C223A5C2264323764396137642D613738312D343263312D383636642D3161653233623933313435645C222C5C227A5C223A332C5C2261747472735C223A7B5C22746578745C223A7B5C22746578745C223A5C224576616C756163696F6E205465636E6963615C222C5C227265665C223A5C22636972636C655C222C5C227265662D795C223A32382C5C22792D616C69676E6D656E745C223A5C226D6964646C655C227D7D7D5D7D222C22696E6372656D656E7456657273696F6E223A747275652C2273746172745374617465223A7B2261747472696275746573223A7B22616E676C65223A302C226964223A2264613535313061392D376538392D346234662D623964372D616364656635353734393836222C226E616D65223A22496E6963696F222C22706F736974696F6E223A7B2278223A3134382C2279223A3131347D2C2273697A65223A7B22686569676874223A32302C227769647468223A32307D2C2274797065223A226673612E53746172745374617465222C227A223A307D2C2270726F70657274696573223A7B22666F7277617264223A22222C226261636B77617264223A22222C226E616D65223A22222C22747970655374617465223A22222C2277696E646F77734964223A22222C2273746174654D6163726F555249223A22222C226163726F6E796D50617365223A22222C22776F726B666C6F774E616D65223A22222C227469706F446F63756D656E746F46464343223A22222C22666F72776172644465736963696F6E223A22222C2261636365707452656A656374223A66616C73652C22616363657074436965727265457870656469656E7465223A66616C73652C226163636570745472616D69746163696F6E4C69627265223A66616C73652C2273686F7750617373496E666F223A66616C73652C2268617347726F7570223A66616C73652C2268617350726576696F757347726F7570223A66616C73652C22666F726B4F6E6C794C696E6B223A66616C73652C22736372697074467573655461736B223A22227D2C2268617350726F70657274696573223A66616C73652C22616C6C6F776564436F6E6E656374696F6E73223A5B226673612E5374617465225D2C2268696E74223A22227D2C22656E645374617465223A7B2261747472696275746573223A7B22616E676C65223A302C226964223A2238646138633437302D396366662D343236612D616263652D646532353237623533646433222C226E616D65223A22436965727265222C22706F736974696F6E223A7B2278223A3833362C2279223A39397D2C2273697A65223A7B22686569676874223A312C227769647468223A317D2C2274797065223A226673612E456E645374617465222C227A223A317D2C2270726F70657274696573223A7B22666F7277617264223A22222C226261636B77617264223A22222C226E616D65223A22222C22747970655374617465223A22222C2277696E646F77734964223A22222C2273746174654D6163726F555249223A22222C226163726F6E796D50617365223A22222C22776F726B666C6F774E616D65223A22222C227469706F446F63756D656E746F46464343223A22222C22666F72776172644465736963696F6E223A22222C2261636365707452656A656374223A66616C73652C22616363657074436965727265457870656469656E7465223A66616C73652C226163636570745472616D69746163696F6E4C69627265223A66616C73652C2273686F7750617373496E666F223A66616C73652C2268617347726F7570223A66616C73652C2268617350726576696F757347726F7570223A66616C73652C22666F726B4F6E6C794C696E6B223A66616C73652C22736372697074467573655461736B223A22227D2C2268617350726F70657274696573223A66616C73652C22616C6C6F776564436F6E6E656374696F6E73223A5B224775617264612054656D706F72616C225D2C2268696E74223A22227D2C22737461746573223A5B7B2261747472696275746573223A7B22616E676C65223A302C226964223A2233626365663066622D376436622D346263372D626262622D323430363630653566393037222C226E616D65223A22536F6C696369747564222C22706F736974696F6E223A7B2278223A3339382C2279223A3134307D2C2273697A65223A7B22686569676874223A36302C227769647468223A36307D2C2274797065223A226673612E5374617465222C227A223A327D2C2270726F70657274696573223A7B22666F7277617264223A22222C226261636B77617264223A22222C226E616D65223A22536F6C696369747564222C2277696E646F77734964223A22222C2273746174654D6163726F555249223A22222C226163726F6E796D50617365223A22222C22776F726B666C6F774E616D65223A22536F6C69636974756420526567697374726F204C53222C227469706F446F63756D656E746F46464343223A22222C22666F72776172644465736963696F6E223A22222C2261636365707452656A656374223A747275652C22616363657074436965727265457870656469656E7465223A66616C73652C226163636570745472616D69746163696F6E4C69627265223A66616C73652C2273686F7750617373496E666F223A747275652C2268617347726F7570223A66616C73652C2268617350726576696F757347726F7570223A66616C73652C2270617468546F41637475616C5374617465223A5B5D2C2270617468546F41637475616C53746174654A534F4E223A22222C22666F726B4F6E6C794C696E6B223A66616C73652C22736372697074467573655461736B223A22227D2C2268617350726F70657274696573223A747275652C22616C6C6F776564436F6E6E656374696F6E73223A5B226673612E53746172745374617465222C226673612E5374617465222C225472616D69746163696F6E204C69627265222C224775617264612054656D706F72616C222C226673612E4A6F696E222C226673612E466F726B225D2C2268696E74223A22227D2C7B2261747472696275746573223A7B22616E676C65223A302C226964223A2264323764396137642D613738312D343263312D383636642D316165323362393331343564222C226E616D65223A224576616C756163696F6E205465636E696361222C22706F736974696F6E223A7B2278223A3532322C2279223A3133357D2C2273697A65223A7B22686569676874223A36302C227769647468223A36307D2C2274797065223A226673612E5374617465222C227A223A337D2C2270726F70657274696573223A7B22666F7277617264223A22222C226261636B77617264223A22222C226E616D65223A224576616C756163696F6E205465636E696361222C2277696E646F77734964223A22222C2273746174654D6163726F555249223A22222C226163726F6E796D50617365223A22222C22776F726B666C6F774E616D65223A22536F6C69636974756420526567697374726F204C53222C227469706F446F63756D656E746F46464343223A22222C22666F72776172644465736963696F6E223A22222C2261636365707452656A656374223A747275652C22616363657074436965727265457870656469656E7465223A66616C73652C226163636570745472616D69746163696F6E4C69627265223A66616C73652C2273686F7750617373496E666F223A747275652C2268617347726F7570223A66616C73652C2268617350726576696F757347726F7570223A66616C73652C2270617468546F41637475616C5374617465223A5B5D2C2270617468546F41637475616C53746174654A534F4E223A22222C22666F726B4F6E6C794C696E6B223A66616C73652C22736372697074467573655461736B223A22227D2C2268617350726F70657274696573223A747275652C22616C6C6F776564436F6E6E656374696F6E73223A5B226673612E53746172745374617465222C226673612E5374617465222C225472616D69746163696F6E204C69627265222C224775617264612054656D706F72616C222C226673612E4A6F696E222C226673612E466F726B225D2C2268696E74223A22227D5D2C226C696E6B73223A5B5D2C22666F726B73223A5B5D2C226A6F696E73223A5B5D2C2274797065576F726B466C6F77223A225441534B222C227363726970744675736547656E65726963223A22222C2276657273696F6E50726F636564757265223A307D,'TASK',0),('Tareas1','ADMINEGOV','',1,0x7B226964223A302C226E616D65223A2254617265617331222C22617574686F72223A2241444D494E45474F56222C226465736372697074696F6E223A22222C2276657273696F6E223A312C226A736F6E4D6F64656C223A227B5C2263656C6C735C223A5B7B5C22747970655C223A5C226673612E537461727453746174655C222C5C2273697A655C223A7B5C2277696474685C223A32302C5C226865696768745C223A32307D2C5C22706F736974696F6E5C223A7B5C22785C223A3130352C5C22795C223A36357D2C5C22616E676C655C223A302C5C226E616D655C223A5C22496E6963696F5C222C5C226D61726B75705C223A5C225C753030336367206F6E6D6F7573656F7665725C75303033645C5C5C22746869732E7374796C652E637572736F725C75303033645C7530303237706F696E7465725C75303032375C5C5C22207374796C655C75303033645C5C5C22637572736F723A20706F696E7465723B5C5C5C225C75303033655C5C6E5C5C745C5C745C5C745C5C745C5C745C5C745C5C745C5C745C5C745C5C745C5C745C5C745C5C745C5C745C5C7420205C7530303363636972636C652066696C6C5C75303033645C5C5C22233030303030305C5C5C22207374726F6B655C75303033645C5C5C22233030303030305C5C5C22207374726F6B652D77696474685C75303033645C5C5C22305C5C5C22207374726F6B652D6C696E656A6F696E5C75303033645C5C5C226E756C6C5C5C5C22207374726F6B652D6C696E656361705C75303033645C5C5C226E756C6C5C5C5C222063785C75303033645C5C5C2236382E35383837375C5C5C222063795C75303033645C5C5C2237322E38373235335C5C5C2220725C75303033645C5C5C2231302E34303937365C5C5C222069645C75303033645C5C5C227376675F34345C5C5C225C75303033655C75303033632F636972636C655C75303033655C5C6E5C5C745C5C745C5C745C5C745C5C745C5C745C5C745C5C745C5C745C5C745C5C745C5C745C5C745C5C745C5C7420205C7530303363746578742069645C75303033645C5C5C227376675F34325C5C5C222066696C6C5C75303033645C5C5C22233030303030305C5C5C22207374726F6B655C75303033645C5C5C22233030303030305C5C5C22207374726F6B652D77696474685C75303033645C5C5C22305C5C5C22207374726F6B652D6C696E656A6F696E5C75303033645C5C5C226E756C6C5C5C5C22207374726F6B652D6C696E656361705C75303033645C5C5C226E756C6C5C5C5C2220785C75303033645C5C5C2236392E35383034325C5C5C2220795C75303033645C5C5C2239352E34333339395C5C5C2220666F6E742D73697A655C75303033645C5C5C2231325C5C5C2220666F6E742D66616D696C795C75303033645C5C5C2273657269665C5C5C2220746578742D616E63686F725C75303033645C5C5C226D6964646C655C5C5C222073706163655C75303033645C5C5C2270726573657276655C5C5C2220666F6E742D7765696768745C75303033645C5C5C22626F6C645C5C5C225C7530303365496E6963696F5C75303033632F746578745C75303033655C5C6E5C5C745C5C745C5C745C5C74205C5C745C5C745C5C745C5C745C5C745C5C745C5C745C5C745C5C745C5C745C75303033632F675C75303033655C222C5C226D6F6469666961626C655C223A66616C73652C5C2269645C223A5C2234633933303830372D353863322D343135302D383731612D6438313634313836336432625C222C5C227A5C223A302C5C2261747472735C223A7B7D7D2C7B5C22747970655C223A5C226673612E456E6453746174655C222C5C22706F736974696F6E5C223A7B5C22785C223A3834322C5C22795C223A36397D2C5C2273697A655C223A7B5C2277696474685C223A312C5C226865696768745C223A317D2C5C22616E676C655C223A302C5C226E616D655C223A5C224369657272655C222C5C226D61726B75705C223A5C225C753030336367206F6E6D6F7573656F7665725C75303033645C5C5C22746869732E7374796C652E637572736F725C75303033645C7530303237706F696E7465725C75303032375C5C5C22207374796C655C75303033645C5C5C22637572736F723A20706F696E7465723B5C5C5C225C75303033655C5C6E5C5C745C5C745C5C745C5C745C5C745C5C745C5C745C5C745C5C745C5C745C5C745C5C745C5C745C5C745C5C7420205C7530303363636972636C652066696C6C5C75303033645C5C5C22233030303030305C5C5C22207374726F6B655C75303033645C5C5C22233030303030305C5C5C22207374726F6B652D77696474685C75303033645C5C5C22305C5C5C22207374726F6B652D6C696E656A6F696E5C75303033645C5C5C226E756C6C5C5C5C22207374726F6B652D6C696E656361705C75303033645C5C5C226E756C6C5C5C5C222063785C75303033645C5C5C2236382E39383739375C5C5C222063795C75303033645C5C5C2236362E303836315C5C5C2220725C75303033645C5C5C2231302E34303937365C5C5C222069645C75303033645C5C5C227376675F34345C5C5C225C75303033655C75303033632F636972636C655C75303033655C5C6E5C5C745C5C745C5C745C5C745C5C745C5C745C5C745C5C745C5C745C5C745C5C745C5C745C5C745C5C745C5C7420205C7530303363636972636C652069645C75303033645C5C5C227376675F34365C5C5C2220725C75303033645C5C5C2231332E343938325C5C5C222063795C75303033645C5C5C2236362E32363734375C5C5C222063785C75303033645C5C5C2236392E31363136385C5C5C22207374726F6B655C75303033645C5C5C22233030303030305C5C5C222066696C6C5C75303033645C5C5C226E6F6E655C5C5C225C75303033655C75303033632F636972636C655C75303033655C5C6E5C5C745C5C745C5C745C5C745C5C745C5C745C5C745C5C745C5C745C5C745C5C745C5C745C5C745C5C745C5C7420205C75303033637465787420666F6E742D7765696768745C75303033645C5C5C22626F6C645C5C5C222073706163655C75303033645C5C5C2270726573657276655C5C5C2220746578742D616E63686F725C75303033645C5C5C226D6964646C655C5C5C2220666F6E742D66616D696C795C75303033645C5C5C2273657269665C5C5C2220666F6E742D73697A655C75303033645C5C5C2231325C5C5C2220795C75303033645C5C5C2239322E32343033385C5C5C2220785C75303033645C5C5C2236392E31383132325C5C5C22207374726F6B652D6C696E656361705C75303033645C5C5C226E756C6C5C5C5C22207374726F6B652D6C696E656A6F696E5C75303033645C5C5C226E756C6C5C5C5C22207374726F6B652D77696474685C75303033645C5C5C22305C5C5C22207374726F6B655C75303033645C5C5C22233030303030305C5C5C222066696C6C5C75303033645C5C5C22233030303030305C5C5C222069645C75303033645C5C5C227376675F34325C5C5C225C75303033654369657272655C75303033632F746578745C75303033655C5C6E5C5C745C5C745C5C745C5C74205C5C745C5C745C5C745C5C745C5C745C5C745C5C745C5C745C5C745C5C745C75303033632F675C75303033655C222C5C226D6F6469666961626C655C223A66616C73652C5C2269645C223A5C2233656161623438652D666431632D343864302D616236642D3935623238306439363364315C222C5C227A5C223A312C5C2261747472735C223A7B7D7D2C7B5C22747970655C223A5C226673612E53746174655C222C5C2273697A655C223A7B5C2277696474685C223A36302C5C226865696768745C223A36307D2C5C22706F736974696F6E5C223A7B5C22785C223A3239302C5C22795C223A3131307D2C5C22616E676C655C223A302C5C226D61726B75705C223A5C225C75303033636720636C6173735C75303033645C5C5C22726F74617461626C655C5C5C225C75303033655C7530303363636972636C652066696C6C5C75303033645C5C5C22236666666661615C5C5C22207374726F6B655C75303033645C5C5C22233030303030305C5C5C22207374726F6B652D77696474685C75303033645C5C5C22335C5C5C222063785C75303033645C5C5C2233372E355C5C5C222063795C75303033645C5C5C2233392E355C5C5C2220725C75303033645C5C5C2232372E323033365C5C5C22202F5C75303033655C7530303363746578742066696C6C5C75303033645C5C5C22233030303030305C5C5C22207374726F6B655C75303033645C5C5C22233030303030305C5C5C22207374726F6B652D77696474685C75303033645C5C5C22305C5C5C22207374726F6B652D6C696E656A6F696E5C75303033645C5C5C226E756C6C5C5C5C22207374726F6B652D6C696E656361705C75303033645C5C5C226E756C6C5C5C5C2220785C75303033645C5C5C2233362E355C5C5C2220666F6E742D73697A655C75303033645C5C5C2231325C5C5C2220666F6E742D66616D696C795C75303033645C5C5C2273657269665C5C5C2220746578742D616E63686F725C75303033645C5C5C226D6964646C655C5C5C2220786D6C3A73706163655C75303033645C5C5C2270726573657276655C5C5C2220666F6E742D7765696768745C75303033645C5C5C22626F6C645C5C5C225C75303033655C75303033632F746578745C75303033655C75303033632F675C75303033655C222C5C226E616D655C223A5C2245737461646F315C222C5C226D6F6469666961626C655C223A747275652C5C2269645C223A5C2233633963303135312D616336312D346665382D383835352D6539336631316633383232375C222C5C227A5C223A322C5C2261747472735C223A7B5C22746578745C223A7B5C22746578745C223A5C2245737461646F315C222C5C227265665C223A5C22636972636C655C222C5C227265662D795C223A32382C5C22792D616C69676E6D656E745C223A5C226D6964646C655C227D7D7D2C7B5C22747970655C223A5C226673612E53746174655C222C5C2273697A655C223A7B5C2277696474685C223A36302C5C226865696768745C223A36307D2C5C22706F736974696F6E5C223A7B5C22785C223A3533302C5C22795C223A3236307D2C5C22616E676C655C223A302C5C226D61726B75705C223A5C225C75303033636720636C6173735C75303033645C5C5C22726F74617461626C655C5C5C225C75303033655C7530303363636972636C652066696C6C5C75303033645C5C5C22236666666661615C5C5C22207374726F6B655C75303033645C5C5C22233030303030305C5C5C22207374726F6B652D77696474685C75303033645C5C5C22335C5C5C222063785C75303033645C5C5C2233372E355C5C5C222063795C75303033645C5C5C2233392E355C5C5C2220725C75303033645C5C5C2232372E323033365C5C5C22202F5C75303033655C7530303363746578742066696C6C5C75303033645C5C5C22233030303030305C5C5C22207374726F6B655C75303033645C5C5C22233030303030305C5C5C22207374726F6B652D77696474685C75303033645C5C5C22305C5C5C22207374726F6B652D6C696E656A6F696E5C75303033645C5C5C226E756C6C5C5C5C22207374726F6B652D6C696E656361705C75303033645C5C5C226E756C6C5C5C5C2220785C75303033645C5C5C2233362E355C5C5C2220666F6E742D73697A655C75303033645C5C5C2231325C5C5C2220666F6E742D66616D696C795C75303033645C5C5C2273657269665C5C5C2220746578742D616E63686F725C75303033645C5C5C226D6964646C655C5C5C2220786D6C3A73706163655C75303033645C5C5C2270726573657276655C5C5C2220666F6E742D7765696768745C75303033645C5C5C22626F6C645C5C5C225C75303033655C75303033632F746578745C75303033655C75303033632F675C75303033655C222C5C226E616D655C223A5C2245737461646F325C222C5C226D6F6469666961626C655C223A747275652C5C2269645C223A5C2233373138376666332D303162362D343263632D626263382D6333633563376663393738665C222C5C227A5C223A332C5C2261747472735C223A7B5C22746578745C223A7B5C22746578745C223A5C2245737461646F325C222C5C227265665C223A5C22636972636C655C222C5C227265662D795C223A32382C5C22792D616C69676E6D656E745C223A5C226D6964646C655C227D7D7D2C7B5C22747970655C223A5C226673612E53746174655C222C5C2273697A655C223A7B5C2277696474685C223A36302C5C226865696768745C223A36307D2C5C22706F736974696F6E5C223A7B5C22785C223A3634302C5C22795C223A36397D2C5C22616E676C655C223A302C5C226D61726B75705C223A5C225C753030336367206F6E6D6F7573656F7665725C75303033645C5C5C22746869732E7374796C652E637572736F725C75303033645C7530303237706F696E7465725C75303032375C5C5C22207374796C655C75303033645C5C5C22637572736F723A20706F696E7465723B5C5C5C225C75303033655C5C6E5C5C745C5C745C5C745C5C745C5C745C5C745C5C745C5C745C5C745C5C745C5C745C5C745C5C745C5C7420205C7530303363636972636C652066696C6C5C75303033645C5C5C22236564353335335C5C5C22207374726F6B655C75303033645C5C5C22233030303030305C5C5C22207374726F6B652D77696474685C75303033645C5C5C22335C5C5C222063785C75303033645C5C5C2233372E355C5C5C222063795C75303033645C5C5C2233392E355C5C5C2220725C75303033645C5C5C2232372E323033365C5C5C222069645C75303033645C5C5C227376675F33345C5C5C225C75303033655C75303033632F636972636C655C75303033655C5C6E5C5C745C5C745C5C745C5C745C5C745C5C745C5C745C5C745C5C745C5C745C5C745C5C745C5C745C5C742020205C7530303363746578742066696C6C5C75303033645C5C5C22233030303030305C5C5C22207374726F6B655C75303033645C5C5C22233030303030305C5C5C22207374726F6B652D77696474685C75303033645C5C5C22305C5C5C22207374726F6B652D6C696E656A6F696E5C75303033645C5C5C226E756C6C5C5C5C22207374726F6B652D6C696E656361705C75303033645C5C5C226E756C6C5C5C5C2220785C75303033645C5C5C2233362E355C5C5C2220795C75303033645C5C5C2233365C5C5C222069645C75303033645C5C5C227376675F34305C5C5C2220666F6E742D73697A655C75303033645C5C5C2231315C5C5C2220666F6E742D66616D696C795C75303033645C5C5C2273657269665C5C5C2220746578742D616E63686F725C75303033645C5C5C226D6964646C655C5C5C222073706163655C75303033645C5C5C2270726573657276655C5C5C2220666F6E742D7765696768745C75303033645C5C5C22626F6C645C5C5C225C75303033654775617264615C75303033632F746578745C75303033655C5C6E5C5C745C5C745C5C745C5C745C5C745C5C745C5C745C5C745C5C745C5C745C5C745C5C745C5C745C5C742020205C7530303363746578742066696C6C5C75303033645C5C5C22233030303030305C5C5C22207374726F6B655C75303033645C5C5C22233030303030305C5C5C22207374726F6B652D77696474685C75303033645C5C5C22305C5C5C22207374726F6B652D6C696E656A6F696E5C75303033645C5C5C226E756C6C5C5C5C22207374726F6B652D6C696E656361705C75303033645C5C5C226E756C6C5C5C5C2220785C75303033645C5C5C2233362E355C5C5C2220795C75303033645C5C5C2234395C5C5C2220666F6E742D73697A655C75303033645C5C5C2231315C5C5C2220666F6E742D66616D696C795C75303033645C5C5C2273657269665C5C5C2220746578742D616E63686F725C75303033645C5C5C226D6964646C655C5C5C222073706163655C75303033645C5C5C2270726573657276655C5C5C2220666F6E742D7765696768745C75303033645C5C5C22626F6C645C5C5C222069645C75303033645C5C5C227376675F34315C5C5C225C753030336554656D706F72616C5C75303033632F746578745C75303033655C5C6E5C5C745C5C745C5C745C5C745C5C745C5C745C5C745C5C745C5C745C5C745C5C745C5C745C5C745C5C745C75303033632F675C75303033655C222C5C226E616D655C223A5C2264756D6D795F313530313632333734383030325C222C5C226D6F6469666961626C655C223A66616C73652C5C2269645C223A5C2266336436376130642D663832332D346639312D616433612D6436653738663566646530365C222C5C227A5C223A342C5C2261747472735C223A7B7D7D2C7B5C22747970655C223A5C226C696E6B5C222C5C2269645C223A5C2261626532303939372D333037332D346165642D396366302D3866653134303166316230365C222C5C22656D626564735C223A5C225C222C5C22736F757263655C223A7B5C2269645C223A5C2234633933303830372D353863322D343135302D383731612D6438313634313836336432625C227D2C5C227461726765745C223A7B5C2269645C223A5C2233633963303135312D616336312D346665382D383835352D6539336631316633383232375C227D2C5C227A5C223A352C5C2261747472735C223A7B5C222E636F6E6E656374696F6E5C223A7B5C227374726F6B655C223A5C22626C61636B5C227D2C5C222E6D61726B65722D736F757263655C223A7B5C22645C223A5C224D2031302030204C20302035204C203130203130207A5C222C5C227472616E73666F726D5C223A5C227363616C6528302E303031295C227D2C5C222E6D61726B65722D7461726765745C223A7B5C22645C223A5C224D2031302030204C20302035204C203130203130207A5C227D7D7D2C7B5C22747970655C223A5C226C696E6B5C222C5C2269645C223A5C2264376237373233352D653261332D343336652D616434632D6631636539313862366637645C222C5C22656D626564735C223A5C225C222C5C22736F757263655C223A7B5C2269645C223A5C2233633963303135312D616336312D346665382D383835352D6539336631316633383232375C227D2C5C227461726765745C223A7B5C2269645C223A5C2233373138376666332D303162362D343263632D626263382D6333633563376663393738665C227D2C5C227A5C223A362C5C2261747472735C223A7B5C222E636F6E6E656374696F6E5C223A7B5C227374726F6B655C223A5C22626C61636B5C227D2C5C222E6D61726B65722D736F757263655C223A7B5C2266696C6C5C223A5C227265645C222C5C227374726F6B655C223A5C227265645C222C5C22645C223A5C224D2031302030204C20302035204C203130203130207A5C222C5C227472616E73666F726D5C223A5C227363616C652831295C227D2C5C222E6D61726B65722D7461726765745C223A7B5C2266696C6C5C223A5C22626C61636B5C222C5C22645C223A5C224D2031302030204C20302035204C203130203130207A5C222C5C227472616E73666F726D5C223A5C227363616C652831295C227D7D7D2C7B5C22747970655C223A5C226C696E6B5C222C5C2269645C223A5C2232393635633931352D316539332D346630662D623465342D6664643634393261353163335C222C5C22656D626564735C223A5C225C222C5C22736F757263655C223A7B5C2269645C223A5C2233373138376666332D303162362D343263632D626263382D6333633563376663393738665C227D2C5C227461726765745C223A7B5C2269645C223A5C2266336436376130642D663832332D346639312D616433612D6436653738663566646530365C227D2C5C227A5C223A372C5C2261747472735C223A7B5C222E636F6E6E656374696F6E5C223A7B5C227374726F6B655C223A5C22626C61636B5C227D2C5C222E6D61726B65722D736F757263655C223A7B5C2266696C6C5C223A5C227265645C222C5C227374726F6B655C223A5C227265645C222C5C22645C223A5C224D2031302030204C20302035204C203130203130207A5C222C5C227472616E73666F726D5C223A5C227363616C6528302E303031295C227D2C5C222E6D61726B65722D7461726765745C223A7B5C2266696C6C5C223A5C22626C61636B5C222C5C22645C223A5C224D2031302030204C20302035204C203130203130207A5C227D7D7D2C7B5C22747970655C223A5C226C696E6B5C222C5C2269645C223A5C2265656234383932662D313164322D343464642D626464612D3639373962323731326164625C222C5C22656D626564735C223A5C225C222C5C22736F757263655C223A7B5C2269645C223A5C2266336436376130642D663832332D346639312D616433612D6436653738663566646530365C227D2C5C227461726765745C223A7B5C2269645C223A5C2233656161623438652D666431632D343864302D616236642D3935623238306439363364315C227D2C5C227A5C223A382C5C2261747472735C223A7B5C222E636F6E6E656374696F6E5C223A7B5C227374726F6B655C223A5C22626C61636B5C227D2C5C222E6D61726B65722D736F757263655C223A7B5C2266696C6C5C223A5C227265645C222C5C227374726F6B655C223A5C227265645C222C5C22645C223A5C224D2031302030204C20302035204C203130203130207A5C222C5C227472616E73666F726D5C223A5C227363616C6528302E303031295C227D2C5C222E6D61726B65722D7461726765745C223A7B5C2266696C6C5C223A5C22626C61636B5C222C5C22645C223A5C224D2031302030204C20302035204C203130203130207A5C227D7D7D5D7D222C22696E6372656D656E7456657273696F6E223A66616C73652C2273746172745374617465223A7B2261747472696275746573223A7B22616E676C65223A302C226964223A2234633933303830372D353863322D343135302D383731612D643831363431383633643262222C226E616D65223A22496E6963696F222C22706F736974696F6E223A7B2278223A3431342C2279223A38317D2C2273697A65223A7B22686569676874223A32302C227769647468223A32307D2C2274797065223A226673612E53746172745374617465222C227A223A307D2C2270726F70657274696573223A7B22666F7277617264223A22222C226261636B77617264223A22222C226E616D65223A22496E6963696F222C22747970655374617465223A22222C2277696E646F77734964223A22222C2273746174654D6163726F555249223A22222C226163726F6E796D50617365223A22222C22776F726B666C6F774E616D65223A22222C227469706F446F63756D656E746F46464343223A22222C22666F72776172644465736963696F6E223A22222C2261636365707452656A656374223A66616C73652C22616363657074436965727265457870656469656E7465223A66616C73652C226163636570745472616D69746163696F6E4C69627265223A66616C73652C2273686F7750617373496E666F223A66616C73652C2268617347726F7570223A66616C73652C2268617350726576696F757347726F7570223A66616C73652C22666F726B4F6E6C794C696E6B223A66616C73652C22736372697074467573655461736B223A22227D2C2268617350726F70657274696573223A66616C73652C22616C6C6F776564436F6E6E656374696F6E73223A5B226673612E5374617465225D2C2268696E74223A22227D2C22656E645374617465223A7B2261747472696275746573223A7B22616E676C65223A302C226964223A2233656161623438652D666431632D343864302D616236642D393562323830643936336431222C226E616D65223A22436965727265222C22706F736974696F6E223A7B2278223A3834322C2279223A36397D2C2273697A65223A7B22686569676874223A312C227769647468223A317D2C2274797065223A226673612E456E645374617465222C227A223A317D2C2270726F70657274696573223A7B22666F7277617264223A22222C226261636B77617264223A22222C226E616D65223A22222C22747970655374617465223A22222C2277696E646F77734964223A22222C2273746174654D6163726F555249223A22222C226163726F6E796D50617365223A22222C22776F726B666C6F774E616D65223A22222C227469706F446F63756D656E746F46464343223A22222C22666F72776172644465736963696F6E223A22222C2261636365707452656A656374223A66616C73652C22616363657074436965727265457870656469656E7465223A66616C73652C226163636570745472616D69746163696F6E4C69627265223A66616C73652C2273686F7750617373496E666F223A66616C73652C2268617347726F7570223A66616C73652C2268617350726576696F757347726F7570223A66616C73652C22666F726B4F6E6C794C696E6B223A66616C73652C22736372697074467573655461736B223A22227D2C2268617350726F70657274696573223A66616C73652C22616C6C6F776564436F6E6E656374696F6E73223A5B224775617264612054656D706F72616C225D2C2268696E74223A22227D2C22737461746573223A5B7B2261747472696275746573223A7B22616E676C65223A302C226964223A2233633963303135312D616336312D346665382D383835352D653933663131663338323237222C226E616D65223A2245737461646F31222C22706F736974696F6E223A7B2278223A3435332C2279223A34307D2C2273697A65223A7B22686569676874223A36302C227769647468223A36307D2C2274797065223A226673612E5374617465222C227A223A327D2C2270726F70657274696573223A7B22666F7277617264223A22222C226261636B77617264223A22222C226E616D65223A2245737461646F31222C2277696E646F77734964223A22222C2273746174654D6163726F555249223A22222C226163726F6E796D50617365223A22222C22776F726B666C6F774E616D65223A2254617265617331222C227469706F446F63756D656E746F46464343223A22222C22666F72776172644465736963696F6E223A22222C2261636365707452656A656374223A747275652C22616363657074436965727265457870656469656E7465223A66616C73652C226163636570745472616D69746163696F6E4C69627265223A66616C73652C2273686F7750617373496E666F223A747275652C2268617347726F7570223A66616C73652C2268617350726576696F757347726F7570223A66616C73652C2270617468546F41637475616C5374617465223A5B5D2C2270617468546F41637475616C53746174654A534F4E223A22222C22666F726B4F6E6C794C696E6B223A66616C73652C22736372697074467573655461736B223A22227D2C2268617350726F70657274696573223A747275652C22616C6C6F776564436F6E6E656374696F6E73223A5B226673612E53746172745374617465222C226673612E5374617465222C225472616D69746163696F6E204C69627265222C224775617264612054656D706F72616C222C226673612E4A6F696E222C226673612E466F726B225D2C2268696E74223A22227D2C7B2261747472696275746573223A7B22616E676C65223A302C226964223A2233373138376666332D303162362D343263632D626263382D633363356337666339373866222C226E616D65223A2245737461646F32222C22706F736974696F6E223A7B2278223A3338382C2279223A34307D2C2273697A65223A7B22686569676874223A36302C227769647468223A36307D2C2274797065223A226673612E5374617465222C227A223A337D2C2270726F70657274696573223A7B22666F7277617264223A22222C226261636B77617264223A22222C226E616D65223A2245737461646F32222C2277696E646F77734964223A22222C2273746174654D6163726F555249223A22222C226163726F6E796D50617365223A22222C22776F726B666C6F774E616D65223A2254617265617331222C227469706F446F63756D656E746F46464343223A22222C22666F72776172644465736963696F6E223A22222C2261636365707452656A656374223A747275652C22616363657074436965727265457870656469656E7465223A747275652C226163636570745472616D69746163696F6E4C69627265223A66616C73652C2273686F7750617373496E666F223A747275652C2268617347726F7570223A66616C73652C2268617350726576696F757347726F7570223A66616C73652C2270617468546F41637475616C5374617465223A5B5D2C2270617468546F41637475616C53746174654A534F4E223A22222C22666F726B4F6E6C794C696E6B223A66616C73652C22736372697074467573655461736B223A22227D2C2268617350726F70657274696573223A747275652C22616C6C6F776564436F6E6E656374696F6E73223A5B226673612E53746172745374617465222C226673612E5374617465222C225472616D69746163696F6E204C69627265222C224775617264612054656D706F72616C222C226673612E4A6F696E222C226673612E466F726B225D2C2268696E74223A22227D2C7B2261747472696275746573223A7B22616E676C65223A302C226964223A2266336436376130642D663832332D346639312D616433612D643665373866356664653036222C226E616D65223A2264756D6D795F31353031363233373438303032222C22706F736974696F6E223A7B2278223A3634302C2279223A36397D2C2273697A65223A7B22686569676874223A36302C227769647468223A36307D2C2274797065223A224775617264612054656D706F72616C222C227A223A347D2C2270726F70657274696573223A7B22666F7277617264223A22222C226261636B77617264223A22222C226E616D65223A224775617264612054656D706F72616C222C22747970655374617465223A22222C2277696E646F77734964223A22222C2273746174654D6163726F555249223A22222C226163726F6E796D50617365223A22222C22776F726B666C6F774E616D65223A2254617265617331222C227469706F446F63756D656E746F46464343223A22222C22666F72776172644465736963696F6E223A22222C2261636365707452656A656374223A66616C73652C22616363657074436965727265457870656469656E7465223A66616C73652C226163636570745472616D69746163696F6E4C69627265223A66616C73652C2273686F7750617373496E666F223A66616C73652C2268617347726F7570223A66616C73652C2268617350726576696F757347726F7570223A66616C73652C22666F726B4F6E6C794C696E6B223A66616C73652C22736372697074467573655461736B223A22227D2C2268617350726F70657274696573223A66616C73652C22616C6C6F776564436F6E6E656374696F6E73223A5B226673612E5374617465222C226673612E456E645374617465225D2C2268696E74223A22227D5D2C226C696E6B73223A5B7B226964223A2261626532303939372D333037332D346165642D396366302D386665313430316631623036222C226F726967696E223A2234633933303830372D353863322D343135302D383731612D643831363431383633643262222C2264657374696E79223A2233633963303135312D616336312D346665382D383835352D653933663131663338323237222C22646F75626C654C696E6B223A66616C73657D2C7B226964223A2264376237373233352D653261332D343336652D616434632D663163653931386236663764222C226F726967696E223A2233633963303135312D616336312D346665382D383835352D653933663131663338323237222C2264657374696E79223A2233373138376666332D303162362D343263632D626263382D633363356337666339373866222C22646F75626C654C696E6B223A747275657D2C7B226964223A2232393635633931352D316539332D346630662D623465342D666464363439326135316333222C226F726967696E223A2233373138376666332D303162362D343263632D626263382D633363356337666339373866222C2264657374696E79223A2266336436376130642D663832332D346639312D616433612D643665373866356664653036222C22646F75626C654C696E6B223A66616C73657D2C7B226964223A2265656234383932662D313164322D343464642D626464612D363937396232373132616462222C226F726967696E223A2266336436376130642D663832332D346639312D616433612D643665373866356664653036222C2264657374696E79223A2233656161623438652D666431632D343864302D616236642D393562323830643936336431222C22646F75626C654C696E6B223A66616C73657D5D2C22666F726B73223A5B5D2C226A6F696E73223A5B5D2C2274797065576F726B466C6F77223A225441534B222C227363726970744675736547656E65726963223A22222C2276657273696F6E50726F636564757265223A307D,'TASK',0),('TEst','ADMINEGOV','',1,0x7B226964223A302C226E616D65223A2254457374222C22617574686F72223A2241444D494E45474F56222C226465736372697074696F6E223A22222C2276657273696F6E223A312C226A736F6E4D6F64656C223A227B5C2263656C6C735C223A5B7B5C22747970655C223A5C226673612E537461727453746174655C222C5C2273697A655C223A7B5C2277696474685C223A32302C5C226865696768745C223A32307D2C5C22706F736974696F6E5C223A7B5C22785C223A34332C5C22795C223A2D367D2C5C22616E676C655C223A302C5C226E616D655C223A5C22496E6963696F5C222C5C226D61726B75705C223A5C225C753030336367206F6E6D6F7573656F7665725C75303033645C5C5C22746869732E7374796C652E637572736F725C75303033645C7530303237706F696E7465725C75303032375C5C5C22207374796C655C75303033645C5C5C22637572736F723A20706F696E7465723B5C5C5C225C75303033655C5C6E5C5C745C5C745C5C745C5C745C5C745C5C745C5C745C5C745C5C745C5C745C5C745C5C745C5C745C5C745C5C745C7530303363636972636C652066696C6C5C75303033645C5C5C22233030303030305C5C5C22207374726F6B655C75303033645C5C5C22233030303030305C5C5C22207374726F6B652D77696474685C75303033645C5C5C22305C5C5C22207374726F6B652D6C696E656A6F696E5C75303033645C5C5C226E756C6C5C5C5C22207374726F6B652D6C696E656361705C75303033645C5C5C226E756C6C5C5C5C222063785C75303033645C5C5C2236382E35383837375C5C5C222063795C75303033645C5C5C2237322E38373235335C5C5C2220725C75303033645C5C5C2231302E34303937365C5C5C222069645C75303033645C5C5C227376675F34345C5C5C225C75303033655C75303033632F636972636C655C75303033655C5C6E5C5C745C5C745C5C745C5C745C5C745C5C745C5C745C5C745C5C745C5C745C5C745C5C745C5C745C5C745C5C745C7530303363746578742069645C75303033645C5C5C227376675F34325C5C5C222066696C6C5C75303033645C5C5C22233030303030305C5C5C22207374726F6B655C75303033645C5C5C22233030303030305C5C5C22207374726F6B652D77696474685C75303033645C5C5C22305C5C5C22207374726F6B652D6C696E656A6F696E5C75303033645C5C5C226E756C6C5C5C5C22207374726F6B652D6C696E656361705C75303033645C5C5C226E756C6C5C5C5C2220785C75303033645C5C5C2236392E35383034325C5C5C2220795C75303033645C5C5C2239352E34333339395C5C5C2220666F6E742D73697A655C75303033645C5C5C2231325C5C5C2220666F6E742D66616D696C795C75303033645C5C5C2273657269665C5C5C2220746578742D616E63686F725C75303033645C5C5C226D6964646C655C5C5C222073706163655C75303033645C5C5C2270726573657276655C5C5C2220666F6E742D7765696768745C75303033645C5C5C22626F6C645C5C5C225C7530303365496E6963696F5C75303033632F746578745C75303033655C5C6E5C5C745C5C745C5C745C5C745C5C745C5C745C5C745C5C745C5C745C5C745C5C745C5C745C5C745C5C745C75303033632F675C75303033655C222C5C226D6F6469666961626C655C223A66616C73652C5C2269645C223A5C2232383766333062622D616266642D346635662D616232662D6265376231653932366261335C222C5C227A5C223A302C5C2261747472735C223A7B7D7D2C7B5C22747970655C223A5C226673612E53746174655C222C5C2273697A655C223A7B5C2277696474685C223A36302C5C226865696768745C223A36307D2C5C22706F736974696F6E5C223A7B5C22785C223A3137352C5C22795C223A34357D2C5C22616E676C655C223A302C5C226D61726B75705C223A5C225C75303033636720636C6173735C75303033645C5C5C22726F74617461626C655C5C5C225C75303033655C7530303363636972636C652066696C6C5C75303033645C5C5C22236666666661615C5C5C22207374726F6B655C75303033645C5C5C22233030303030305C5C5C22207374726F6B652D77696474685C75303033645C5C5C22335C5C5C222063785C75303033645C5C5C2233372E355C5C5C222063795C75303033645C5C5C2233392E355C5C5C2220725C75303033645C5C5C2232372E323033365C5C5C22202F5C75303033655C7530303363746578742066696C6C5C75303033645C5C5C22233030303030305C5C5C22207374726F6B655C75303033645C5C5C22233030303030305C5C5C22207374726F6B652D77696474685C75303033645C5C5C22305C5C5C22207374726F6B652D6C696E656A6F696E5C75303033645C5C5C226E756C6C5C5C5C22207374726F6B652D6C696E656361705C75303033645C5C5C226E756C6C5C5C5C2220785C75303033645C5C5C2233362E355C5C5C2220666F6E742D73697A655C75303033645C5C5C2231325C5C5C2220666F6E742D66616D696C795C75303033645C5C5C2273657269665C5C5C2220746578742D616E63686F725C75303033645C5C5C226D6964646C655C5C5C2220786D6C3A73706163655C75303033645C5C5C2270726573657276655C5C5C2220666F6E742D7765696768745C75303033645C5C5C22626F6C645C5C5C225C75303033655C75303033632F746578745C75303033655C75303033632F675C75303033655C222C5C226E616D655C223A5C22657374315C222C5C226D6F6469666961626C655C223A747275652C5C2269645C223A5C2234356230383261662D373465632D343436632D623838622D3639633361356532373336395C222C5C227A5C223A312C5C2261747472735C223A7B5C22746578745C223A7B5C22746578745C223A5C22657374315C222C5C227265665C223A5C22636972636C655C222C5C227265662D795C223A32382C5C22792D616C69676E6D656E745C223A5C226D6964646C655C227D7D7D2C7B5C22747970655C223A5C226673612E53746174655C222C5C2273697A655C223A7B5C2277696474685C223A36302C5C226865696768745C223A36307D2C5C22706F736974696F6E5C223A7B5C22785C223A3335302C5C22795C223A34357D2C5C22616E676C655C223A302C5C226D61726B75705C223A5C225C75303033636720636C6173735C75303033645C5C5C22726F74617461626C655C5C5C225C75303033655C7530303363636972636C652066696C6C5C75303033645C5C5C22236666666661615C5C5C22207374726F6B655C75303033645C5C5C22233030303030305C5C5C22207374726F6B652D77696474685C75303033645C5C5C22335C5C5C222063785C75303033645C5C5C2233372E355C5C5C222063795C75303033645C5C5C2233392E355C5C5C2220725C75303033645C5C5C2232372E323033365C5C5C22202F5C75303033655C7530303363746578742066696C6C5C75303033645C5C5C22233030303030305C5C5C22207374726F6B655C75303033645C5C5C22233030303030305C5C5C22207374726F6B652D77696474685C75303033645C5C5C22305C5C5C22207374726F6B652D6C696E656A6F696E5C75303033645C5C5C226E756C6C5C5C5C22207374726F6B652D6C696E656361705C75303033645C5C5C226E756C6C5C5C5C2220785C75303033645C5C5C2233362E355C5C5C2220666F6E742D73697A655C75303033645C5C5C2231325C5C5C2220666F6E742D66616D696C795C75303033645C5C5C2273657269665C5C5C2220746578742D616E63686F725C75303033645C5C5C226D6964646C655C5C5C2220786D6C3A73706163655C75303033645C5C5C2270726573657276655C5C5C2220666F6E742D7765696768745C75303033645C5C5C22626F6C645C5C5C225C75303033655C75303033632F746578745C75303033655C75303033632F675C75303033655C222C5C226E616D655C223A5C22657374325C222C5C226D6F6469666961626C655C223A747275652C5C2269645C223A5C2235623565666262352D313464302D346137342D626561382D3663393865383861343335635C222C5C227A5C223A322C5C2261747472735C223A7B5C22746578745C223A7B5C22746578745C223A5C22657374325C222C5C227265665C223A5C22636972636C655C222C5C227265662D795C223A32382C5C22792D616C69676E6D656E745C223A5C226D6964646C655C227D7D7D2C7B5C22747970655C223A5C226C696E6B5C222C5C2269645C223A5C2261313961643332652D613331342D346263642D396665622D6466653132353035316466315C222C5C22656D626564735C223A5C225C222C5C22736F757263655C223A7B5C2269645C223A5C2234356230383261662D373465632D343436632D623838622D3639633361356532373336395C227D2C5C227461726765745C223A7B5C2269645C223A5C2235623565666262352D313464302D346137342D626561382D3663393865383861343335635C227D2C5C227A5C223A332C5C2261747472735C223A7B5C222E636F6E6E656374696F6E5C223A7B5C227374726F6B655C223A5C22626C61636B5C227D2C5C222E6D61726B65722D736F757263655C223A7B5C2266696C6C5C223A5C227265645C222C5C227374726F6B655C223A5C227265645C222C5C22645C223A5C224D2031302030204C20302035204C203130203130207A5C222C5C227472616E73666F726D5C223A5C227363616C652831295C227D2C5C222E6D61726B65722D7461726765745C223A7B5C2266696C6C5C223A5C22626C61636B5C222C5C22645C223A5C224D2031302030204C20302035204C203130203130207A5C222C5C227472616E73666F726D5C223A5C227363616C652831295C227D7D7D2C7B5C22747970655C223A5C226673612E456E6453746174655C222C5C22706F736974696F6E5C223A7B5C22785C223A3434352C5C22795C223A357D2C5C2273697A655C223A7B5C2277696474685C223A312C5C226865696768745C223A317D2C5C22616E676C655C223A302C5C226E616D655C223A5C224369657272655C222C5C226D61726B75705C223A5C225C753030336367206F6E6D6F7573656F7665725C75303033645C5C5C22746869732E7374796C652E637572736F725C75303033645C7530303237706F696E7465725C75303032375C5C5C22207374796C655C75303033645C5C5C22637572736F723A20706F696E7465723B5C5C5C225C75303033655C5C6E5C5C745C5C745C5C745C5C745C5C745C5C745C5C745C5C745C5C745C5C745C5C745C5C745C5C745C5C745C5C745C7530303363636972636C652066696C6C5C75303033645C5C5C22233030303030305C5C5C22207374726F6B655C75303033645C5C5C22233030303030305C5C5C22207374726F6B652D77696474685C75303033645C5C5C22305C5C5C22207374726F6B652D6C696E656A6F696E5C75303033645C5C5C226E756C6C5C5C5C22207374726F6B652D6C696E656361705C75303033645C5C5C226E756C6C5C5C5C222063785C75303033645C5C5C2236382E39383739375C5C5C222063795C75303033645C5C5C2236362E303836315C5C5C2220725C75303033645C5C5C2231302E34303937365C5C5C222069645C75303033645C5C5C227376675F34345C5C5C225C75303033655C75303033632F636972636C655C75303033655C5C6E5C5C745C5C745C5C745C5C745C5C745C5C745C5C745C5C745C5C745C5C745C5C745C5C745C5C745C5C745C5C745C7530303363636972636C652069645C75303033645C5C5C227376675F34365C5C5C2220725C75303033645C5C5C2231332E343938325C5C5C222063795C75303033645C5C5C2236362E32363734375C5C5C222063785C75303033645C5C5C2236392E31363136385C5C5C22207374726F6B655C75303033645C5C5C22233030303030305C5C5C222066696C6C5C75303033645C5C5C226E6F6E655C5C5C225C75303033655C75303033632F636972636C655C75303033655C5C6E5C5C745C5C745C5C745C5C745C5C745C5C745C5C745C5C745C5C745C5C745C5C745C5C745C5C745C5C745C5C745C75303033637465787420666F6E742D7765696768745C75303033645C5C5C22626F6C645C5C5C222073706163655C75303033645C5C5C2270726573657276655C5C5C2220746578742D616E63686F725C75303033645C5C5C226D6964646C655C5C5C2220666F6E742D66616D696C795C75303033645C5C5C2273657269665C5C5C2220666F6E742D73697A655C75303033645C5C5C2231325C5C5C2220795C75303033645C5C5C2239322E32343033385C5C5C2220785C75303033645C5C5C2236392E31383132325C5C5C22207374726F6B652D6C696E656361705C75303033645C5C5C226E756C6C5C5C5C22207374726F6B652D6C696E656A6F696E5C75303033645C5C5C226E756C6C5C5C5C22207374726F6B652D77696474685C75303033645C5C5C22305C5C5C22207374726F6B655C75303033645C5C5C22233030303030305C5C5C222066696C6C5C75303033645C5C5C22233030303030305C5C5C222069645C75303033645C5C5C227376675F34325C5C5C225C75303033654369657272655C75303033632F746578745C75303033655C5C6E5C5C745C5C745C5C745C5C745C5C745C5C745C5C745C5C745C5C745C5C745C5C745C5C745C5C745C5C745C75303033632F675C75303033655C222C5C226D6F6469666961626C655C223A66616C73652C5C2269645C223A5C2232663831393065312D356633612D343731662D613732362D6636396433663232353865355C222C5C227A5C223A342C5C2261747472735C223A7B7D7D2C7B5C22747970655C223A5C226C696E6B5C222C5C2269645C223A5C2233373365613063372D613030362D346664302D616135622D3861623964626565363263615C222C5C22656D626564735C223A5C225C222C5C22736F757263655C223A7B5C2269645C223A5C2235623565666262352D313464302D346137342D626561382D3663393865383861343335635C227D2C5C227461726765745C223A7B5C2269645C223A5C2232663831393065312D356633612D343731662D613732362D6636396433663232353865355C227D2C5C227A5C223A352C5C2261747472735C223A7B5C222E636F6E6E656374696F6E5C223A7B5C227374726F6B655C223A5C22626C61636B5C227D2C5C222E6D61726B65722D736F757263655C223A7B5C2266696C6C5C223A5C227265645C222C5C227374726F6B655C223A5C227265645C222C5C22645C223A5C224D2031302030204C20302035204C203130203130207A5C222C5C227472616E73666F726D5C223A5C227363616C6528302E303031295C227D2C5C222E6D61726B65722D7461726765745C223A7B5C2266696C6C5C223A5C22626C61636B5C222C5C22645C223A5C224D2031302030204C20302035204C203130203130207A5C227D7D7D2C7B5C22747970655C223A5C226C696E6B5C222C5C2269645C223A5C2237643636353265382D656434632D343264302D623463612D6266306663313234326337635C222C5C22656D626564735C223A5C225C222C5C22736F757263655C223A7B5C2269645C223A5C2232383766333062622D616266642D346635662D616232662D6265376231653932366261335C227D2C5C227461726765745C223A7B5C2269645C223A5C2234356230383261662D373465632D343436632D623838622D3639633361356532373336395C227D2C5C227A5C223A362C5C2261747472735C223A7B5C222E636F6E6E656374696F6E5C223A7B5C227374726F6B655C223A5C22626C61636B5C227D2C5C222E6D61726B65722D736F757263655C223A7B5C22645C223A5C224D2031302030204C20302035204C203130203130207A5C222C5C227472616E73666F726D5C223A5C227363616C6528302E303031295C227D2C5C222E6D61726B65722D7461726765745C223A7B5C22645C223A5C224D2031302030204C20302035204C203130203130207A5C227D7D7D5D7D222C22696E6372656D656E7456657273696F6E223A66616C73652C2273746172745374617465223A7B2261747472696275746573223A7B22616E676C65223A302C226964223A2232383766333062622D616266642D346635662D616232662D626537623165393236626133222C226E616D65223A22496E6963696F222C22706F736974696F6E223A7B2278223A34332C2279223A2D367D2C2273697A65223A7B22686569676874223A32302C227769647468223A32307D2C2274797065223A226673612E53746172745374617465222C227A223A307D2C2270726F70657274696573223A7B22666F7277617264223A22222C226261636B77617264223A22222C226E616D65223A22222C22747970655374617465223A22222C2277696E646F77734964223A22222C2273746174654D6163726F555249223A22222C226163726F6E796D50617365223A22222C22776F726B666C6F774E616D65223A22222C227469706F446F63756D656E746F46464343223A22222C22666F72776172644465736963696F6E223A22222C2261636365707452656A656374223A66616C73652C22616363657074436965727265457870656469656E7465223A66616C73652C226163636570745472616D69746163696F6E4C69627265223A66616C73652C2273686F7750617373496E666F223A66616C73652C2268617347726F7570223A66616C73652C2268617350726576696F757347726F7570223A66616C73652C22666F726B4F6E6C794C696E6B223A66616C73652C22736372697074467573655461736B223A22227D2C2268617350726F70657274696573223A66616C73652C22616C6C6F776564436F6E6E656374696F6E73223A5B226673612E5374617465225D2C2268696E74223A22227D2C22656E645374617465223A7B2261747472696275746573223A7B22616E676C65223A302C226964223A2232663831393065312D356633612D343731662D613732362D663639643366323235386535222C226E616D65223A22436965727265222C22706F736974696F6E223A7B2278223A3337312C2279223A2D367D2C2273697A65223A7B22686569676874223A312C227769647468223A317D2C2274797065223A226673612E456E645374617465222C227A223A347D2C2270726F70657274696573223A7B22666F7277617264223A22222C226261636B77617264223A22222C226E616D65223A22436965727265222C22747970655374617465223A22222C2277696E646F77734964223A22222C2273746174654D6163726F555249223A22222C226163726F6E796D50617365223A22222C22776F726B666C6F774E616D65223A22222C227469706F446F63756D656E746F46464343223A22222C22666F72776172644465736963696F6E223A22222C2261636365707452656A656374223A66616C73652C22616363657074436965727265457870656469656E7465223A66616C73652C226163636570745472616D69746163696F6E4C69627265223A66616C73652C2273686F7750617373496E666F223A66616C73652C2268617347726F7570223A66616C73652C2268617350726576696F757347726F7570223A66616C73652C22666F726B4F6E6C794C696E6B223A66616C73652C22736372697074467573655461736B223A22227D2C2268617350726F70657274696573223A66616C73652C22616C6C6F776564436F6E6E656374696F6E73223A5B224775617264612054656D706F72616C225D2C2268696E74223A22227D2C22737461746573223A5B7B2261747472696275746573223A7B22616E676C65223A302C226964223A2234356230383261662D373465632D343436632D623838622D363963336135653237333639222C226E616D65223A2265737431222C22706F736974696F6E223A7B2278223A3130392C2279223A2D31317D2C2273697A65223A7B22686569676874223A36302C227769647468223A36307D2C2274797065223A226673612E5374617465222C227A223A317D2C2270726F70657274696573223A7B22666F7277617264223A22222C226261636B77617264223A22222C226E616D65223A2265737431222C2277696E646F77734964223A22222C2273746174654D6163726F555249223A22222C226163726F6E796D50617365223A22222C22776F726B666C6F774E616D65223A2254457374222C227469706F446F63756D656E746F46464343223A22222C22666F72776172644465736963696F6E223A22222C2261636365707452656A656374223A747275652C22616363657074436965727265457870656469656E7465223A66616C73652C226163636570745472616D69746163696F6E4C69627265223A66616C73652C2273686F7750617373496E666F223A747275652C2268617347726F7570223A66616C73652C2268617350726576696F757347726F7570223A66616C73652C2270617468546F41637475616C5374617465223A5B5D2C2270617468546F41637475616C53746174654A534F4E223A22222C22666F726B4F6E6C794C696E6B223A66616C73652C22736372697074467573655461736B223A22227D2C2268617350726F70657274696573223A747275652C22616C6C6F776564436F6E6E656374696F6E73223A5B226673612E53746172745374617465222C226673612E5374617465222C225472616D69746163696F6E204C69627265222C224775617264612054656D706F72616C222C226673612E4A6F696E222C226673612E466F726B225D2C2268696E74223A22227D2C7B2261747472696275746573223A7B22616E676C65223A302C226964223A2235623565666262352D313464302D346137342D626561382D366339386538386134333563222C226E616D65223A2265737432222C22706F736974696F6E223A7B2278223A3233342C2279223A2D32337D2C2273697A65223A7B22686569676874223A36302C227769647468223A36307D2C2274797065223A226673612E5374617465222C227A223A327D2C2270726F70657274696573223A7B22666F7277617264223A22222C226261636B77617264223A22222C226E616D65223A2265737432222C2277696E646F77734964223A22222C2273746174654D6163726F555249223A22222C226163726F6E796D50617365223A22222C22776F726B666C6F774E616D65223A2254457374222C227469706F446F63756D656E746F46464343223A22222C22666F72776172644465736963696F6E223A22222C2261636365707452656A656374223A747275652C22616363657074436965727265457870656469656E7465223A66616C73652C226163636570745472616D69746163696F6E4C69627265223A66616C73652C2273686F7750617373496E666F223A747275652C2268617347726F7570223A66616C73652C2268617350726576696F757347726F7570223A66616C73652C2270617468546F41637475616C5374617465223A5B5D2C2270617468546F41637475616C53746174654A534F4E223A22222C22666F726B4F6E6C794C696E6B223A66616C73652C22736372697074467573655461736B223A22227D2C2268617350726F70657274696573223A747275652C22616C6C6F776564436F6E6E656374696F6E73223A5B226673612E53746172745374617465222C226673612E5374617465222C225472616D69746163696F6E204C69627265222C224775617264612054656D706F72616C222C226673612E4A6F696E222C226673612E466F726B225D2C2268696E74223A22227D5D2C226C696E6B73223A5B7B226964223A2261313961643332652D613331342D346263642D396665622D646665313235303531646631222C226F726967696E223A2234356230383261662D373465632D343436632D623838622D363963336135653237333639222C2264657374696E79223A2235623565666262352D313464302D346137342D626561382D366339386538386134333563222C22646F75626C654C696E6B223A747275657D2C7B226964223A2233373365613063372D613030362D346664302D616135622D386162396462656536326361222C226F726967696E223A2235623565666262352D313464302D346137342D626561382D366339386538386134333563222C2264657374696E79223A2232663831393065312D356633612D343731662D613732362D663639643366323235386535222C22646F75626C654C696E6B223A66616C73657D2C7B226964223A2237643636353265382D656434632D343264302D623463612D626630666331323432633763222C226F726967696E223A2232383766333062622D616266642D346635662D616232662D626537623165393236626133222C2264657374696E79223A2234356230383261662D373465632D343436632D623838622D363963336135653237333639222C22646F75626C654C696E6B223A66616C73657D5D2C22666F726B73223A5B5D2C226A6F696E73223A5B5D2C2274797065576F726B466C6F77223A225354415445222C227363726970744675736547656E65726963223A22222C2276657273696F6E50726F636564757265223A307D,'STATE',0),('TestInc','ADMINEGOV','',2,0x7B226964223A302C226E616D65223A2254657374496E63222C22617574686F72223A2241444D494E45474F56222C226465736372697074696F6E223A22222C2276657273696F6E223A322C226A736F6E4D6F64656C223A227B5C2263656C6C735C223A5B7B5C22747970655C223A5C226673612E537461727453746174655C222C5C2273697A655C223A7B5C2277696474685C223A32302C5C226865696768745C223A32307D2C5C22706F736974696F6E5C223A7B5C22785C223A35302C5C22795C223A32377D2C5C22616E676C655C223A302C5C226E616D655C223A5C22496E6963696F5C222C5C226D61726B75705C223A5C225C753030336367206F6E6D6F7573656F7665725C75303033645C5C5C22746869732E7374796C652E637572736F725C75303033645C7530303237706F696E7465725C75303032375C5C5C22207374796C655C75303033645C5C5C22637572736F723A20706F696E7465723B5C5C5C225C75303033655C5C6E5C5C745C5C745C5C745C5C745C5C745C5C745C5C745C5C745C5C745C5C745C5C745C5C745C5C745C5C745C5C745C7530303363636972636C652066696C6C5C75303033645C5C5C22233030303030305C5C5C22207374726F6B655C75303033645C5C5C22233030303030305C5C5C22207374726F6B652D77696474685C75303033645C5C5C22305C5C5C22207374726F6B652D6C696E656A6F696E5C75303033645C5C5C226E756C6C5C5C5C22207374726F6B652D6C696E656361705C75303033645C5C5C226E756C6C5C5C5C222063785C75303033645C5C5C2236382E35383837375C5C5C222063795C75303033645C5C5C2237322E38373235335C5C5C2220725C75303033645C5C5C2231302E34303937365C5C5C222069645C75303033645C5C5C227376675F34345C5C5C225C75303033655C75303033632F636972636C655C75303033655C5C6E5C5C745C5C745C5C745C5C745C5C745C5C745C5C745C5C745C5C745C5C745C5C745C5C745C5C745C5C745C5C745C7530303363746578742069645C75303033645C5C5C227376675F34325C5C5C222066696C6C5C75303033645C5C5C22233030303030305C5C5C22207374726F6B655C75303033645C5C5C22233030303030305C5C5C22207374726F6B652D77696474685C75303033645C5C5C22305C5C5C22207374726F6B652D6C696E656A6F696E5C75303033645C5C5C226E756C6C5C5C5C22207374726F6B652D6C696E656361705C75303033645C5C5C226E756C6C5C5C5C2220785C75303033645C5C5C2236392E35383034325C5C5C2220795C75303033645C5C5C2239352E34333339395C5C5C2220666F6E742D73697A655C75303033645C5C5C2231325C5C5C2220666F6E742D66616D696C795C75303033645C5C5C2273657269665C5C5C2220746578742D616E63686F725C75303033645C5C5C226D6964646C655C5C5C222073706163655C75303033645C5C5C2270726573657276655C5C5C2220666F6E742D7765696768745C75303033645C5C5C22626F6C645C5C5C225C7530303365496E6963696F5C75303033632F746578745C75303033655C5C6E5C5C745C5C745C5C745C5C745C5C745C5C745C5C745C5C745C5C745C5C745C5C745C5C745C5C745C5C745C75303033632F675C75303033655C222C5C226D6F6469666961626C655C223A66616C73652C5C2269645C223A5C2230626363346435342D656664302D343835372D393665372D3635656236616236346330635C222C5C227A5C223A302C5C2261747472735C223A7B7D7D2C7B5C22747970655C223A5C226673612E53746174655C222C5C2273697A655C223A7B5C2277696474685C223A36302C5C226865696768745C223A36307D2C5C22706F736974696F6E5C223A7B5C22785C223A3234352C5C22795C223A33357D2C5C22616E676C655C223A302C5C226D61726B75705C223A5C225C75303033636720636C6173735C75303033645C5C5C22726F74617461626C655C5C5C225C75303033655C7530303363636972636C652066696C6C5C75303033645C5C5C22236666666661615C5C5C22207374726F6B655C75303033645C5C5C22233030303030305C5C5C22207374726F6B652D77696474685C75303033645C5C5C22335C5C5C222063785C75303033645C5C5C2233372E355C5C5C222063795C75303033645C5C5C2233392E355C5C5C2220725C75303033645C5C5C2232372E323033365C5C5C22202F5C75303033655C7530303363746578742066696C6C5C75303033645C5C5C22233030303030305C5C5C22207374726F6B655C75303033645C5C5C22233030303030305C5C5C22207374726F6B652D77696474685C75303033645C5C5C22305C5C5C22207374726F6B652D6C696E656A6F696E5C75303033645C5C5C226E756C6C5C5C5C22207374726F6B652D6C696E656361705C75303033645C5C5C226E756C6C5C5C5C2220785C75303033645C5C5C2233362E355C5C5C2220666F6E742D73697A655C75303033645C5C5C2231325C5C5C2220666F6E742D66616D696C795C75303033645C5C5C2273657269665C5C5C2220746578742D616E63686F725C75303033645C5C5C226D6964646C655C5C5C2220786D6C3A73706163655C75303033645C5C5C2270726573657276655C5C5C2220666F6E742D7765696768745C75303033645C5C5C22626F6C645C5C5C225C75303033655C75303033632F746578745C75303033655C75303033632F675C75303033655C222C5C226E616D655C223A5C22457374315C222C5C226D6F6469666961626C655C223A747275652C5C2269645C223A5C2261363561653364642D306432662D346532342D383066322D6261323865393362323665375C222C5C227A5C223A312C5C2261747472735C223A7B5C22746578745C223A7B5C22746578745C223A5C22457374315C222C5C227265665C223A5C22636972636C655C222C5C227265662D795C223A32382C5C22792D616C69676E6D656E745C223A5C226D6964646C655C227D7D7D2C7B5C22747970655C223A5C226673612E53746174655C222C5C2273697A655C223A7B5C2277696474685C223A36302C5C226865696768745C223A36307D2C5C22706F736974696F6E5C223A7B5C22785C223A3435332C5C22795C223A37337D2C5C22616E676C655C223A302C5C226D61726B75705C223A5C225C75303033636720636C6173735C75303033645C5C5C22726F74617461626C655C5C5C225C75303033655C7530303363636972636C652066696C6C5C75303033645C5C5C22236666666661615C5C5C22207374726F6B655C75303033645C5C5C22233030303030305C5C5C22207374726F6B652D77696474685C75303033645C5C5C22335C5C5C222063785C75303033645C5C5C2233372E355C5C5C222063795C75303033645C5C5C2233392E355C5C5C2220725C75303033645C5C5C2232372E323033365C5C5C22202F5C75303033655C7530303363746578742066696C6C5C75303033645C5C5C22233030303030305C5C5C22207374726F6B655C75303033645C5C5C22233030303030305C5C5C22207374726F6B652D77696474685C75303033645C5C5C22305C5C5C22207374726F6B652D6C696E656A6F696E5C75303033645C5C5C226E756C6C5C5C5C22207374726F6B652D6C696E656361705C75303033645C5C5C226E756C6C5C5C5C2220785C75303033645C5C5C2233362E355C5C5C2220666F6E742D73697A655C75303033645C5C5C2231325C5C5C2220666F6E742D66616D696C795C75303033645C5C5C2273657269665C5C5C2220746578742D616E63686F725C75303033645C5C5C226D6964646C655C5C5C2220786D6C3A73706163655C75303033645C5C5C2270726573657276655C5C5C2220666F6E742D7765696768745C75303033645C5C5C22626F6C645C5C5C225C75303033655C75303033632F746578745C75303033655C75303033632F675C75303033655C222C5C226E616D655C223A5C22457374325C222C5C226D6F6469666961626C655C223A747275652C5C2269645C223A5C2261326435356136332D666266662D343161642D396634332D3266613239363964323931625C222C5C227A5C223A322C5C2261747472735C223A7B5C22746578745C223A7B5C22746578745C223A5C22457374325C222C5C227265665C223A5C22636972636C655C222C5C227265662D795C223A32382C5C22792D616C69676E6D656E745C223A5C226D6964646C655C227D7D7D2C7B5C22747970655C223A5C226673612E456E6453746174655C222C5C22706F736974696F6E5C223A7B5C22785C223A3532372C5C22795C223A35317D2C5C2273697A655C223A7B5C2277696474685C223A312C5C226865696768745C223A317D2C5C22616E676C655C223A302C5C226E616D655C223A5C224369657272655C222C5C226D61726B75705C223A5C225C753030336367206F6E6D6F7573656F7665725C75303033645C5C5C22746869732E7374796C652E637572736F725C75303033645C7530303237706F696E7465725C75303032375C5C5C22207374796C655C75303033645C5C5C22637572736F723A20706F696E7465723B5C5C5C225C75303033655C5C6E5C5C745C5C745C5C745C5C745C5C745C5C745C5C745C5C745C5C745C5C745C5C745C5C745C5C745C5C745C5C745C7530303363636972636C652066696C6C5C75303033645C5C5C22233030303030305C5C5C22207374726F6B655C75303033645C5C5C22233030303030305C5C5C22207374726F6B652D77696474685C75303033645C5C5C22305C5C5C22207374726F6B652D6C696E656A6F696E5C75303033645C5C5C226E756C6C5C5C5C22207374726F6B652D6C696E656361705C75303033645C5C5C226E756C6C5C5C5C222063785C75303033645C5C5C2236382E39383739375C5C5C222063795C75303033645C5C5C2236362E303836315C5C5C2220725C75303033645C5C5C2231302E34303937365C5C5C222069645C75303033645C5C5C227376675F34345C5C5C225C75303033655C75303033632F636972636C655C75303033655C5C6E5C5C745C5C745C5C745C5C745C5C745C5C745C5C745C5C745C5C745C5C745C5C745C5C745C5C745C5C745C5C745C7530303363636972636C652069645C75303033645C5C5C227376675F34365C5C5C2220725C75303033645C5C5C2231332E343938325C5C5C222063795C75303033645C5C5C2236362E32363734375C5C5C222063785C75303033645C5C5C2236392E31363136385C5C5C22207374726F6B655C75303033645C5C5C22233030303030305C5C5C222066696C6C5C75303033645C5C5C226E6F6E655C5C5C225C75303033655C75303033632F636972636C655C75303033655C5C6E5C5C745C5C745C5C745C5C745C5C745C5C745C5C745C5C745C5C745C5C745C5C745C5C745C5C745C5C745C5C745C75303033637465787420666F6E742D7765696768745C75303033645C5C5C22626F6C645C5C5C222073706163655C75303033645C5C5C2270726573657276655C5C5C2220746578742D616E63686F725C75303033645C5C5C226D6964646C655C5C5C2220666F6E742D66616D696C795C75303033645C5C5C2273657269665C5C5C2220666F6E742D73697A655C75303033645C5C5C2231325C5C5C2220795C75303033645C5C5C2239322E32343033385C5C5C2220785C75303033645C5C5C2236392E31383132325C5C5C22207374726F6B652D6C696E656361705C75303033645C5C5C226E756C6C5C5C5C22207374726F6B652D6C696E656A6F696E5C75303033645C5C5C226E756C6C5C5C5C22207374726F6B652D77696474685C75303033645C5C5C22305C5C5C22207374726F6B655C75303033645C5C5C22233030303030305C5C5C222066696C6C5C75303033645C5C5C22233030303030305C5C5C222069645C75303033645C5C5C227376675F34325C5C5C225C75303033654369657272655C75303033632F746578745C75303033655C5C6E5C5C745C5C745C5C745C5C745C5C745C5C745C5C745C5C745C5C745C5C745C5C745C5C745C5C745C5C745C75303033632F675C75303033655C222C5C226D6F6469666961626C655C223A66616C73652C5C2269645C223A5C2237613763353933342D393131392D346165342D383764372D3332356564306131316534305C222C5C227A5C223A332C5C2261747472735C223A7B7D7D2C7B5C22747970655C223A5C226C696E6B5C222C5C2269645C223A5C2234323162336232392D306135372D343438312D626564612D6436306534336163346630345C222C5C22656D626564735C223A5C225C222C5C22736F757263655C223A7B5C2269645C223A5C2230626363346435342D656664302D343835372D393665372D3635656236616236346330635C227D2C5C227461726765745C223A7B5C2269645C223A5C2261363561653364642D306432662D346532342D383066322D6261323865393362323665375C227D2C5C227A5C223A342C5C2261747472735C223A7B5C222E636F6E6E656374696F6E5C223A7B5C227374726F6B655C223A5C22626C61636B5C227D2C5C222E6D61726B65722D736F757263655C223A7B5C22645C223A5C224D2031302030204C20302035204C203130203130207A5C222C5C227472616E73666F726D5C223A5C227363616C6528302E303031295C227D2C5C222E6D61726B65722D7461726765745C223A7B5C22645C223A5C224D2031302030204C20302035204C203130203130207A5C227D7D7D2C7B5C22747970655C223A5C226C696E6B5C222C5C2269645C223A5C2266353336643761312D366266342D343466622D383562392D6162366639303161303838315C222C5C22656D626564735C223A5C225C222C5C22736F757263655C223A7B5C2269645C223A5C2261326435356136332D666266662D343161642D396634332D3266613239363964323931625C227D2C5C227461726765745C223A7B5C2269645C223A5C2237613763353933342D393131392D346165342D383764372D3332356564306131316534305C227D2C5C227A5C223A362C5C2261747472735C223A7B5C222E636F6E6E656374696F6E5C223A7B5C227374726F6B655C223A5C22626C61636B5C227D2C5C222E6D61726B65722D736F757263655C223A7B5C2266696C6C5C223A5C227265645C222C5C227374726F6B655C223A5C227265645C222C5C22645C223A5C224D2031302030204C20302035204C203130203130207A5C222C5C227472616E73666F726D5C223A5C227363616C6528302E303031295C227D2C5C222E6D61726B65722D7461726765745C223A7B5C2266696C6C5C223A5C22626C61636B5C222C5C22645C223A5C224D2031302030204C20302035204C203130203130207A5C227D7D7D2C7B5C22747970655C223A5C226C696E6B5C222C5C2269645C223A5C2230333039383933652D396534352D346430362D396662632D3731623038373330326464315C222C5C22656D626564735C223A5C225C222C5C22736F757263655C223A7B5C2269645C223A5C2261363561653364642D306432662D346532342D383066322D6261323865393362323665375C227D2C5C227461726765745C223A7B5C2269645C223A5C2261326435356136332D666266662D343161642D396634332D3266613239363964323931625C227D2C5C227A5C223A362C5C2261747472735C223A7B5C222E636F6E6E656374696F6E5C223A7B5C227374726F6B655C223A5C22626C61636B5C227D2C5C222E6D61726B65722D736F757263655C223A7B5C2266696C6C5C223A5C227265645C222C5C227374726F6B655C223A5C227265645C222C5C22645C223A5C224D2031302030204C20302035204C203130203130207A5C222C5C227472616E73666F726D5C223A5C227363616C652831295C227D2C5C222E6D61726B65722D7461726765745C223A7B5C2266696C6C5C223A5C22626C61636B5C222C5C22645C223A5C224D2031302030204C20302035204C203130203130207A5C222C5C227472616E73666F726D5C223A5C227363616C652831295C227D7D7D5D7D222C22696E6372656D656E7456657273696F6E223A66616C73652C2273746172745374617465223A7B2261747472696275746573223A7B22616E676C65223A302C226964223A2230626363346435342D656664302D343835372D393665372D363565623661623634633063222C226E616D65223A22496E6963696F222C22706F736974696F6E223A7B2278223A35302C2279223A32377D2C2273697A65223A7B22686569676874223A32302C227769647468223A32307D2C2274797065223A226673612E53746172745374617465222C227A223A307D2C2270726F70657274696573223A7B22666F7277617264223A22222C226261636B77617264223A22222C226E616D65223A22222C22747970655374617465223A22222C2277696E646F77734964223A22222C2273746174654D6163726F555249223A22222C226163726F6E796D50617365223A22222C22776F726B666C6F774E616D65223A22222C227469706F446F63756D656E746F46464343223A22222C22666F72776172644465736963696F6E223A22222C2261636365707452656A656374223A66616C73652C22616363657074436965727265457870656469656E7465223A66616C73652C226163636570745472616D69746163696F6E4C69627265223A66616C73652C2273686F7750617373496E666F223A66616C73652C2268617347726F7570223A66616C73652C2267726F75704E616D65223A22222C226272616E63684E616D65223A22222C2268617350726576696F757347726F7570223A66616C73652C2270726576696F757347726F75704E616D65223A22222C227374617465436F6E6E6563746564546F4A6F696E4E616D6564223A22222C22737461746541667465724A6F696E4E616D6564223A22222C227374617465436F6E6E6563746564546F466F726B223A22222C22666F726B4F6E6C794C696E6B223A66616C73652C22666F726B4E616D65223A22222C22736372697074467573655461736B223A22227D2C2268617350726F70657274696573223A66616C73652C22616C6C6F776564436F6E6E656374696F6E73223A5B226673612E5374617465225D2C2268696E74223A22227D2C22656E645374617465223A7B2261747472696275746573223A7B22616E676C65223A302C226964223A2237613763353933342D393131392D346165342D383764372D333235656430613131653430222C226E616D65223A22436965727265222C22706F736974696F6E223A7B2278223A3532372C2279223A35317D2C2273697A65223A7B22686569676874223A312C227769647468223A317D2C2274797065223A226673612E456E645374617465222C227A223A337D2C2270726F70657274696573223A7B22666F7277617264223A22222C226261636B77617264223A22222C226E616D65223A22222C22747970655374617465223A22222C2277696E646F77734964223A22222C2273746174654D6163726F555249223A22222C226163726F6E796D50617365223A22222C22776F726B666C6F774E616D65223A22222C227469706F446F63756D656E746F46464343223A22222C22666F72776172644465736963696F6E223A22222C2261636365707452656A656374223A66616C73652C22616363657074436965727265457870656469656E7465223A66616C73652C226163636570745472616D69746163696F6E4C69627265223A66616C73652C2273686F7750617373496E666F223A66616C73652C2268617347726F7570223A66616C73652C2267726F75704E616D65223A22222C226272616E63684E616D65223A22222C2268617350726576696F757347726F7570223A66616C73652C2270726576696F757347726F75704E616D65223A22222C227374617465436F6E6E6563746564546F4A6F696E4E616D6564223A22222C22737461746541667465724A6F696E4E616D6564223A22222C227374617465436F6E6E6563746564546F466F726B223A22222C22666F726B4F6E6C794C696E6B223A66616C73652C22666F726B4E616D65223A22222C22736372697074467573655461736B223A22227D2C2268617350726F70657274696573223A66616C73652C22616C6C6F776564436F6E6E656374696F6E73223A5B224775617264612054656D706F72616C225D2C2268696E74223A22227D2C22737461746573223A5B7B2261747472696275746573223A7B22616E676C65223A302C226964223A2261363561653364642D306432662D346532342D383066322D626132386539336232366537222C226E616D65223A2245737431222C22706F736974696F6E223A7B2278223A3230382C2279223A32387D2C2273697A65223A7B22686569676874223A36302C227769647468223A36307D2C2274797065223A226673612E5374617465222C227A223A317D2C2270726F70657274696573223A7B22666F7277617264223A22222C226261636B77617264223A22222C226E616D65223A2245737431222C22747970655374617465223A22222C2277696E646F77734964223A22222C2273746174654D6163726F555249223A22222C226163726F6E796D50617365223A22222C22776F726B666C6F774E616D65223A2254657374496E63222C227469706F446F63756D656E746F46464343223A22222C22666F72776172644465736963696F6E223A22222C2261636365707452656A656374223A747275652C22616363657074436965727265457870656469656E7465223A66616C73652C226163636570745472616D69746163696F6E4C69627265223A66616C73652C2273686F7750617373496E666F223A747275652C2268617347726F7570223A66616C73652C2267726F75704E616D65223A22222C226272616E63684E616D65223A22222C2268617350726576696F757347726F7570223A66616C73652C2270726576696F757347726F75704E616D65223A22222C227374617465436F6E6E6563746564546F4A6F696E4E616D6564223A22222C22737461746541667465724A6F696E4E616D6564223A22222C227374617465436F6E6E6563746564546F466F726B223A22222C2270617468546F41637475616C5374617465223A5B5D2C2270617468546F41637475616C53746174654A534F4E223A22222C22666F726B4F6E6C794C696E6B223A66616C73652C22666F726B4E616D65223A22222C22736372697074467573655461736B223A22227D2C2268617350726F70657274696573223A747275652C22616C6C6F776564436F6E6E656374696F6E73223A5B226673612E53746172745374617465222C226673612E5374617465222C225472616D69746163696F6E204C69627265222C224775617264612054656D706F72616C222C226673612E4A6F696E222C226673612E466F726B225D2C2268696E74223A22227D2C7B2261747472696275746573223A7B22616E676C65223A302C226964223A2261326435356136332D666266662D343161642D396634332D326661323936396432393162222C226E616D65223A2245737432222C22706F736974696F6E223A7B2278223A3435332C2279223A37337D2C2273697A65223A7B22686569676874223A36302C227769647468223A36307D2C2274797065223A226673612E5374617465222C227A223A327D2C2270726F70657274696573223A7B22666F7277617264223A22222C226261636B77617264223A22222C226E616D65223A2245737432222C22747970655374617465223A22222C2277696E646F77734964223A22222C2273746174654D6163726F555249223A22222C226163726F6E796D50617365223A22222C22776F726B666C6F774E616D65223A2254657374496E63222C227469706F446F63756D656E746F46464343223A22222C22666F72776172644465736963696F6E223A22222C2261636365707452656A656374223A747275652C22616363657074436965727265457870656469656E7465223A66616C73652C226163636570745472616D69746163696F6E4C69627265223A66616C73652C2273686F7750617373496E666F223A747275652C2268617347726F7570223A66616C73652C2267726F75704E616D65223A22222C226272616E63684E616D65223A22222C2268617350726576696F757347726F7570223A66616C73652C2270726576696F757347726F75704E616D65223A22222C227374617465436F6E6E6563746564546F4A6F696E4E616D6564223A22222C22737461746541667465724A6F696E4E616D6564223A22222C227374617465436F6E6E6563746564546F466F726B223A22222C2270617468546F41637475616C5374617465223A5B5D2C2270617468546F41637475616C53746174654A534F4E223A22222C22666F726B4F6E6C794C696E6B223A66616C73652C22666F726B4E616D65223A22222C22736372697074467573655461736B223A22227D2C2268617350726F70657274696573223A747275652C22616C6C6F776564436F6E6E656374696F6E73223A5B226673612E53746172745374617465222C226673612E5374617465222C225472616D69746163696F6E204C69627265222C224775617264612054656D706F72616C222C226673612E4A6F696E222C226673612E466F726B225D2C2268696E74223A22227D5D2C226C696E6B73223A5B7B226964223A2234323162336232392D306135372D343438312D626564612D643630653433616334663034222C226F726967696E223A2230626363346435342D656664302D343835372D393665372D363565623661623634633063222C2264657374696E79223A2261363561653364642D306432662D346532342D383066322D626132386539336232366537222C22646F75626C654C696E6B223A66616C73657D2C7B226964223A2266353336643761312D366266342D343466622D383562392D616236663930316130383831222C226F726967696E223A2261326435356136332D666266662D343161642D396634332D326661323936396432393162222C2264657374696E79223A2237613763353933342D393131392D346165342D383764372D333235656430613131653430222C22646F75626C654C696E6B223A66616C73657D2C7B226964223A2230333039383933652D396534352D346430362D396662632D373162303837333032646431222C226F726967696E223A2261363561653364642D306432662D346532342D383066322D626132386539336232366537222C2264657374696E79223A2261326435356136332D666266662D343161642D396634332D326661323936396432393162222C22646F75626C654C696E6B223A747275657D5D2C22666F726B73223A5B5D2C226A6F696E73223A5B5D2C2274797065576F726B466C6F77223A225354415445222C227363726970744675736547656E65726963223A22222C2276657273696F6E50726F636564757265223A347D,'STATE',4),('TESTSUBERR','ADMINEGOV','',1,0x7B226964223A302C226E616D65223A2254455354535542455252222C22617574686F72223A2241444D494E45474F56222C226465736372697074696F6E223A22222C2276657273696F6E223A312C226A736F6E4D6F64656C223A227B5C2263656C6C735C223A5B7B5C22747970655C223A5C226673612E537461727453746174655C222C5C2273697A655C223A7B5C2277696474685C223A32302C5C226865696768745C223A32307D2C5C22706F736974696F6E5C223A7B5C22785C223A37382C5C22795C223A327D2C5C22616E676C655C223A302C5C226E616D655C223A5C22496E6963696F5C222C5C226D61726B75705C223A5C225C753030336367206F6E6D6F7573656F7665725C75303033645C5C5C22746869732E7374796C652E637572736F725C75303033645C7530303237706F696E7465725C75303032375C5C5C22207374796C655C75303033645C5C5C22637572736F723A20706F696E7465723B5C5C5C225C75303033655C5C6E5C5C745C5C745C5C745C5C745C5C745C5C745C5C745C5C745C5C745C5C745C5C745C5C745C5C745C5C745C5C745C7530303363636972636C652066696C6C5C75303033645C5C5C22233030303030305C5C5C22207374726F6B655C75303033645C5C5C22233030303030305C5C5C22207374726F6B652D77696474685C75303033645C5C5C22305C5C5C22207374726F6B652D6C696E656A6F696E5C75303033645C5C5C226E756C6C5C5C5C22207374726F6B652D6C696E656361705C75303033645C5C5C226E756C6C5C5C5C222063785C75303033645C5C5C2236382E35383837375C5C5C222063795C75303033645C5C5C2237322E38373235335C5C5C2220725C75303033645C5C5C2231302E34303937365C5C5C222069645C75303033645C5C5C227376675F34345C5C5C225C75303033655C75303033632F636972636C655C75303033655C5C6E5C5C745C5C745C5C745C5C745C5C745C5C745C5C745C5C745C5C745C5C745C5C745C5C745C5C745C5C745C5C745C7530303363746578742069645C75303033645C5C5C227376675F34325C5C5C222066696C6C5C75303033645C5C5C22233030303030305C5C5C22207374726F6B655C75303033645C5C5C22233030303030305C5C5C22207374726F6B652D77696474685C75303033645C5C5C22305C5C5C22207374726F6B652D6C696E656A6F696E5C75303033645C5C5C226E756C6C5C5C5C22207374726F6B652D6C696E656361705C75303033645C5C5C226E756C6C5C5C5C2220785C75303033645C5C5C2236392E35383034325C5C5C2220795C75303033645C5C5C2239352E34333339395C5C5C2220666F6E742D73697A655C75303033645C5C5C2231325C5C5C2220666F6E742D66616D696C795C75303033645C5C5C2273657269665C5C5C2220746578742D616E63686F725C75303033645C5C5C226D6964646C655C5C5C222073706163655C75303033645C5C5C2270726573657276655C5C5C2220666F6E742D7765696768745C75303033645C5C5C22626F6C645C5C5C225C7530303365496E6963696F5C75303033632F746578745C75303033655C5C6E5C5C745C5C745C5C745C5C745C5C745C5C745C5C745C5C745C5C745C5C745C5C745C5C745C5C745C5C745C75303033632F675C75303033655C222C5C226D6F6469666961626C655C223A66616C73652C5C2269645C223A5C2262613337303361352D376665642D343632302D393564632D6662666262643461623261365C222C5C227A5C223A302C5C2261747472735C223A7B7D7D2C7B5C22747970655C223A5C226673612E456E6453746174655C222C5C22706F736974696F6E5C223A7B5C22785C223A3637352C5C22795C223A357D2C5C2273697A655C223A7B5C2277696474685C223A312C5C226865696768745C223A317D2C5C22616E676C655C223A302C5C226E616D655C223A5C224369657272655C222C5C226D61726B75705C223A5C225C753030336367206F6E6D6F7573656F7665725C75303033645C5C5C22746869732E7374796C652E637572736F725C75303033645C7530303237706F696E7465725C75303032375C5C5C22207374796C655C75303033645C5C5C22637572736F723A20706F696E7465723B5C5C5C225C75303033655C5C6E5C5C745C5C745C5C745C5C745C5C745C5C745C5C745C5C745C5C745C5C745C5C745C5C745C5C745C5C745C5C745C7530303363636972636C652066696C6C5C75303033645C5C5C22233030303030305C5C5C22207374726F6B655C75303033645C5C5C22233030303030305C5C5C22207374726F6B652D77696474685C75303033645C5C5C22305C5C5C22207374726F6B652D6C696E656A6F696E5C75303033645C5C5C226E756C6C5C5C5C22207374726F6B652D6C696E656361705C75303033645C5C5C226E756C6C5C5C5C222063785C75303033645C5C5C2236382E39383739375C5C5C222063795C75303033645C5C5C2236362E303836315C5C5C2220725C75303033645C5C5C2231302E34303937365C5C5C222069645C75303033645C5C5C227376675F34345C5C5C225C75303033655C75303033632F636972636C655C75303033655C5C6E5C5C745C5C745C5C745C5C745C5C745C5C745C5C745C5C745C5C745C5C745C5C745C5C745C5C745C5C745C5C745C7530303363636972636C652069645C75303033645C5C5C227376675F34365C5C5C2220725C75303033645C5C5C2231332E343938325C5C5C222063795C75303033645C5C5C2236362E32363734375C5C5C222063785C75303033645C5C5C2236392E31363136385C5C5C22207374726F6B655C75303033645C5C5C22233030303030305C5C5C222066696C6C5C75303033645C5C5C226E6F6E655C5C5C225C75303033655C75303033632F636972636C655C75303033655C5C6E5C5C745C5C745C5C745C5C745C5C745C5C745C5C745C5C745C5C745C5C745C5C745C5C745C5C745C5C745C5C745C75303033637465787420666F6E742D7765696768745C75303033645C5C5C22626F6C645C5C5C222073706163655C75303033645C5C5C2270726573657276655C5C5C2220746578742D616E63686F725C75303033645C5C5C226D6964646C655C5C5C2220666F6E742D66616D696C795C75303033645C5C5C2273657269665C5C5C2220666F6E742D73697A655C75303033645C5C5C2231325C5C5C2220795C75303033645C5C5C2239322E32343033385C5C5C2220785C75303033645C5C5C2236392E31383132325C5C5C22207374726F6B652D6C696E656361705C75303033645C5C5C226E756C6C5C5C5C22207374726F6B652D6C696E656A6F696E5C75303033645C5C5C226E756C6C5C5C5C22207374726F6B652D77696474685C75303033645C5C5C22305C5C5C22207374726F6B655C75303033645C5C5C22233030303030305C5C5C222066696C6C5C75303033645C5C5C22233030303030305C5C5C222069645C75303033645C5C5C227376675F34325C5C5C225C75303033654369657272655C75303033632F746578745C75303033655C5C6E5C5C745C5C745C5C745C5C745C5C745C5C745C5C745C5C745C5C745C5C745C5C745C5C745C5C745C5C745C75303033632F675C75303033655C222C5C226D6F6469666961626C655C223A66616C73652C5C2269645C223A5C2263333766633566312D333964312D346334362D396531322D3964343234373365336265635C222C5C227A5C223A312C5C2261747472735C223A7B7D7D2C7B5C22747970655C223A5C226673612E53746174655C222C5C2273697A655C223A7B5C2277696474685C223A36302C5C226865696768745C223A36307D2C5C22706F736974696F6E5C223A7B5C22785C223A3234352C5C22795C223A35307D2C5C22616E676C655C223A302C5C226D61726B75705C223A5C225C75303033636720636C6173735C75303033645C5C5C22726F74617461626C655C5C5C225C75303033655C7530303363636972636C652066696C6C5C75303033645C5C5C22236666666661615C5C5C22207374726F6B655C75303033645C5C5C22233030303030305C5C5C22207374726F6B652D77696474685C75303033645C5C5C22335C5C5C222063785C75303033645C5C5C2233372E355C5C5C222063795C75303033645C5C5C2233392E355C5C5C2220725C75303033645C5C5C2232372E323033365C5C5C22202F5C75303033655C7530303363746578742066696C6C5C75303033645C5C5C22233030303030305C5C5C22207374726F6B655C75303033645C5C5C22233030303030305C5C5C22207374726F6B652D77696474685C75303033645C5C5C22305C5C5C22207374726F6B652D6C696E656A6F696E5C75303033645C5C5C226E756C6C5C5C5C22207374726F6B652D6C696E656361705C75303033645C5C5C226E756C6C5C5C5C2220785C75303033645C5C5C2233362E355C5C5C2220666F6E742D73697A655C75303033645C5C5C2231325C5C5C2220666F6E742D66616D696C795C75303033645C5C5C2273657269665C5C5C2220746578742D616E63686F725C75303033645C5C5C226D6964646C655C5C5C2220786D6C3A73706163655C75303033645C5C5C2270726573657276655C5C5C2220666F6E742D7765696768745C75303033645C5C5C22626F6C645C5C5C225C75303033655C75303033632F746578745C75303033655C75303033632F675C75303033655C222C5C226E616D655C223A5C2245737461646F315C222C5C226D6F6469666961626C655C223A747275652C5C2269645C223A5C2235306663306132312D373135392D343165362D613537372D6133353632316636616238665C222C5C227A5C223A322C5C2261747472735C223A7B5C22746578745C223A7B5C22746578745C223A5C2245737461646F315C222C5C227265665C223A5C22636972636C655C222C5C227265662D795C223A32382C5C22792D616C69676E6D656E745C223A5C226D6964646C655C227D7D7D2C7B5C22747970655C223A5C226673612E53746174655C222C5C2273697A655C223A7B5C2277696474685C223A36302C5C226865696768745C223A36307D2C5C22706F736974696F6E5C223A7B5C22785C223A3434352C5C22795C223A34357D2C5C22616E676C655C223A302C5C226D61726B75705C223A5C225C75303033636720636C6173735C75303033645C5C5C22726F74617461626C655C5C5C225C75303033655C7530303363636972636C652066696C6C5C75303033645C5C5C22236666666661615C5C5C22207374726F6B655C75303033645C5C5C22233030303030305C5C5C22207374726F6B652D77696474685C75303033645C5C5C22335C5C5C222063785C75303033645C5C5C2233372E355C5C5C222063795C75303033645C5C5C2233392E355C5C5C2220725C75303033645C5C5C2232372E323033365C5C5C22202F5C75303033655C7530303363746578742066696C6C5C75303033645C5C5C22233030303030305C5C5C22207374726F6B655C75303033645C5C5C22233030303030305C5C5C22207374726F6B652D77696474685C75303033645C5C5C22305C5C5C22207374726F6B652D6C696E656A6F696E5C75303033645C5C5C226E756C6C5C5C5C22207374726F6B652D6C696E656361705C75303033645C5C5C226E756C6C5C5C5C2220785C75303033645C5C5C2233362E355C5C5C2220666F6E742D73697A655C75303033645C5C5C2231325C5C5C2220666F6E742D66616D696C795C75303033645C5C5C2273657269665C5C5C2220746578742D616E63686F725C75303033645C5C5C226D6964646C655C5C5C2220786D6C3A73706163655C75303033645C5C5C2270726573657276655C5C5C2220666F6E742D7765696768745C75303033645C5C5C22626F6C645C5C5C225C75303033655C75303033632F746578745C75303033655C75303033632F675C75303033655C222C5C226E616D655C223A5C2245737461646F325C222C5C226D6F6469666961626C655C223A747275652C5C2269645C223A5C2231353930333663642D313532362D343733322D623434362D3338383836333662363330335C222C5C227A5C223A332C5C2261747472735C223A7B5C22746578745C223A7B5C22746578745C223A5C2245737461646F325C222C5C227265665C223A5C22636972636C655C222C5C227265662D795C223A32382C5C22792D616C69676E6D656E745C223A5C226D6964646C655C227D7D7D2C7B5C22747970655C223A5C226C696E6B5C222C5C2269645C223A5C2233346566313134362D666166612D343036302D626362372D3562353464313664303132645C222C5C22656D626564735C223A5C225C222C5C22736F757263655C223A7B5C2269645C223A5C2262613337303361352D376665642D343632302D393564632D6662666262643461623261365C227D2C5C227461726765745C223A7B5C2269645C223A5C2235306663306132312D373135392D343165362D613537372D6133353632316636616238665C227D2C5C227A5C223A342C5C2261747472735C223A7B5C222E636F6E6E656374696F6E5C223A7B5C227374726F6B655C223A5C22626C61636B5C227D2C5C222E6D61726B65722D736F757263655C223A7B5C22645C223A5C224D2031302030204C20302035204C203130203130207A5C222C5C227472616E73666F726D5C223A5C227363616C6528302E303031295C227D2C5C222E6D61726B65722D7461726765745C223A7B5C22645C223A5C224D2031302030204C20302035204C203130203130207A5C227D7D7D2C7B5C22747970655C223A5C226C696E6B5C222C5C2269645C223A5C2266653231303832632D393038622D343764332D393165362D6365646464616566363337355C222C5C22656D626564735C223A5C225C222C5C22736F757263655C223A7B5C2269645C223A5C2235306663306132312D373135392D343165362D613537372D6133353632316636616238665C227D2C5C227461726765745C223A7B5C2269645C223A5C2231353930333663642D313532362D343733322D623434362D3338383836333662363330335C227D2C5C227A5C223A352C5C2261747472735C223A7B5C222E636F6E6E656374696F6E5C223A7B5C227374726F6B655C223A5C22626C61636B5C227D2C5C222E6D61726B65722D736F757263655C223A7B5C2266696C6C5C223A5C227265645C222C5C227374726F6B655C223A5C227265645C222C5C22645C223A5C224D2031302030204C20302035204C203130203130207A5C222C5C227472616E73666F726D5C223A5C227363616C652831295C227D2C5C222E6D61726B65722D7461726765745C223A7B5C2266696C6C5C223A5C22626C61636B5C222C5C22645C223A5C224D2031302030204C20302035204C203130203130207A5C222C5C227472616E73666F726D5C223A5C227363616C652831295C227D7D7D2C7B5C22747970655C223A5C226C696E6B5C222C5C2269645C223A5C2236363930303938612D373966392D343230642D386262392D6134633034643137383538315C222C5C22656D626564735C223A5C225C222C5C22736F757263655C223A7B5C2269645C223A5C2231353930333663642D313532362D343733322D623434362D3338383836333662363330335C227D2C5C227461726765745C223A7B5C2269645C223A5C2263333766633566312D333964312D346334362D396531322D3964343234373365336265635C227D2C5C227A5C223A362C5C2261747472735C223A7B5C222E636F6E6E656374696F6E5C223A7B5C227374726F6B655C223A5C22626C61636B5C227D2C5C222E6D61726B65722D736F757263655C223A7B5C2266696C6C5C223A5C227265645C222C5C227374726F6B655C223A5C227265645C222C5C22645C223A5C224D2031302030204C20302035204C203130203130207A5C222C5C227472616E73666F726D5C223A5C227363616C6528302E303031295C227D2C5C222E6D61726B65722D7461726765745C223A7B5C2266696C6C5C223A5C22626C61636B5C222C5C22645C223A5C224D2031302030204C20302035204C203130203130207A5C227D7D7D5D7D222C22696E6372656D656E7456657273696F6E223A66616C73652C2273746172745374617465223A7B2261747472696275746573223A7B22616E676C65223A302C226964223A2262613337303361352D376665642D343632302D393564632D666266626264346162326136222C226E616D65223A22496E6963696F222C22706F736974696F6E223A7B2278223A37382C2279223A327D2C2273697A65223A7B22686569676874223A32302C227769647468223A32307D2C2274797065223A226673612E53746172745374617465222C227A223A307D2C2270726F70657274696573223A7B22666F7277617264223A22222C226261636B77617264223A22222C226E616D65223A22222C22747970655374617465223A22222C2277696E646F77734964223A22222C2273746174654D6163726F555249223A22222C226163726F6E796D50617365223A22222C22776F726B666C6F774E616D65223A22222C227469706F446F63756D656E746F46464343223A22222C22666F72776172644465736963696F6E223A22222C2261636365707452656A656374223A66616C73652C22616363657074436965727265457870656469656E7465223A66616C73652C226163636570745472616D69746163696F6E4C69627265223A66616C73652C2273686F7750617373496E666F223A66616C73652C2268617347726F7570223A66616C73652C2267726F75704E616D65223A22222C226272616E63684E616D65223A22222C2268617350726576696F757347726F7570223A66616C73652C2270726576696F757347726F75704E616D65223A22222C227374617465436F6E6E6563746564546F4A6F696E4E616D6564223A22222C22737461746541667465724A6F696E4E616D6564223A22222C227374617465436F6E6E6563746564546F466F726B223A22222C22666F726B4F6E6C794C696E6B223A66616C73652C22666F726B4E616D65223A22222C22736372697074467573655461736B223A22227D2C2268617350726F70657274696573223A66616C73652C22616C6C6F776564436F6E6E656374696F6E73223A5B226673612E5374617465225D2C2268696E74223A22227D2C22656E645374617465223A7B2261747472696275746573223A7B22616E676C65223A302C226964223A2263333766633566312D333964312D346334362D396531322D396434323437336533626563222C226E616D65223A22436965727265222C22706F736974696F6E223A7B2278223A3532372C2279223A2D34317D2C2273697A65223A7B22686569676874223A312C227769647468223A317D2C2274797065223A226673612E456E645374617465222C227A223A317D2C2270726F70657274696573223A7B22666F7277617264223A22222C226261636B77617264223A22222C226E616D65223A22436965727265222C22747970655374617465223A22222C2277696E646F77734964223A22222C2273746174654D6163726F555249223A22222C226163726F6E796D50617365223A22222C22776F726B666C6F774E616D65223A22222C227469706F446F63756D656E746F46464343223A22222C22666F72776172644465736963696F6E223A22222C2261636365707452656A656374223A66616C73652C22616363657074436965727265457870656469656E7465223A66616C73652C226163636570745472616D69746163696F6E4C69627265223A66616C73652C2273686F7750617373496E666F223A66616C73652C2268617347726F7570223A66616C73652C2267726F75704E616D65223A22222C226272616E63684E616D65223A22222C2268617350726576696F757347726F7570223A66616C73652C2270726576696F757347726F75704E616D65223A22222C227374617465436F6E6E6563746564546F4A6F696E4E616D6564223A22222C22737461746541667465724A6F696E4E616D6564223A22222C227374617465436F6E6E6563746564546F466F726B223A22222C22666F726B4F6E6C794C696E6B223A66616C73652C22666F726B4E616D65223A22222C22736372697074467573655461736B223A22227D2C2268617350726F70657274696573223A66616C73652C22616C6C6F776564436F6E6E656374696F6E73223A5B224775617264612054656D706F72616C225D2C2268696E74223A22227D2C22737461746573223A5B7B2261747472696275746573223A7B22616E676C65223A302C226964223A2235306663306132312D373135392D343165362D613537372D613335363231663661623866222C226E616D65223A2245737461646F31222C22706F736974696F6E223A7B2278223A3134342C2279223A31357D2C2273697A65223A7B22686569676874223A36302C227769647468223A36307D2C2274797065223A226673612E5374617465222C227A223A327D2C2270726F70657274696573223A7B22666F7277617264223A22222C226261636B77617264223A22222C226E616D65223A2245737461646F31222C22747970655374617465223A22222C2277696E646F77734964223A22222C2273746174654D6163726F555249223A22222C226163726F6E796D50617365223A22222C22776F726B666C6F774E616D65223A2254455354535542455252222C227469706F446F63756D656E746F46464343223A22222C22666F72776172644465736963696F6E223A22222C2261636365707452656A656374223A747275652C22616363657074436965727265457870656469656E7465223A66616C73652C226163636570745472616D69746163696F6E4C69627265223A66616C73652C2273686F7750617373496E666F223A747275652C2268617347726F7570223A66616C73652C2267726F75704E616D65223A22222C226272616E63684E616D65223A22222C2268617350726576696F757347726F7570223A66616C73652C2270726576696F757347726F75704E616D65223A22222C227374617465436F6E6E6563746564546F4A6F696E4E616D6564223A22222C22737461746541667465724A6F696E4E616D6564223A22222C227374617465436F6E6E6563746564546F466F726B223A22222C2270617468546F41637475616C5374617465223A5B5D2C2270617468546F41637475616C53746174654A534F4E223A22222C22666F726B4F6E6C794C696E6B223A66616C73652C22666F726B4E616D65223A22222C22736372697074467573655461736B223A22227D2C2268617350726F70657274696573223A747275652C22616C6C6F776564436F6E6E656374696F6E73223A5B226673612E53746172745374617465222C226673612E5374617465222C225472616D69746163696F6E204C69627265222C224775617264612054656D706F72616C222C226673612E4A6F696E222C226673612E466F726B225D2C2268696E74223A22227D2C7B2261747472696275746573223A7B22616E676C65223A302C226964223A2231353930333663642D313532362D343733322D623434362D333838383633366236333033222C226E616D65223A2245737461646F32222C22706F736974696F6E223A7B2278223A3334302C2279223A317D2C2273697A65223A7B22686569676874223A36302C227769647468223A36307D2C2274797065223A226673612E5374617465222C227A223A337D2C2270726F70657274696573223A7B22666F7277617264223A22222C226261636B77617264223A22222C226E616D65223A2245737461646F32222C22747970655374617465223A22222C2277696E646F77734964223A22222C2273746174654D6163726F555249223A22222C226163726F6E796D50617365223A22222C22776F726B666C6F774E616D65223A2254455354535542455252222C227469706F446F63756D656E746F46464343223A22222C22666F72776172644465736963696F6E223A22222C2261636365707452656A656374223A747275652C22616363657074436965727265457870656469656E7465223A66616C73652C226163636570745472616D69746163696F6E4C69627265223A66616C73652C2273686F7750617373496E666F223A747275652C2268617347726F7570223A66616C73652C2267726F75704E616D65223A22222C226272616E63684E616D65223A22222C2268617350726576696F757347726F7570223A66616C73652C2270726576696F757347726F75704E616D65223A22222C227374617465436F6E6E6563746564546F4A6F696E4E616D6564223A22222C22737461746541667465724A6F696E4E616D6564223A22222C227374617465436F6E6E6563746564546F466F726B223A22222C2270617468546F41637475616C5374617465223A5B5D2C2270617468546F41637475616C53746174654A534F4E223A22222C22666F726B4F6E6C794C696E6B223A66616C73652C22666F726B4E616D65223A22222C22736372697074467573655461736B223A22227D2C2268617350726F70657274696573223A747275652C22616C6C6F776564436F6E6E656374696F6E73223A5B226673612E53746172745374617465222C226673612E5374617465222C225472616D69746163696F6E204C69627265222C224775617264612054656D706F72616C222C226673612E4A6F696E222C226673612E466F726B225D2C2268696E74223A22227D5D2C226C696E6B73223A5B7B226964223A2233346566313134362D666166612D343036302D626362372D356235346431366430313264222C226F726967696E223A2262613337303361352D376665642D343632302D393564632D666266626264346162326136222C2264657374696E79223A2235306663306132312D373135392D343165362D613537372D613335363231663661623866222C22646F75626C654C696E6B223A66616C73657D2C7B226964223A2266653231303832632D393038622D343764332D393165362D636564646461656636333735222C226F726967696E223A2235306663306132312D373135392D343165362D613537372D613335363231663661623866222C2264657374696E79223A2231353930333663642D313532362D343733322D623434362D333838383633366236333033222C22646F75626C654C696E6B223A747275657D2C7B226964223A2236363930303938612D373966392D343230642D386262392D613463303464313738353831222C226F726967696E223A2231353930333663642D313532362D343733322D623434362D333838383633366236333033222C2264657374696E79223A2263333766633566312D333964312D346334362D396531322D396434323437336533626563222C22646F75626C654C696E6B223A66616C73657D5D2C22666F726B73223A5B5D2C226A6F696E73223A5B5D2C2274797065576F726B466C6F77223A225354415445222C227363726970744675736547656E65726963223A22222C2276657273696F6E50726F636564757265223A317D,'STATE',1);

--
-- Dumping data for table `te_subprocess`
--
-- ORDER BY:  ID

INSERT INTO te_subprocess (ID, STATEFLOW, LOCK_TYPE, STATENAME, ID_PROCEDURE, VERSION, PROCEDURE_NAME, START_TYPE, SCRIPT_END, SCRIPT_START, VERSION_PROCEDURE) VALUES (192,'OP1wdstate','Parcial','state3',10,1,'OP1_tramite','Manual',NULL,NULL,NULL),(193,'OP1wdstate','Total','state3',10,1,'OP1_tramite','Manual',NULL,NULL,NULL),(196,'OP1wdstate','Parcial','state2',10,1,'OP1_tramite','Manual',NULL,NULL,NULL),(197,'OP1wdstate','Total','state1',10,1,'OP1_tramite','Automatico',NULL,NULL,NULL),(198,'OP1wdstate','Total','state3',10,1,'OP1_tramite','Automatico',0x32,0x31,NULL),(199,'OP2wdstate','Total','state2 - probando largo de texto',11,0,'OP2_tramite','Automatico',NULL,NULL,NULL),(200,'TESTSUBERR','Ninguno','Estado1',10,0,'OP1_tramite','Manual',NULL,NULL,1),(201,'TESTSUBERR','Ninguno','Estado1',11,0,'OP2_tramite','Manual',NULL,NULL,1),(202,'TESTSUBERR','Ninguno','Estado1',10,1,'OP1_tramite','Manual',NULL,NULL,1),(205,'TEst','Ninguno','est1',10,0,'OP1_tramite','Manual',NULL,NULL,NULL),(206,'TestInc','Ninguno','Est1',11,2,'OP2_tramite','Manual',NULL,NULL,4);

--
-- Dumping data for table `te_subprocess_production`
--
-- ORDER BY:  ID

INSERT INTO te_subprocess_production (ID, STATEFLOW, LOCK_TYPE, STATENAME, ID_PROCEDURE, VERSION, START_TYPE, SCRIPT_START, SCRIPT_END, PROCEDURE_NAME, VERSION_PROCEDURE) VALUES (2565,'OP1wdstate','Parcial','state3',10,1,'Manual',NULL,NULL,NULL,NULL),(2566,'OP1wdstate','Total','state3',10,1,'Manual',NULL,NULL,NULL,NULL),(2567,'OP1wdstate','Parcial','state2',10,1,'Manual',NULL,NULL,NULL,NULL),(2568,'OP1wdstate','Total','state1',10,1,'Automatico',NULL,NULL,NULL,NULL),(2569,'OP1wdstate','Total','state3',10,1,'Automatico',0x31,0x32,NULL,NULL);

--
-- Dumping data for table `te_tipo_oper_documento`
--
-- ORDER BY:  ID_TIPO_OPERACION,ID_GEDO_TIPODOCUMENTO

INSERT INTO te_tipo_oper_documento (ID_TIPO_OPERACION, ID_GEDO_TIPODOCUMENTO, OPCIONAL, OBLIGATORIO) VALUES (97,11,0x30,0x31),(98,13,0x31,0x30);

--
-- Dumping data for table `te_tipo_oper_form`
--

INSERT INTO te_tipo_oper_form (ID_FORMULARIO, ID_TIPO_OPERACION) VALUES (202735,97),(202741,98);

--
-- Dumping data for table `te_tipo_oper_organismo`
--
-- ORDER BY:  ID_TIPO_OPERACION,ID_ORGANISMO

INSERT INTO te_tipo_oper_organismo (ID_TIPO_OPERACION, ID_ORGANISMO) VALUES (97,4),(98,4);

--
-- Dumping data for table `te_tipo_operacion`
--
-- ORDER BY:  ID,DBID_

INSERT INTO te_tipo_operacion (ID, CODIGO, NOMBRE, DESCRIPCION, DBID_, ESTADO) VALUES (97,'OP1_type-op','OP1 tipo de operación',NULL,77720049,0x31),(98,'OP2_typeOP','OP2 tipo de operación','asdf',77720031,0x31);

--
-- Dumping data for table `tipo_actividad`
--
-- ORDER BY:  ID

INSERT INTO tipo_actividad (ID, NOMBRE, DESCRIPCION, FORM) VALUES (1,'SUBSANACION','Aprobación de Subsanación','./activ/aprobacionDocsTad.zul'),(2,'APROBACION_DOC','Aprobación del documento',NULL),(3,'SOLICITUD_SUBSANACION_TAD','Solicitud de subsanación a VUC','./expediente/subsanacionExpediente.zul'),(4,'PETICION_PENDIENTE_GEDO','Petición de creación de documento en DEO','./activ/verActividadPendiente.zul'),(6,'SOLICITUD_PAGO_SIR','Pendiente de vinculación del documento de pago','./activ/verActividadPendienteSIR.zul'),(7,'SOLICITUD_CREAR_PAQUETE_ARCH','Creación de paquete en ARCHIVO','./activ/verActividadPendiente.zul');

--
-- Dumping data for table `tipo_documento`
--
-- ORDER BY:  ID

INSERT INTO tipo_documento (ID, NOMBRE, ACRONIMO, ESESPECIAL, ID_TIPO_DOCUMENTOSADE, CODIGO_TIPO_DOCUMENTOSADE, USO_EE) VALUES (1,'Carátula Expediente','CAREX','0',NULL,'PV','CARATULA'),(2,'Carátula Expediente','CAREX','0',61,'PV','CARATULA_RESERVADA'),(3,'Subsanación','IF','0',NULL,'IF','SUBSANACION');

--
-- Dumping data for table `tipo_documento_depuracion`
--
-- ORDER BY:  ID


--
-- Dumping data for table `tipo_documento_vinculado`
--

INSERT INTO tipo_documento_vinculado (ID, NOMBRE) VALUES (2,'SUBSANACION'),(1,'PASE');

--
-- Dumping data for table `tipo_reserva`
--

INSERT INTO tipo_reserva (ID, TIPO_RESERVA, DESCRIPCION) VALUES (1,'SIN RESERVA','La trata no posee reserva.'),(2,'PARCIAL','La trata tiene un tipo de reserva parcial.'),(3,'TOTAL','La trata tiene un tipo de reserva total.');

--
-- Dumping data for table `tipos_datos_propios`
--


--
-- Dumping data for table `trata`
--
-- ORDER BY:  ID

INSERT INTO trata (ID, CODIGO_TRATA, ESTADO, ID_RESERVA, ES_AUTOMATICA, ES_MANUAL, ACRONIMO_DOC_GEDO, NOMBRE_WORKFLOW, TIEMPO_RESOLUCION, TIPO_ACTUACION, ES_INTERNO, ES_EXTERNO, CLAVE_TAD, ES_NOTIFICABLE_TAD, ENVIO_AUTOMATICO_GT, NOTIFICABLE_JMS, INTEGRA_SIS_EXT, INTEGRACION, INTEGRACION_AFJG, descripcion, TIPO_TRAMITE) VALUES (1,'cod-ejrs','ALTA',1,1,1,NULL,'solicitud',NULL,'EX',1,1,NULL,0,0,NULL,0,NULL,0,'Tramite para proceso de VUC','AMBOS'),(10,'OP1_tramite','ALTA',1,1,1,NULL,'solicitud',0,'EX',1,1,NULL,0,0,NULL,0,NULL,0,'Lorem ipsum dolor sit amet, consectetur adipiscing elit. Morbi rhoncus elementum porta. Aenean id commodo sapien, eu lobortis turpis. Aenean gravida lectus risus, in mollis augue sagittis luctus. Nulla facilisi. Nullam nec pe','AMBOS'),(11,'OP2_tramite','ALTA',1,1,1,NULL,'OP2task',NULL,'EX',1,1,NULL,0,0,NULL,0,NULL,0,'Lorem ipsum dolor sit amet, consectetur adipiscing elit. Morbi rhoncus elementum porta. Aenean id commodo sapien, eu lobortis turpis. Aenean gravida lectus risus, in mollis augue sagittis luctus. Nulla facilisi. Nullam nec pe','AMBOS');

--
-- Dumping data for table `trata_auditoria`
--
-- ORDER BY:  ID

INSERT INTO trata_auditoria (ID, CODIGO_TRATA, ESTADO, ID_RESERVA, ES_AUTOMATICA, ES_MANUAL, TIPOOPERACION, FECHAOPERACION, USERNAME, WORKFLOW, TIEMPO_ESTIMADO, TIPO_ACTUACION, TIPO_DOCUMENTO, DESCRIPCION, ES_INTERNO, ES_EXTERNO, CLAVE_TAD, ES_NOTIFICABLE_TAD, ENVIO_AUTOMATICO_GT, NOTIFICABLE_JMS, INTEGRA_SIS_EXT, INTEGRACION, NOTIFICABLE_JMS_2, INTEGRACION_AFJG) VALUES (232,'OP1_tramite','ALTA',1,1,1,'ALTA','2017-08-01 08:59:52','ADMINEGOV','solicitud',NULL,'EX',NULL,'Lorem ipsum dolor sit amet, consectetur adipiscing elit. Morbi rhoncus elementum porta. Aenean id commodo sapien, eu lobortis turpis. Aenean gravida lectus risus, in mollis augue sagittis luctus. Nulla facilisi. Nullam nec pe',1,1,NULL,0,0,0,0,NULL,NULL,0),(233,'OP1_tramite','ALTA',1,1,1,'MODIFICACION','2017-08-01 09:00:33','ADMINEGOV','solicitud',0,'EX',NULL,'Lorem ipsum dolor sit amet, consectetur adipiscing elit. Morbi rhoncus elementum porta. Aenean id commodo sapien, eu lobortis turpis. Aenean gravida lectus risus, in mollis augue sagittis luctus. Nulla facilisi. Nullam nec pe',1,1,NULL,0,0,0,0,NULL,NULL,0),(234,'OP1_tramite','ALTA',1,1,1,'MODIFICACION','2017-08-01 09:02:14','ADMINEGOV','solicitud',0,'EX',NULL,'Lorem ipsum dolor sit amet, consectetur adipiscing elit. Morbi rhoncus elementum porta. Aenean id commodo sapien, eu lobortis turpis. Aenean gravida lectus risus, in mollis augue sagittis luctus. Nulla facilisi. Nullam nec pe',1,1,NULL,0,0,0,0,NULL,NULL,0),(235,'OP2_tramite','ALTA',1,1,1,'ALTA','2017-08-02 13:08:31','ADMINEGOV','OP2task',NULL,'EX',NULL,'Lorem ipsum dolor sit amet, consectetur adipiscing elit. Morbi rhoncus elementum porta. Aenean id commodo sapien, eu lobortis turpis. Aenean gravida lectus risus, in mollis augue sagittis luctus. Nulla facilisi. Nullam nec pe',1,1,NULL,0,0,0,0,NULL,NULL,0),(236,'cod-ejrs','ALTA',1,1,1,'MODIFICACION','2017-08-07 16:04:15','ADMINEGOV','solicitud',NULL,'EX',NULL,'Tramite para proceso de VUC',1,1,NULL,0,0,0,0,NULL,NULL,0);

--
-- Dumping data for table `trata_integracion_reparticion`
--
-- ORDER BY:  ID


--
-- Dumping data for table `trata_reparticion`
--
-- ORDER BY:  ID_TRATA,ORDEN

INSERT INTO trata_reparticion (ID_TRATA, CODIGOREPARTICION, HABILITACION, ORDEN, RESERVA) VALUES (1,'REGCIVIL',1,1,0),(10,'--TODAS--',1,1,0),(11,'--TODAS--',1,1,0);

--
-- Dumping data for table `trata_reparticion_auditoria`
--
-- ORDER BY:  ID


--
-- Dumping data for table `trata_tipo_documento`
--
-- ORDER BY:  ID_TRATA_TIPO_DOCUMENTO

INSERT INTO trata_tipo_documento (ID_TRATA_TIPO_DOCUMENTO, ACRONIMO_GEDO, TRATA) VALUES (1,'--TODOS--',1),(10,'--TODOS--',10),(11,'--TODOS--',11);

--
-- Dumping data for table `trata_tipo_documento_auditoria`
--
-- ORDER BY:  ID_TRATA_TIPO_DOCUMENTO

INSERT INTO trata_tipo_documento_auditoria (ID_TRATA_TIPO_DOCUMENTO, FECHA_MODIFICACION, NOMBRE, ACRONIMO_GEDO, ESTADO, TRATA) VALUES (1009,'2017-08-01 08:59:52','ADMINEGOV','--TODOS--','ALTA',10),(1010,'2017-08-02 13:08:31','ADMINEGOV','--TODOS--','ALTA',11);

--
-- Dumping data for table `trata_tipo_resultado`
--
-- ORDER BY:  ID_TRATA,CLAVE_TIPO_RESULTADO

INSERT INTO trata_tipo_resultado (ID_TRATA, CLAVE_TIPO_RESULTADO) VALUES (10,'tipoResultado.1'),(10,'tipoResultado.2'),(10,'tipoResultado.3'),(10,'tipoResultado.4'),(11,'tipoResultado.1');

--
-- Dumping data for table `tratas_diferenciales`
--


--
-- Dumping data for table `usuario_migracion`
--
-- ORDER BY:  ID


--
-- Dumping data for table `wd_bitacora`
--
-- ORDER BY:  ID


/*!40101 SET SQL_MODE=@OLD_SQL_MODE */;
/*!40014 SET FOREIGN_KEY_CHECKS=@OLD_FOREIGN_KEY_CHECKS */;
/*!40014 SET UNIQUE_CHECKS=@OLD_UNIQUE_CHECKS */;
/*!40101 SET CHARACTER_SET_CLIENT=@OLD_CHARACTER_SET_CLIENT */;
/*!40101 SET CHARACTER_SET_RESULTS=@OLD_CHARACTER_SET_RESULTS */;
/*!40101 SET COLLATION_CONNECTION=@OLD_COLLATION_CONNECTION */;
/*!40111 SET SQL_NOTES=@OLD_SQL_NOTES */;

-- Dump completed on 2017-08-25 12:08:30
CREATE DATABASE  IF NOT EXISTS `dm_numerador_trade` /*!40100 DEFAULT CHARACTER SET utf8 */;
USE `dm_numerador_trade`;
-- MySQL dump 10.13  Distrib 5.7.17, for Win64 (x86_64)
--
-- Host: 7.212.8.103    Database: dm_numerador_trade
-- ------------------------------------------------------
-- Server version	5.7.17-ndb-7.5.5-cluster-gpl

/*!40101 SET @OLD_CHARACTER_SET_CLIENT=@@CHARACTER_SET_CLIENT */;
/*!40101 SET @OLD_CHARACTER_SET_RESULTS=@@CHARACTER_SET_RESULTS */;
/*!40101 SET @OLD_COLLATION_CONNECTION=@@COLLATION_CONNECTION */;
/*!40101 SET NAMES utf8 */;
/*!40014 SET @OLD_UNIQUE_CHECKS=@@UNIQUE_CHECKS, UNIQUE_CHECKS=0 */;
/*!40014 SET @OLD_FOREIGN_KEY_CHECKS=@@FOREIGN_KEY_CHECKS, FOREIGN_KEY_CHECKS=0 */;
/*!40101 SET @OLD_SQL_MODE=@@SQL_MODE, SQL_MODE='NO_AUTO_VALUE_ON_ZERO' */;
/*!40111 SET @OLD_SQL_NOTES=@@SQL_NOTES, SQL_NOTES=0 */;

--
-- Dumping data for table `num_caratula_sector_usu`
--


--
-- Dumping data for table `numero_proceso_batch`
--
-- ORDER BY:  ID_PROCESO_BATCH


--
-- Dumping data for table `numero_sade`
--
-- ORDER BY:  ID_NUMERO_SADE

INSERT INTO numero_sade (ID_NUMERO_SADE, ANIO, NUMERO, SECUENCIA, ESTADO, FECHA_CREACION, FECHA_MODIFICACION) VALUES (10,2017,7,'   ','usado','2017-07-31 10:17:49','2017-07-31 10:17:50'),(11,2017,13,'   ','usado','2017-08-01 10:46:02','2017-08-01 10:46:03');

--
-- Dumping data for table `numero_sade_caratula`
--
-- ORDER BY:  ID_NUMERO_SADE_CARATULA

INSERT INTO numero_sade_caratula (ID_NUMERO_SADE_CARATULA, ID_NUMERO_SADE, SISTEMA, USUARIO, FECHA_CREACION_CARATULA, REPARTICION_ACTUACION, REPARTICION_USUARIO, TIPO_ACTUACION) VALUES (10,12,'EE','JQUINTAU','2017-07-31 10:17:49','EGOV','REGCIVIL','EX'),(11,18,'EE','ADMINEGOV','2017-08-01 10:46:02','EGOV','REGCIVIL','EX');

--
-- Dumping data for table `numero_sade_secuencia`
--
-- ORDER BY:  ID_SECUENCIA

INSERT INTO numero_sade_secuencia (ID_SECUENCIA, ANIO, NUMERO) VALUES (1,2016,1),(2,2017,33);

--
-- Dumping data for table `numero_sade_trabajo`
--
-- ORDER BY:  ID_SECUENCIA_USADA_DIARIA

INSERT INTO numero_sade_trabajo (ID_SECUENCIA_USADA_DIARIA, SISTEMA, USUARIO, TIPO_ACTUACION, ANIO, NUMERO, SECUENCIA, REPARTICION_ACTUACION, REPARTICION_USUARIO, FECHA_CREACION) VALUES (10,'GEDO','JQUINTAU','NO',2017,5,'   ','REGCIVIL','REGCIVIL','2017-07-31 10:17:47'),(11,'GEDO','JQUINTAU','0',2017,6,'   ','REGCIVIL','REGCIVIL','2017-07-31 10:17:48'),(13,'GEDO','JQUINTAU','PV',2017,8,'   ','REGCIVIL','REGCIVIL','2017-07-31 10:17:49'),(14,'GEDO','JQUINTAU','PV',2017,9,'   ','REGCIVIL','REGCIVIL','2017-07-31 10:17:50'),(15,'GEDO','ADMINEGOV','0',2017,10,'   ','REGCIVIL','REGCIVIL','2017-08-01 08:40:58'),(16,'GEDO','ADMINEGOV','0',2017,11,'   ','REGCIVIL','REGCIVIL','2017-08-01 10:18:29'),(17,'GEDO','ADMINEGOV','0',2017,12,'   ','REGCIVIL','REGCIVIL','2017-08-01 10:38:32'),(19,'GEDO','ADMINEGOV','PV',2017,14,'   ','REGCIVIL','REGCIVIL','2017-08-01 10:46:03'),(20,'GEDO','ADMINEGOV','PV',2017,15,'   ','REGCIVIL','REGCIVIL','2017-08-01 10:58:18'),(21,'GEDO','ADMINEGOV','IF',2017,16,'   ','REGCIVIL','REGCIVIL','2017-08-01 11:04:10'),(22,'GEDO','ADMINEGOV','0',2017,17,'   ','REGCIVIL','REGCIVIL','2017-08-02 11:17:01'),(23,'GEDO','ADMINEGOV','NO',2017,18,'   ','REGCIVIL','REGCIVIL','2017-08-02 14:52:02'),(24,'GEDO','ADMINEGOV','PV',2017,19,'   ','REGCIVIL','REGCIVIL','2017-08-02 14:56:13'),(25,'GEDO','ADMINEGOV','PV',2017,20,'   ','REGCIVIL','REGCIVIL','2017-08-02 14:57:08'),(26,'GEDO','ADMINEGOV','NO',2017,21,'   ','REGCIVIL','REGCIVIL','2017-08-08 11:44:24'),(27,'GEDO','ADMINEGOV','0',2017,22,'   ','REGCIVIL','REGCIVIL','2017-08-08 11:44:25'),(28,'GEDO','ADMINEGOV','NO',2017,23,'   ','REGCIVIL','REGCIVIL','2017-08-08 11:45:08'),(29,'GEDO','ADMINEGOV','NO',2017,24,'   ','REGCIVIL','REGCIVIL','2017-08-08 11:45:49'),(30,'GEDO','ADMINEGOV','NO',2017,25,'   ','REGCIVIL','REGCIVIL','2017-08-08 11:46:21'),(31,'GEDO','ADMINEGOV','NO',2017,26,'   ','REGCIVIL','REGCIVIL','2017-08-08 11:46:34'),(32,'GEDO','ADMINEGOV','NO',2017,27,'   ','REGCIVIL','REGCIVIL','2017-08-08 12:00:20'),(33,'GEDO','ADMINEGOV','0',2017,28,'   ','REGCIVIL','REGCIVIL','2017-08-08 12:00:21'),(34,'GEDO','ADMINEGOV','NO',2017,29,'   ','REGCIVIL','REGCIVIL','2017-08-08 12:01:05'),(35,'GEDO','ADMINEGOV','NO',2017,30,'   ','REGCIVIL','REGCIVIL','2017-08-08 12:02:01'),(36,'GEDO','ADMINEGOV','NO',2017,31,'   ','REGCIVIL','REGCIVIL','2017-08-08 12:04:20'),(37,'GEDO','ADMINEGOV','NO',2017,32,'   ','REGCIVIL','REGCIVIL','2017-08-08 12:08:31');

--
-- Dumping data for table `numero_sistemas_sade`
--
-- ORDER BY:  ID_SISTEMA

INSERT INTO numero_sistemas_sade (ID_SISTEMA, NOMBRE_SISTEMA, LINK_SISTEMA, ACTIVO) VALUES (1,'GEDO','http://desa.egoveris.com:9010/deo-web/consultaNrosTransitorios','1'),(2,'TE','http://desa.egoveris.com:9010/te-web/consultaNrosTransitorios','1'),(3,'EE','http://desa.egoveris.com:9010/te-web/consultaNrosTransitorios','1');

--
-- Dumping data for table `property_configuration`
--
-- ORDER BY:  CLAVE

INSERT INTO property_configuration (CLAVE, VALOR, CONFIGURACION) VALUES ('app.numerador.rep.actu.GEDO','EGOV','SISTEMA'),('app.numerador.tiempoRecargaSectores','3600000','SISTEMA'),('numerador.proceso.cantidadPorInvocacion','500','NUMERADOR'),('numerador.proceso.cron','0 0 0 * * ?','NUMERADOR'),('numerador.proceso.reintento','3','NUMERADOR');

--
-- Dumping data for table `qrtz_blob_triggers`
--


--
-- Dumping data for table `qrtz_calendars`
--


--
-- Dumping data for table `qrtz_cron_triggers`
--


--
-- Dumping data for table `qrtz_fired_triggers`
--


--
-- Dumping data for table `qrtz_job_details`
--


--
-- Dumping data for table `qrtz_job_listeners`
--


--
-- Dumping data for table `qrtz_locks`
--


--
-- Dumping data for table `qrtz_paused_trigger_grps`
--


--
-- Dumping data for table `qrtz_scheduler_state`
--


--
-- Dumping data for table `qrtz_simple_triggers`
--


--
-- Dumping data for table `qrtz_trigger_listeners`
--


--
-- Dumping data for table `qrtz_triggers`
--


/*!40101 SET SQL_MODE=@OLD_SQL_MODE */;
/*!40014 SET FOREIGN_KEY_CHECKS=@OLD_FOREIGN_KEY_CHECKS */;
/*!40014 SET UNIQUE_CHECKS=@OLD_UNIQUE_CHECKS */;
/*!40101 SET CHARACTER_SET_CLIENT=@OLD_CHARACTER_SET_CLIENT */;
/*!40101 SET CHARACTER_SET_RESULTS=@OLD_CHARACTER_SET_RESULTS */;
/*!40101 SET COLLATION_CONNECTION=@OLD_COLLATION_CONNECTION */;
/*!40111 SET SQL_NOTES=@OLD_SQL_NOTES */;

-- Dump completed on 2017-08-25 12:08:32
CREATE DATABASE  IF NOT EXISTS `dm_vuc_trade` /*!40100 DEFAULT CHARACTER SET latin1 */;
USE `dm_vuc_trade`;
-- MySQL dump 10.13  Distrib 5.7.17, for Win64 (x86_64)
--
-- Host: 7.212.8.103    Database: dm_vuc_trade
-- ------------------------------------------------------
-- Server version	5.7.17-ndb-7.5.5-cluster-gpl

/*!40101 SET @OLD_CHARACTER_SET_CLIENT=@@CHARACTER_SET_CLIENT */;
/*!40101 SET @OLD_CHARACTER_SET_RESULTS=@@CHARACTER_SET_RESULTS */;
/*!40101 SET @OLD_COLLATION_CONNECTION=@@COLLATION_CONNECTION */;
/*!40101 SET NAMES utf8 */;
/*!40014 SET @OLD_UNIQUE_CHECKS=@@UNIQUE_CHECKS, UNIQUE_CHECKS=0 */;
/*!40014 SET @OLD_FOREIGN_KEY_CHECKS=@@FOREIGN_KEY_CHECKS, FOREIGN_KEY_CHECKS=0 */;
/*!40101 SET @OLD_SQL_MODE=@@SQL_MODE, SQL_MODE='NO_AUTO_VALUE_ON_ZERO' */;
/*!40111 SET @OLD_SQL_NOTES=@@SQL_NOTES, SQL_NOTES=0 */;

--
-- Dumping data for table `estado_tarea`
--
-- ORDER BY:  ID

INSERT INTO estado_tarea (ID, DESCRIPCION) VALUES (1,'PENDIENTE'),(2,'FINALIZADO');

--
-- Dumping data for table `estado_tramite`
--
-- ORDER BY:  ID

INSERT INTO estado_tramite (ID, DESCRIPCION) VALUES (1,'Borrador'),(2,'Aprobado'),(3,'En trámite'),(4,'Rechazado');

--
-- Dumping data for table `property_configuration`
--
-- ORDER BY:  CLAVE,CONFIGURACION

INSERT INTO property_configuration (CLAVE, VALOR, CONFIGURACION) VALUES ('app.deo.url','http://egovapp.egoveris.com:9001/deo-web','SISTEMA'),('app.ee.url','http://egovapp.egoveris.com:9002/te-web','SISTEMA'),('app.vuc.url','http://egovapp.egoveris.com:9003/vuc-front-web','SISTEMA'),('cambioMisDatos.descAdicional','- ','TAD'),('cambioMisDatos.motivoPase','Actualizacion de informacion propia','TAD'),('cambioMisDatos.trata','MGOB0123A','TAD'),('cargoGEDO',' ','TAD'),('codigoReparticionGEDO','codigoReparticionGEDO','TAD'),('cronExpression','0 0 1 1/1 * ? *','TAD'),('cronExpressionReintentos','0 0 1 1/1 * ? 2099','TAD'),('dias.altaDC','1','TAD'),('diasBorradoArchivos','1','TAD'),('dynform.url','http://egovapp.egoveris.com:9001/ffdd-web','SISTEMA'),('envioCorreoActivo','false','TAD'),('id.tramites.escribanos','1,177,300,305','TAD'),('ley104.motivoPase','Motivo pase a funcionario público','TAD'),('limiteDiasExpedienteReintentos','0','TAD'),('mailsReintentos','guillermo.gefaell.valcarce@everis.com','TAD'),('mensajeEmbebido','Documento Embebido TAD','TAD'),('password.citas','ZDNmNGg2ajc=','TAD'),('repository.connectionTimeout','15000','SISTEMA'),('repository.defaultPassword','admin','SISTEMA'),('repository.defaultUsername','admin','SISTEMA'),('repository.documentRoot','/guarda-documental','SISTEMA'),('repository.hostname','egov3p1.egoveris.com','SISTEMA'),('repository.port','80','SISTEMA'),('RPA.aniosMatricula','2010','TAD'),('rpaadm.desccarat','ADMINISTRADOR INSCRIPTO MATRICULA N°','TAD'),('rpacon.desccarat','INFORMACIÓN CORRESPONDIENTE A CADA CONSORCIO ADMINISTRADO','TAD'),('rutaTemporales','temporalDocuments','TAD'),('tad.mailMesaAyuda','darkkonum@gmail.com','TAD'),('tipoDocumentoApoderado','GEAP','TAD'),('tituloDocumentoCaratulaVariable','Datos Adicionales para la Caratula','TAD'),('url.tad','https://desa.agip.gob.ar/claveciudad/','TAD'),('user.citas','tad','TAD'),('wsdl.agip','https://desa.agip.gob.ar/claveciudad/claveCiudadWS','TAD'),('wsdl.citas','http://localhost:8880/apps/api-citas-hml/ws.citas.php','TAD'),('wsdl.DC','http://localhost:8088/mock','TAD'),('wsdl.DC.decodingXml','UTF-8','TAD'),('wsdl.DC.encodingXml','ISO-8859-1','TAD'),('wsdl.DC.externalURL','http://localhost/wsDGDyPC/','TAD'),('wsdl.escribanos','http://testing.colegio-escribanos.org.ar:1010/BoraWS/ValidadorMatricula','TAD');

--
-- Dumping data for table `revinfo`
--

INSERT INTO revinfo (REV, REVTSTMP) VALUES (4117,1464151793590),(4127,1464292540193),(4128,1464292545086),(4131,1464371584833),(4132,1464371715935),(4133,1464378338719),(4135,1464379441767),(3501,1444744146326),(3503,1444744982798),(3504,1444745435191),(3507,1444761248881),(3508,1444761300382),(3510,1444761447475),(3513,1444763467150),(3514,1444763588013),(3517,1444765807408),(3518,1444766402059),(3533,1444840951332),(3537,1444843881629),(3546,1444931106569),(3559,1445607794371),(3579,1446060592847),(3598,1446469087536),(3601,1446486711684),(3618,1447163610996),(3619,1447163619774),(3620,1447163627426),(3621,1447163655589),(3622,1447163745975),(3623,1447163778169),(3624,1447163913315),(3633,1447177804817),(3634,1447177862544),(3635,1447178016805),(3636,1447178199711),(3637,1447178335128),(3644,1448045107824),(3769,1452086369396),(3770,1452086483447),(3772,1452088367739),(3776,1452101561244),(3777,1452168919941),(3783,1452256657686),(3799,1452513605102),(3800,1452518342498),(3802,1452518917945),(3804,1452521132229),(3806,1452523144631),(3808,1452616213951),(3813,1453215874022),(3831,1453470421692),(3871,1456767938542),(3951,1457978831924),(3953,1457985696003),(3967,1458135215912),(3968,1458222533045),(3970,1458222656457),(4011,1458583068450),(4057,1458758161481),(4059,1458758966593),(3442,1443193533968),(3446,1443623709811),(3452,1443726323557),(3455,1444056924160),(3456,1444058292342),(3459,1444058649877),(3460,1444058867739),(3473,1444135974884),(3475,1444140874591),(3485,1444405009698),(3515,1444763617261),(3516,1444764672509),(3519,1444766430229),(3524,1444833383994),(3525,1444833635463),(3526,1444833912376),(3527,1444833958528),(3528,1444834346146),(3532,1444835243934),(3534,1444841624304),(3535,1444843494164),(3536,1444843646059),(3539,1444846806677),(3543,1444913983957),(3648,1448290687978),(3652,1448292077708),(3653,1448292127463),(3678,1448997444881),(3758,1452021831363),(3759,1452025858778),(3760,1452025862165),(3761,1452025866741),(3762,1452025869058),(3763,1452025871557),(3764,1452025880617),(3773,1452089655593),(3774,1452089717589),(3778,1452176035139),(3779,1452176731228),(3781,1452198327494),(3784,1452259744041),(3787,1452276626977),(3801,1452518405964),(3809,1452616817919),(3810,1452616863047),(3832,1453473652540),(3911,1457102159391),(3952,1457982522589),(3956,1458047484043),(3957,1458047491714),(3958,1458047607107),(3991,1458571239905),(4051,1458653902005),(4053,1458658786912),(4058,1458758171157),(3441,1443192242163),(3448,1443633541928),(3449,1443633597663),(3481,1444307434329),(3482,1444307657070),(3483,1444307786023),(3498,1444736595878),(3499,1444738068057),(3502,1444746357806),(3529,1444834623591),(3538,1444846512686),(3541,1444855724745),(3578,1445867826989),(3645,1448045227038),(3649,1448291287670),(3739,1451416963135),(3765,1452076106203),(3782,1452199958752),(3786,1452276387401),(3803,1452519675634),(3852,1455805856503),(3891,1456859193362),(3892,1456859293413),(3893,1456859474379),(3894,1456859562030),(3954,1458045679438),(3955,1458047469454),(3959,1458047891690),(3963,1458052348693),(3964,1458056004186),(3971,1458225502514),(3972,1458325033591),(4031,1458652446235),(3447,1443625053018),(3450,1443634506876),(3453,1443726391805),(3454,1443814756595),(3457,1444058396892),(3458,1444058517618),(3478,1444238154736),(3484,1444404001230),(3500,1444744708316),(3506,1444758855024),(3521,1444829347377),(3522,1444833143854),(3523,1444833192626),(3530,1444834654008),(3531,1444835144142),(3545,1444914663463),(3627,1447175171390),(3628,1447175190241),(3629,1447175272922),(3630,1447175295162),(3632,1447175915039),(3703,1449858692862),(3740,1451417568504),(3766,1452085155680),(3767,1452085386195),(3768,1452085395897),(3771,1452088180022),(3798,1452281704121),(3807,1452526549787),(3812,1452890064961),(3931,1457703976363),(3960,1458051322378),(3961,1458051403342),(3966,1458134953003),(4052,1458654136967),(3443,1443194363805),(3444,1443194392463),(3445,1443548682071),(3451,1443710454847),(3461,1444066566153),(3462,1444066902318),(3463,1444067224252),(3464,1444067425270),(3465,1444067944585),(3466,1444068009766),(3467,1444069425814),(3468,1444069930575),(3469,1444070123890),(3470,1444071525631),(3471,1444072042420),(3472,1444072775068),(3474,1444136394747),(3476,1444237035641),(3477,1444237070628),(3479,1444238340030),(3480,1444307084370),(3505,1444760364649),(3509,1444761327312),(3511,1444761496207),(3512,1444761328102),(3520,1444828190400),(3540,1444850512244),(3542,1444856520737),(3544,1444914472548),(3558,1445362898807),(3599,1446474949118),(3600,1446475524236),(3625,1447173790423),(3626,1447173822028),(3631,1447175357089),(3638,1447876218138),(3639,1447876862467),(3640,1447877064368),(3641,1447877182551),(3642,1447877460751),(3643,1447877526970),(3646,1448288365930),(3647,1448288439169),(3650,1448289136760),(3651,1448289337723),(3658,1448391007534),(3698,1449856849112),(3699,1449856922574),(3700,1449857037747),(3701,1449857824870),(3702,1449858615157),(3704,1449858770637),(3718,1450724690997),(3738,1450898789220),(3775,1452100389051),(3780,1452197728843),(3785,1452275609692),(3805,1452522770218),(3811,1452866706210),(3851,1455229288772),(3962,1458051454497),(3965,1458056027609),(3969,1458222643552),(4054,1458659216726),(4055,1458678309448),(4056,1458738202714),(4071,1463710308661),(4072,1463710452777),(4073,1463710683204),(4074,1463719629876),(4075,1463720605595),(4077,1464046648927),(4078,1464046681795),(4081,1464057686810),(4096,1464131207074),(4097,1464131584648),(4098,1464131640317),(4099,1464132002547),(4100,1464134697274),(4101,1464134763054),(4102,1464137535128),(4103,1464137564351),(4104,1464140012337),(4114,1464147717968),(4116,1464148032215),(4129,1464371361040),(4130,1464371467298),(4134,1464379146469),(4136,1464379876417),(4151,1464634153653),(4106,1464140223225),(4109,1464140721428),(4119,1464155964940),(4120,1464156370878),(4123,1464166982877),(4137,1464380668405),(4138,1464380725651),(4079,1464052751322),(4080,1464054675578),(4082,1464060190896),(4083,1464060282410),(4084,1464060302536),(4085,1464060547969),(4086,1464060555632),(4087,1464060599943),(4088,1464060784820),(4089,1464061613493),(4090,1464061677468),(4093,1464062239727),(4094,1464062255982),(4095,1464125124069),(4105,1464140164804),(4107,1464140469098),(4108,1464140505087),(4110,1464145154525),(4111,1464145169895),(4112,1464146336764),(4113,1464146418095),(4115,1464147973233),(4118,1464151957621),(4124,1464275917992),(4125,1464276369014),(4126,1464281132431),(4076,1464038524330),(4091,1464061807758),(4092,1464061825202),(4121,1464156894064),(4122,1464157036285),(4171,1467997824202),(4172,1467997910643);

--
-- Dumping data for table `tad_apoderado_persona`
--
-- ORDER BY:  ID


--
-- Dumping data for table `tad_campo`
--
-- ORDER BY:  ID

INSERT INTO tad_campo (ID, LABEL, COMPONENTE, ID_TIPO_TRAMITE, VERSION) VALUES (1,'Solicitud RUT','textarea',1,NULL),(2,'asd','textarea',1,NULL);

--
-- Dumping data for table `tad_contenido`
--
-- ORDER BY:  ID

INSERT INTO tad_contenido (ID, CODIGO, VALOR_STRING, FECHA_CREACION, FECHA_MODI, USUARIO_CREACION, USUARIO_MODI, VERSION) VALUES (1,'requisitos.SOLRUT','requisito 1',NULL,NULL,NULL,NULL,NULL),(2,'requisitos.RES2','asd',NULL,NULL,NULL,NULL,NULL);

--
-- Dumping data for table `tad_dc_denuncia`
--


--
-- Dumping data for table `tad_dc_denunciado`
--


--
-- Dumping data for table `tad_dc_denunciante`
--


--
-- Dumping data for table `tad_dc_problematica`
--


--
-- Dumping data for table `tad_dc_reenvio`
--


--
-- Dumping data for table `tad_dc_rubro`
--


--
-- Dumping data for table `tad_dc_servicio_denunciado`
--


--
-- Dumping data for table `tad_dc_sub_rubro`
--


--
-- Dumping data for table `tad_dc_t_den_t_doc_t_prueba`
--


--
-- Dumping data for table `tad_dc_tipo_adquisicion`
--


--
-- Dumping data for table `tad_dc_tipo_denuncia`
--


--
-- Dumping data for table `tad_dc_tipo_motivo`
--


--
-- Dumping data for table `tad_dc_tipo_pago`
--


--
-- Dumping data for table `tad_dc_tipo_prueba`
--


--
-- Dumping data for table `tad_documento`
--
-- ORDER BY:  ID

INSERT INTO tad_documento (ID, ANIO, BAJA_LOGICA, NUMERO, REFERENCIA, REPARTICION, ACTUACION, ID_PERSONA, ID_TIPO_DOCUMENTO, FECHA_CREACION, USUARIO_CREACION, VERSION, ID_TRANSACCION, URL_TEMPORAL, NOMBRE_ORIGINAL) VALUES (1,2017,0,1337,'REFERENCIA','NOMBRE-REPARTICION','NOMBRE-ACTUACION',2549,2,NULL,NULL,0,1337,'VUC/2017/6/2287662161556966460cert_1452212.pdf','cert_1452212.pdf'),(3,2017,0,1337,'REFERENCIA','NOMBRE-REPARTICION','NOMBRE-ACTUACION',2549,2,NULL,NULL,0,1337,'VUC/2017/6/1409578042379967691cert_1452212.pdf','cert_1452212.pdf'),(6,2017,0,1337,'REFERENCIA','NOMBRE-REPARTICION','NOMBRE-ACTUACION',2549,2,NULL,NULL,0,1337,'VUC/2017/6/9040950231005082381cert_1452212.pdf','cert_1452212.pdf'),(10,2017,0,1337,'REFERENCIA','NOMBRE-REPARTICION','NOMBRE-ACTUACION',2549,2,NULL,NULL,0,1337,'VUC/2017/6/4852267649497271178cert_1452212.pdf','cert_1452212.pdf'),(13,2017,0,1337,'REFERENCIA','NOMBRE-REPARTICION','NOMBRE-ACTUACION',2549,2,NULL,NULL,0,1337,'VUC/2017/6/8424775693964207289cert_1452212.pdf','cert_1452212.pdf'),(16,2017,0,1337,'REFERENCIA','NOMBRE-REPARTICION','NOMBRE-ACTUACION',2549,2,NULL,NULL,0,1337,'VUC/2017/6/6636094788771547805cert_1452212.pdf','cert_1452212.pdf'),(17,2017,0,1337,'REFERENCIA','NOMBRE-REPARTICION','NOMBRE-ACTUACION',2549,2,NULL,NULL,0,1337,'VUC/2017/6/7852918996178824489cert_1452212.pdf','cert_1452212.pdf'),(18,2017,0,1337,'REFERENCIA','NOMBRE-REPARTICION','NOMBRE-ACTUACION',2549,2,NULL,NULL,0,1337,'VUC/2017/6/3408775885167340653cert_1452212.pdf','cert_1452212.pdf'),(19,2017,0,1337,'REFERENCIA','NOMBRE-REPARTICION','NOMBRE-ACTUACION',2549,2,NULL,NULL,0,1337,'VUC/2017/6/3817648040608197160cert_1452212.pdf','cert_1452212.pdf'),(22,2017,0,1337,'REFERENCIA','NOMBRE-REPARTICION','NOMBRE-ACTUACION',2549,2,NULL,NULL,0,1337,'VUC/2017/6/929774212546259698cert_1452212.pdf','cert_1452212.pdf'),(23,2017,0,1,'Nota','REGCIVIL','NO',2549,3,NULL,NULL,0,NULL,'NULL','NULL'),(24,2017,0,2,'Rut','REGCIVIL','NO',2549,2,NULL,NULL,0,NULL,'NULL','cert_1452212.pdf'),(25,2017,0,1337,'REFERENCIA','NOMBRE-REPARTICION','NOMBRE-ACTUACION',2549,2,NULL,NULL,0,1337,'VUC/2017/6/6808879969247835375cert_1452212.pdf','cert_1452212.pdf'),(26,2017,0,6,'Nota','REGCIVIL','NO',2549,3,NULL,NULL,0,NULL,'NULL','NULL'),(27,2017,0,7,'Rut','REGCIVIL','NO',2549,2,NULL,NULL,0,NULL,'NULL','cert_1452212.pdf'),(28,2017,0,1337,'REFERENCIA','NOMBRE-REPARTICION','NOMBRE-ACTUACION',2549,2,NULL,NULL,0,1337,'VUC/2017/6/5247324626105226179cert_1452212.pdf','cert_1452212.pdf'),(29,2017,0,16,'Nota','REGCIVIL','NO',2549,3,NULL,NULL,0,NULL,'NULL','NULL'),(30,2017,0,17,'Rut','REGCIVIL','NO',2549,2,NULL,NULL,0,NULL,'NULL','cert_1452212.pdf'),(33,2017,0,1337,'REFERENCIA','NOMBRE-REPARTICION','NOMBRE-ACTUACION',2549,2,NULL,NULL,0,1337,'VUC/2017/6/9170569974250277196cert_1452212sub.pdf','cert_1452212sub.pdf'),(34,2017,0,24,'Nota','REGCIVIL','NO',2549,3,NULL,NULL,0,NULL,'NULL','NULL'),(35,2017,0,25,'Rut','REGCIVIL','NO',2549,2,NULL,NULL,0,NULL,'NULL','cert_1452212sub.pdf'),(36,2017,0,1337,'REFERENCIA','NOMBRE-REPARTICION','NOMBRE-ACTUACION',2549,2,NULL,NULL,0,1337,'VUC/2017/6/2661341876733503912cert_1452212sub.pdf','cert_1452212sub.pdf'),(37,2017,0,33,'Nota','REGCIVIL','NO',2549,3,NULL,NULL,0,NULL,'NULL','NULL'),(38,2017,0,34,'Rut','REGCIVIL','NO',2549,2,NULL,NULL,0,NULL,'NULL','cert_1452212sub.pdf'),(39,2017,0,1337,'REFERENCIA','NOMBRE-REPARTICION','NOMBRE-ACTUACION',2549,2,NULL,NULL,0,1337,'VUC/2017/6/107026956914243214cert_1452212sub.pdf','cert_1452212sub.pdf'),(40,2017,0,39,'Nota','REGCIVIL','NO',2549,3,NULL,NULL,0,NULL,'NULL','NULL'),(41,2017,0,40,'Rut','REGCIVIL','NO',2549,2,NULL,NULL,0,NULL,'NULL','cert_1452212sub.pdf'),(42,2017,0,1337,'REFERENCIA','NOMBRE-REPARTICION','NOMBRE-ACTUACION',2549,2,NULL,NULL,0,1337,'VUC/2017/6/2841977154409079774cert_1452212sub.pdf','cert_1452212sub.pdf'),(43,2017,0,45,'Nota','REGCIVIL','NO',2549,3,NULL,NULL,0,NULL,'NULL','NULL'),(44,2017,0,46,'Rut','REGCIVIL','NO',2549,2,NULL,NULL,0,NULL,'NULL','cert_1452212sub.pdf'),(46,2017,0,1337,'REFERENCIA','NOMBRE-REPARTICION','NOMBRE-ACTUACION',2549,2,NULL,NULL,0,1337,'VUC/2017/6/7934463713517866823cert_1452212.pdf','cert_1452212.pdf'),(47,2017,0,54,'Nota','REGCIVIL','NO',2549,3,NULL,NULL,0,NULL,'NULL','NULL'),(48,2017,0,55,'Rut','REGCIVIL','NO',2549,2,NULL,NULL,0,NULL,'NULL','cert_1452212.pdf'),(49,2017,0,1337,'REFERENCIA','NOMBRE-REPARTICION','NOMBRE-ACTUACION',2549,2,NULL,NULL,0,1337,'VUC/2017/6/1669356275281291341cert_1452212.pdf','cert_1452212.pdf'),(50,2017,0,64,'Nota','REGCIVIL','NO',2549,3,NULL,NULL,0,NULL,'NULL','NULL'),(51,2017,0,65,'Rut','REGCIVIL','NO',2549,2,NULL,NULL,0,NULL,'NULL','cert_1452212.pdf'),(52,2017,0,1337,'REFERENCIA','NOMBRE-REPARTICION','NOMBRE-ACTUACION',2549,2,NULL,NULL,0,1337,'VUC/2017/6/2101717210281149894cert_1452212sub.pdf','cert_1452212sub.pdf'),(53,2017,0,70,'Nota','REGCIVIL','NO',2549,3,NULL,NULL,0,NULL,'NULL','NULL'),(54,2017,0,71,'Rut','REGCIVIL','NO',2549,2,NULL,NULL,0,NULL,'NULL','cert_1452212sub.pdf'),(56,2017,0,1337,'REFERENCIA','NOMBRE-REPARTICION','NOMBRE-ACTUACION',2549,2,NULL,NULL,0,1337,'VUC/2017/6/874933308259391889cert_1452212.pdf','cert_1452212.pdf'),(57,2017,0,79,'Nota','REGCIVIL','NO',2549,3,NULL,NULL,0,NULL,'NULL','NULL'),(58,2017,0,80,'Rut','REGCIVIL','NO',2549,2,NULL,NULL,0,NULL,'NULL','cert_1452212.pdf'),(60,2017,0,1337,'REFERENCIA','NOMBRE-REPARTICION','NOMBRE-ACTUACION',2549,2,NULL,NULL,0,1337,'VUC/2017/6/2352623564007640920Test - copia (7).pdf','Test - copia (7).pdf'),(61,2017,0,86,'Nota','REGCIVIL','NO',2549,3,NULL,NULL,0,NULL,'NULL','NULL'),(62,2017,0,87,'Rut','REGCIVIL','NO',2549,2,NULL,NULL,0,NULL,'NULL','Test - copia (7).pdf'),(63,2017,0,1337,'REFERENCIA','NOMBRE-REPARTICION','NOMBRE-ACTUACION',2549,2,NULL,NULL,0,1337,'VUC/2017/6/8935080869450992794Test - copia (2).pdf','Test - copia (2).pdf'),(64,2017,0,91,'Nota','REGCIVIL','NO',2549,3,NULL,NULL,0,NULL,'NULL','NULL'),(65,2017,0,92,'Rut','REGCIVIL','NO',2549,2,NULL,NULL,0,NULL,'NULL','Test - copia (2).pdf'),(66,2017,0,1337,'REFERENCIA','NOMBRE-REPARTICION','NOMBRE-ACTUACION',2549,2,NULL,NULL,0,1337,'VUC/2017/6/9197346170703175972Test - copia (3).pdf','Test - copia (3).pdf'),(67,2017,0,96,'Nota','REGCIVIL','NO',2549,3,NULL,NULL,0,NULL,'NULL','NULL'),(68,2017,0,97,'Rut','REGCIVIL','NO',2549,2,NULL,NULL,0,NULL,'NULL','Test - copia (3).pdf'),(69,2017,0,1337,'REFERENCIA','NOMBRE-REPARTICION','NOMBRE-ACTUACION',2549,2,NULL,NULL,0,1337,'VUC/2017/6/6547381129257546013Test - copia - copia.pdf','Test - copia - copia.pdf'),(70,2017,0,101,'Nota','REGCIVIL','NO',2549,3,NULL,NULL,0,NULL,'NULL','NULL'),(71,2017,0,102,'Rut','REGCIVIL','NO',2549,2,NULL,NULL,0,NULL,'NULL','Test - copia - copia.pdf'),(72,2017,0,1337,'REFERENCIA','NOMBRE-REPARTICION','NOMBRE-ACTUACION',2549,2,NULL,NULL,0,1337,'VUC/2017/6/413996038611742989cert_1452212.pdf','cert_1452212.pdf'),(73,2017,0,106,'Nota','REGCIVIL','NO',2549,3,NULL,NULL,0,NULL,'NULL','NULL'),(74,2017,0,107,'Rut','REGCIVIL','NO',2549,2,NULL,NULL,0,NULL,'NULL','cert_1452212.pdf'),(77,2017,0,1337,'REFERENCIA','NOMBRE-REPARTICION','NOMBRE-ACTUACION',2549,2,NULL,NULL,0,1337,'VUC/2017/6/5824696616465120213cert_1452212.pdf','cert_1452212.pdf'),(80,2017,0,1337,'REFERENCIA','NOMBRE-REPARTICION','NOMBRE-ACTUACION',2549,2,NULL,NULL,0,1337,'VUC/2017/6/1668974717975516573cert_1452212.pdf','cert_1452212.pdf'),(83,2017,0,1337,'REFERENCIA','NOMBRE-REPARTICION','NOMBRE-ACTUACION',2549,2,NULL,NULL,0,1337,'VUC/2017/6/1063732485827957629cert_1452212.pdf','cert_1452212.pdf'),(84,2017,0,131,'Nota','REGCIVIL','NO',2549,3,NULL,NULL,0,NULL,'NULL','NULL'),(85,2017,0,132,'Rut','REGCIVIL','NO',2549,2,NULL,NULL,0,NULL,'NULL','cert_1452212.pdf'),(86,2017,0,1337,'REFERENCIA','NOMBRE-REPARTICION','NOMBRE-ACTUACION',2549,2,NULL,NULL,0,1337,'VUC/2017/6/7867240357125593285Test - copia - copia.pdf','Test - copia - copia.pdf'),(87,2017,0,144,'Nota','REGCIVIL','NO',2549,3,NULL,NULL,0,NULL,'NULL','NULL'),(88,2017,0,145,'Rut','REGCIVIL','NO',2549,2,NULL,NULL,0,NULL,'NULL','Test - copia - copia.pdf'),(89,2017,0,1337,'REFERENCIA','NOMBRE-REPARTICION','NOMBRE-ACTUACION',2549,2,NULL,NULL,0,1337,'VUC/2017/6/371149559282898045Test - copia - copia.pdf','Test - copia - copia.pdf'),(90,2017,0,149,'Nota','REGCIVIL','NO',2549,3,NULL,NULL,0,NULL,'NULL','NULL'),(91,2017,0,150,'Rut','REGCIVIL','NO',2549,2,NULL,NULL,0,NULL,'NULL','Test - copia - copia.pdf'),(92,2017,0,1337,'REFERENCIA','NOMBRE-REPARTICION','NOMBRE-ACTUACION',2549,2,NULL,NULL,0,1337,'VUC/2017/6/3111244591306911773cert_1452212.pdf','cert_1452212.pdf'),(93,2017,0,154,'Nota','REGCIVIL','NO',2549,3,NULL,NULL,0,NULL,'NULL','NULL'),(94,2017,0,155,'Rut','REGCIVIL','NO',2549,2,NULL,NULL,0,NULL,'NULL','cert_1452212.pdf'),(95,2017,0,160,'Rut','REGCIVIL','NO',2549,2,NULL,NULL,0,NULL,'NULL','cert_1452212sub.pdf'),(97,2017,0,167,'Nota','REGCIVIL','NO',2549,3,NULL,NULL,0,NULL,'NULL','NULL'),(98,2017,0,172,'Rut','REGCIVIL','NO',2549,2,NULL,NULL,0,NULL,'NULL','cert_1452212.pdf'),(99,2017,0,1337,'REFERENCIA','NOMBRE-REPARTICION','NOMBRE-ACTUACION',2549,2,NULL,NULL,0,1337,'VUC/2017/6/8683502016310459683FichasDeLecturayEscritura.pdf','FichasDeLecturayEscritura.pdf'),(100,2017,0,178,'Nota','REGCIVIL','NO',2549,3,NULL,NULL,0,NULL,'NULL','NULL'),(101,2017,0,179,'Rut','REGCIVIL','NO',2549,2,NULL,NULL,0,NULL,'NULL','FichasDeLecturayEscritura.pdf'),(102,2017,0,188,'Rut','REGCIVIL','NO',2549,2,NULL,NULL,0,NULL,'NULL','documento.pdf'),(103,2017,0,1337,'REFERENCIA','NOMBRE-REPARTICION','NOMBRE-ACTUACION',2549,2,NULL,NULL,0,1337,'VUC/2017/6/6320967394233863065Boletin Center Temuco Noviembre 2015.pdf','Boletin Center Temuco Noviembre 2015.pdf'),(104,2017,0,189,'Nota','REGCIVIL','NO',2549,3,NULL,NULL,0,NULL,'NULL','NULL'),(105,2017,0,190,'Rut','REGCIVIL','NO',2549,2,NULL,NULL,0,NULL,'NULL','Boletin Center Temuco Noviembre 2015.pdf'),(106,2017,0,198,'Rut','REGCIVIL','NO',2549,2,NULL,NULL,0,NULL,'NULL','Solicitud de Prrroga al Cierre del Prstamo..pdf'),(107,2017,0,1337,'REFERENCIA','NOMBRE-REPARTICION','NOMBRE-ACTUACION',2549,2,NULL,NULL,0,1337,'VUC/2017/7/3979230619789752505NO-2017-00000179-   -REGCIVIL.pdf','NO-2017-00000179-   -REGCIVIL.pdf'),(108,2017,0,1337,'REFERENCIA','NOMBRE-REPARTICION','NOMBRE-ACTUACION',2549,2,NULL,NULL,0,1337,'VUC/2017/7/6047287234061916154Test - copia (4) - copia.pdf','Test - copia (4) - copia.pdf'),(109,2017,0,1337,'REFERENCIA','NOMBRE-REPARTICION','NOMBRE-ACTUACION',2549,2,NULL,NULL,0,1337,'VUC/2017/7/2088211278347545097cert_1452212.pdf','cert_1452212.pdf'),(110,2017,0,1337,'REFERENCIA','NOMBRE-REPARTICION','NOMBRE-ACTUACION',2549,2,NULL,NULL,0,1337,'VUC/2017/7/5205296027525736232Test - copia (4) - copia.pdf','Test - copia (4) - copia.pdf'),(111,2017,0,1337,'REFERENCIA','NOMBRE-REPARTICION','NOMBRE-ACTUACION',2549,2,NULL,NULL,0,1337,'VUC/2017/7/6496889518672458619reserva_OK.pdf','reserva_OK.pdf'),(112,2017,0,1337,'REFERENCIA','NOMBRE-REPARTICION','NOMBRE-ACTUACION',2549,2,NULL,NULL,0,1337,'VUC/2017/7/6245022831594601212reserva_OK.pdf','reserva_OK.pdf'),(113,2017,0,34,'Nota','REGCIVIL','NO',2549,3,NULL,NULL,0,NULL,'NULL','NULL'),(114,2017,0,35,'Rut','REGCIVIL','NO',2549,2,NULL,NULL,0,NULL,'NULL','reserva_OK.pdf'),(115,2017,0,1337,'REFERENCIA','NOMBRE-REPARTICION','NOMBRE-ACTUACION',2549,2,NULL,NULL,0,1337,'VUC/2017/7/1834115601286183761Boletin Center Temuco Noviembre 2015.pdf','Boletin Center Temuco Noviembre 2015.pdf'),(116,2017,0,41,'Nota','REGCIVIL','NO',2549,3,NULL,NULL,0,NULL,'NULL','NULL'),(117,2017,0,42,'Rut','REGCIVIL','NO',2549,2,NULL,NULL,0,NULL,'NULL','Boletin Center Temuco Noviembre 2015.pdf'),(118,2017,0,1337,'REFERENCIA','NOMBRE-REPARTICION','NOMBRE-ACTUACION',2549,2,NULL,NULL,0,1337,'VUC/2017/7/6396716728607554575reserva_OK.pdf','reserva_OK.pdf'),(119,2017,0,46,'Nota','REGCIVIL','NO',2549,3,NULL,NULL,0,NULL,'NULL','NULL'),(120,2017,0,47,'Rut','REGCIVIL','NO',2549,2,NULL,NULL,0,NULL,'NULL','reserva_OK.pdf'),(121,2017,0,52,'Rut','REGCIVIL','NO',2549,2,NULL,NULL,0,NULL,'NULL','reserva_OK.pdf'),(122,2017,0,1337,'REFERENCIA','NOMBRE-REPARTICION','NOMBRE-ACTUACION',2549,2,NULL,NULL,0,1337,'VUC/2017/7/3959812853752938299936_Lacalidaddelsoftwareylosprocesosdetesting.pdf','936_Lacalidaddelsoftwareylosprocesosdetesting.pdf'),(123,2017,0,60,'Nota','REGCIVIL','NO',2549,3,NULL,NULL,0,NULL,'NULL','NULL'),(124,2017,0,61,'Rut','REGCIVIL','EX',2549,2,NULL,NULL,0,NULL,'NULL','936_Lacalidaddelsoftwareylosprocesosdetesting.pdf'),(125,2017,0,1337,'REFERENCIA','NOMBRE-REPARTICION','NOMBRE-ACTUACION',2549,2,NULL,NULL,0,1337,'VUC/2017/7/1534980291282429096Test - copia (3) - copia.pdf','Test - copia (3) - copia.pdf'),(128,2017,0,1337,'REFERENCIA','NOMBRE-REPARTICION','NOMBRE-ACTUACION',2549,2,NULL,NULL,0,1337,'VUC/2017/7/7378735433110899000cert_1452212.pdf','cert_1452212.pdf'),(141,2017,0,19,'Nota','REGCIVIL','NO',2549,3,NULL,NULL,0,NULL,'NULL','NULL'),(142,2017,0,10,'Rut','REGCIVIL','0',2549,2,NULL,NULL,0,NULL,'NULL','cert_1452212.pdf'),(143,2017,0,5,'Nota','REGCIVIL','NO',2549,3,NULL,NULL,0,NULL,'NULL','NULL'),(144,2017,0,6,'Nota','REGCIVIL','NO',2549,3,NULL,NULL,0,NULL,'NULL','NULL'),(145,2017,0,7,'Nota','REGCIVIL','NO',2549,3,NULL,NULL,0,NULL,'NULL','NULL'),(146,2017,0,8,'Nota','REGCIVIL','NO',2549,3,NULL,NULL,0,NULL,'NULL','NULL'),(147,2017,0,9,'Nota','REGCIVIL','NO',2549,3,NULL,NULL,0,NULL,'NULL','NULL'),(148,2017,0,11,'Nota','REGCIVIL','NO',2549,3,NULL,NULL,0,NULL,'NULL','NULL'),(149,2017,0,12,'Nota','REGCIVIL','NO',2549,3,NULL,NULL,0,NULL,'NULL','NULL'),(150,2017,0,13,'Nota','REGCIVIL','NO',2549,3,NULL,NULL,0,NULL,'NULL','NULL'),(151,2017,0,14,'Nota','REGCIVIL','NO',2549,3,NULL,NULL,0,NULL,'NULL','NULL'),(152,2017,0,17,'Nota','REGCIVIL','NO',2549,3,NULL,NULL,0,NULL,'NULL','NULL'),(153,2017,0,18,'Nota','REGCIVIL','NO',2549,3,NULL,NULL,0,NULL,'NULL','NULL'),(154,2017,0,1337,'REFERENCIA','NOMBRE-REPARTICION','NOMBRE-ACTUACION',2549,2,NULL,NULL,0,1337,'VUC/2017/7/7667321591040786719cert_1452212.pdf','cert_1452212.pdf'),(155,2017,0,21,'Nota','REGCIVIL','NO',2549,3,NULL,NULL,0,NULL,'NULL','NULL'),(156,2017,0,22,'Rut','REGCIVIL','0',2549,2,NULL,NULL,0,NULL,'NULL','cert_1452212.pdf'),(157,2017,0,1337,'REFERENCIA','NOMBRE-REPARTICION','NOMBRE-ACTUACION',2549,2,NULL,NULL,0,1337,'VUC/2017/7/2047620124431658276cert_1452212.pdf','cert_1452212.pdf'),(158,2017,0,26,'Nota','REGCIVIL','NO',2549,3,NULL,NULL,0,NULL,'NULL','NULL'),(159,2017,0,27,'Rut','REGCIVIL','0',2549,2,NULL,NULL,0,NULL,'NULL','cert_1452212.pdf'),(160,2017,0,1337,'REFERENCIA','NOMBRE-REPARTICION','NOMBRE-ACTUACION',2549,2,NULL,NULL,0,1337,'VUC/2017/7/4361048149650635683cert_1452212.pdf','cert_1452212.pdf'),(161,2017,0,31,'Nota','REGCIVIL','NO',2549,3,NULL,NULL,0,NULL,'NULL','NULL'),(162,2017,0,32,'Rut','REGCIVIL','0',2549,2,NULL,NULL,0,NULL,'NULL','cert_1452212.pdf'),(163,2017,0,1337,'REFERENCIA','NOMBRE-REPARTICION','NOMBRE-ACTUACION',2549,2,NULL,NULL,0,1337,'VUC/2017/7/574848524751359765cert_1452212sub.pdf','cert_1452212sub.pdf'),(164,2017,0,40,'Nota','REGCIVIL','NO',2549,3,NULL,NULL,0,NULL,'NULL','NULL'),(165,2017,0,41,'Rut','REGCIVIL','0',2549,2,NULL,NULL,0,NULL,'NULL','cert_1452212sub.pdf'),(166,2017,0,46,'Rut','REGCIVIL','0',2549,2,NULL,NULL,0,NULL,'NULL','cert_1452212.pdf'),(167,2017,0,1337,'REFERENCIA','NOMBRE-REPARTICION','NOMBRE-ACTUACION',2549,2,NULL,NULL,0,1337,'VUC/2017/7/4035685794322035464cert_1452212.pdf','cert_1452212.pdf'),(175,2017,0,56,'Nota','REGCIVIL','NO',2549,3,NULL,NULL,0,NULL,'NULL','NULL'),(176,2017,0,48,'Rut','REGCIVIL','0',2549,2,NULL,NULL,0,NULL,'NULL','cert_1452212.pdf'),(177,2017,0,47,'Nota','REGCIVIL','NO',2549,3,NULL,NULL,0,NULL,'NULL','NULL'),(178,2017,0,49,'Nota','REGCIVIL','NO',2549,3,NULL,NULL,0,NULL,'NULL','NULL'),(179,2017,0,50,'Nota','REGCIVIL','NO',2549,3,NULL,NULL,0,NULL,'NULL','NULL'),(180,2017,0,53,'Nota','REGCIVIL','NO',2549,3,NULL,NULL,0,NULL,'NULL','NULL'),(181,2017,0,54,'Nota','REGCIVIL','NO',2549,3,NULL,NULL,0,NULL,'NULL','NULL'),(182,2017,0,55,'Nota','REGCIVIL','NO',2549,3,NULL,NULL,0,NULL,'NULL','NULL'),(183,2017,0,1337,'REFERENCIA','NOMBRE-REPARTICION','NOMBRE-ACTUACION',2549,2,NULL,NULL,0,1337,'VUC/2017/7/871138981366307240cert_1452212.pdf','cert_1452212.pdf'),(184,2017,0,5,'Nota','REGCIVIL','NO',2549,3,NULL,NULL,0,NULL,'NULL','NULL'),(185,2017,0,6,'Rut','REGCIVIL','0',2549,2,NULL,NULL,0,NULL,'NULL','cert_1452212.pdf'),(204,2017,0,1337,'REFERENCIA','NOMBRE-REPARTICION','NOMBRE-ACTUACION',1,2,'2017-08-08 11:44:18','Pedro Gonzalez',0,1337,'VUC/2017/8/2336507938539652635cert_1452212.pdf','cert_1452212.pdf'),(211,2017,0,1337,'REFERENCIA','NOMBRE-REPARTICION','NOMBRE-ACTUACION',1,2,'2017-08-08 12:00:14','Pedro Gonzalez',0,1337,'VUC/2017/8/7649387778761360668cert_1452212.pdf','cert_1452212.pdf');

--
-- Dumping data for table `tad_documento_externo`
--


--
-- Dumping data for table `tad_documento_externo_detalle`
--


--
-- Dumping data for table `tad_documento_fc`
--


--
-- Dumping data for table `tad_documento_tvs`
--


--
-- Dumping data for table `tad_domicilio`
--

INSERT INTO tad_domicilio (ID, DIRECCION, PISO, DEPTO, LOCALIDAD, COD_POSTAL, TELEFONO, VERSION, ALTURA, LOCAL, CGPC, COMISARIA, PROVINCIA, DEPARTAMENTO, OBSERVACIONES, EMAIL) VALUES (42548,'TTESTEE 434',NULL,NULL,'BALVANERA','1870',NULL,NULL,'0',NULL,NULL,NULL,'CIUDAD DE BUENOS AIRES','COMUNA 3',NULL,NULL),(42549,'TTESTEE 434',NULL,NULL,'CONSTITUCION','1870',NULL,NULL,'0',NULL,NULL,NULL,'CIUDAD DE BUENOS AIRES','COMUNA 1',NULL,NULL),(42550,'TTESTEE 434',NULL,NULL,'CONSTITUCION','1870',NULL,NULL,'0',NULL,NULL,NULL,'CIUDAD DE BUENOS AIRES','COMUNA 1',NULL,NULL),(42544,'URIBURU J. E. PTE. 1',NULL,NULL,'21773,','1027',NULL,NULL,'0',NULL,NULL,NULL,'2,','1002,',NULL,NULL),(42551,'LARREA 1',NULL,NULL,'CONSTITUCION','1030',NULL,NULL,'0',NULL,NULL,NULL,'CIUDAD DE BUENOS AIRES','COMUNA 1',NULL,NULL),(42542,'URIBURU J. E. PTE. 1',NULL,NULL,'21766,','1027',NULL,NULL,'0',NULL,NULL,NULL,'2,','1001,',NULL,NULL),(42545,'LARREA ',NULL,NULL,'CONSTITUCION','1030',NULL,NULL,'1',NULL,NULL,NULL,'CIUDAD DE BUENOS AIRES','COMUNA 1',NULL,NULL),(42546,'URIBURU J. E. PTE.   ',NULL,NULL,'NUEVA POMPEYA','1027',NULL,NULL,'1',NULL,NULL,NULL,'CIUDAD DE BUENOS AIRES','COMUNA 4',NULL,NULL),(42543,'URIBURU J. E. PTE. ',NULL,NULL,'CONSTITUCION','1027',NULL,NULL,'1',NULL,NULL,NULL,'CIUDAD DE BUENOS AIRES','COMUNA 1',NULL,NULL),(42547,'LARREA ',NULL,NULL,'CONSTITUCION','1030',NULL,NULL,'1',NULL,NULL,NULL,'CIUDAD DE BUENOS AIRES','COMUNA 1',NULL,NULL);

--
-- Dumping data for table `tad_domicilio_aud`
--

INSERT INTO tad_domicilio_aud (ID, REVISION, TIPO_REVISION, DIRECCION, PISO, DEPTO, LOCALIDAD, COD_POSTAL, TELEFONO, VERSION, ALTURA, LOCAL, CGPC, COMISARIA, PROVINCIA, DEPARTAMENTO, OBSERVACIONES, EMAIL) VALUES (42550,4136,0,'TTESTEE 434',NULL,NULL,'CONSTITUCION','1870',NULL,NULL,'0',NULL,NULL,NULL,'CIUDAD DE BUENOS AIRES','COMUNA 1',NULL,NULL),(42548,4130,0,'TTESTEE 434',NULL,NULL,'BALVANERA','1870',NULL,NULL,'0',NULL,NULL,NULL,'CIUDAD DE BUENOS AIRES','COMUNA 3',NULL,NULL),(42549,4134,0,'TTESTEE 434',NULL,NULL,'CONSTITUCION','1870',NULL,NULL,'0',NULL,NULL,NULL,'CIUDAD DE BUENOS AIRES','COMUNA 1',NULL,NULL),(42551,4138,0,'LARREA 1',NULL,NULL,'CONSTITUCION','1030',NULL,NULL,'0',NULL,NULL,NULL,'CIUDAD DE BUENOS AIRES','COMUNA 1',NULL,NULL),(42546,4119,1,'URIBURU J. E. PTE.  ',NULL,NULL,'CONSTITUCION','1027',NULL,NULL,'1',NULL,NULL,NULL,'CIUDAD DE BUENOS AIRES','COMUNA 1',NULL,NULL),(42546,4123,1,'URIBURU J. E. PTE.   ',NULL,NULL,'NUEVA POMPEYA','1027',NULL,NULL,'1',NULL,NULL,NULL,'CIUDAD DE BUENOS AIRES','COMUNA 4',NULL,NULL),(42546,4113,0,'URIBURU J. E. PTE. 1',NULL,NULL,'21788,','1027',NULL,NULL,'0',NULL,NULL,NULL,'2,','1007,',NULL,NULL),(42547,4121,0,'LARREA 1',NULL,NULL,'21766,','1030',NULL,NULL,'0',NULL,NULL,NULL,'2,','1001,',NULL,NULL),(42547,4122,1,'LARREA ',NULL,NULL,'CONSTITUCION','1030',NULL,NULL,'1',NULL,NULL,NULL,'CIUDAD DE BUENOS AIRES','COMUNA 1',NULL,NULL);

--
-- Dumping data for table `tad_equivalencia_nom`
--


--
-- Dumping data for table `tad_error_log`
--


--
-- Dumping data for table `tad_error_patron`
--

INSERT INTO tad_error_patron (ID, PATRON) VALUES (1,'TAD_PASO2-[d]{19}.(pdf|docx|doc|jpg|jpeg|png|bmp|gif|tiff|tif|html|dwf|bin|xlsx)'),(2,'[A-Z]{2,8}-dddd-dddddddd-   -[A-Z]{2,8}');

--
-- Dumping data for table `tad_error_sade`
--


--
-- Dumping data for table `tad_error_usuario`
--


--
-- Dumping data for table `tad_expediente_alta_dominio`
--


--
-- Dumping data for table `tad_expediente_base`
--
-- ORDER BY:  ID

INSERT INTO tad_expediente_base (ID, ANIO, DESCRIPCION_ADICIONAL, MOTIVO, NUMERO, REPARTICION_ACTUACION, REPARTICION_USUARIO, TIPO, ULTIMO_INGRESO, ID_PERSONA, TIPO_TRAMITE_ID, BAJA_LOGICA, PASO_ACTUAL, VERSION, FECHA_CREACION, TURNO, ID_APODERADO, ID_INTERVINIENTE, TOMANDO_VISTA, ID_EXP_PADRE, SE_VA_A_REINTENTAR, FECHA_INICIO, ID_ESTADO_TRAMITE) VALUES (1,NULL,NULL,NULL,NULL,NULL,NULL,NULL,NULL,2549,440,NULL,NULL,NULL,NULL,NULL,NULL,NULL,NULL,NULL,NULL,NULL,1),(2,NULL,NULL,NULL,NULL,NULL,NULL,NULL,NULL,2549,440,NULL,NULL,NULL,NULL,NULL,NULL,NULL,NULL,NULL,NULL,NULL,1),(3,NULL,NULL,NULL,NULL,NULL,NULL,NULL,NULL,2549,440,NULL,NULL,NULL,NULL,NULL,NULL,NULL,NULL,NULL,NULL,NULL,1),(4,NULL,NULL,NULL,NULL,NULL,NULL,NULL,NULL,2549,440,NULL,NULL,NULL,NULL,NULL,NULL,NULL,NULL,NULL,NULL,NULL,1),(5,NULL,NULL,NULL,NULL,NULL,NULL,NULL,NULL,2549,440,NULL,NULL,NULL,NULL,NULL,NULL,NULL,NULL,NULL,NULL,NULL,1),(6,NULL,NULL,NULL,NULL,NULL,NULL,NULL,NULL,2549,440,NULL,NULL,NULL,NULL,NULL,NULL,NULL,NULL,NULL,NULL,NULL,1),(7,NULL,NULL,NULL,NULL,NULL,NULL,NULL,NULL,2549,440,NULL,NULL,NULL,NULL,NULL,NULL,NULL,NULL,NULL,NULL,NULL,1),(8,NULL,NULL,NULL,NULL,NULL,NULL,NULL,NULL,2549,440,NULL,NULL,NULL,NULL,NULL,NULL,NULL,NULL,NULL,NULL,NULL,1),(9,NULL,NULL,NULL,NULL,NULL,NULL,NULL,NULL,2549,440,NULL,NULL,NULL,NULL,NULL,NULL,NULL,NULL,NULL,NULL,NULL,1),(10,NULL,NULL,NULL,NULL,NULL,NULL,NULL,NULL,2549,440,NULL,NULL,NULL,NULL,NULL,NULL,NULL,NULL,NULL,NULL,NULL,1),(11,NULL,NULL,NULL,NULL,NULL,NULL,NULL,NULL,2549,440,NULL,NULL,NULL,NULL,NULL,NULL,NULL,NULL,NULL,NULL,NULL,1),(12,2017,NULL,NULL,3,'EGOV','REGCIVIL','EX',NULL,2549,440,NULL,NULL,NULL,NULL,NULL,NULL,NULL,NULL,NULL,0,NULL,3),(13,2017,NULL,NULL,8,'EGOV','REGCIVIL','EX',NULL,2549,440,NULL,NULL,NULL,NULL,NULL,NULL,NULL,NULL,NULL,0,NULL,3),(14,2017,NULL,NULL,18,'EGOV','REGCIVIL','EX',NULL,2549,440,NULL,NULL,NULL,NULL,NULL,NULL,NULL,NULL,NULL,0,NULL,3),(15,2017,NULL,NULL,26,'EGOV','REGCIVIL','EX',NULL,2549,440,NULL,NULL,NULL,NULL,NULL,NULL,NULL,NULL,NULL,0,NULL,3),(16,2017,NULL,NULL,35,'EGOV','REGCIVIL','EX',NULL,2549,440,NULL,NULL,NULL,NULL,NULL,NULL,NULL,NULL,NULL,0,NULL,3),(17,2017,NULL,NULL,41,'EGOV','REGCIVIL','EX',NULL,2549,440,NULL,NULL,NULL,NULL,NULL,NULL,NULL,NULL,NULL,0,NULL,3),(18,2017,NULL,NULL,47,'EGOV','REGCIVIL','EX',NULL,2549,440,NULL,NULL,NULL,NULL,NULL,NULL,NULL,NULL,NULL,0,NULL,3),(19,2017,NULL,NULL,56,'EGOV','REGCIVIL','EX',NULL,2549,440,NULL,NULL,NULL,NULL,NULL,NULL,NULL,NULL,NULL,0,NULL,3),(20,2017,NULL,NULL,66,'EGOV','REGCIVIL','EX',NULL,2549,440,NULL,NULL,NULL,NULL,NULL,NULL,NULL,NULL,NULL,0,NULL,3),(21,2017,NULL,NULL,72,'EGOV','REGCIVIL','EX',NULL,2549,440,NULL,NULL,NULL,NULL,NULL,NULL,NULL,NULL,NULL,0,NULL,3),(22,2017,NULL,NULL,81,'EGOV','REGCIVIL','EX',NULL,2549,440,NULL,NULL,NULL,NULL,NULL,NULL,NULL,NULL,NULL,0,NULL,3),(23,2017,NULL,NULL,88,'EGOV','REGCIVIL','EX',NULL,2549,440,NULL,NULL,NULL,NULL,NULL,NULL,NULL,NULL,NULL,0,NULL,3),(24,NULL,NULL,NULL,NULL,NULL,NULL,NULL,NULL,2549,440,NULL,NULL,NULL,NULL,NULL,NULL,NULL,NULL,NULL,NULL,NULL,1),(25,2017,NULL,NULL,93,'EGOV','REGCIVIL','EX',NULL,2549,440,NULL,NULL,NULL,NULL,NULL,NULL,NULL,NULL,NULL,0,NULL,3),(26,2017,NULL,NULL,98,'EGOV','REGCIVIL','EX',NULL,2549,440,NULL,NULL,NULL,NULL,NULL,NULL,NULL,NULL,NULL,0,NULL,3),(27,NULL,NULL,NULL,NULL,NULL,NULL,NULL,NULL,2549,440,NULL,NULL,NULL,NULL,NULL,NULL,NULL,NULL,NULL,NULL,NULL,1),(28,2017,NULL,NULL,103,'EGOV','REGCIVIL','EX',NULL,2549,440,NULL,NULL,NULL,NULL,NULL,NULL,NULL,NULL,NULL,0,NULL,3),(29,2017,NULL,NULL,108,'EGOV','REGCIVIL','EX',NULL,2549,440,NULL,NULL,NULL,NULL,NULL,NULL,NULL,NULL,NULL,0,NULL,3),(30,NULL,NULL,NULL,NULL,NULL,NULL,NULL,NULL,2549,440,NULL,NULL,NULL,NULL,NULL,NULL,NULL,NULL,NULL,NULL,NULL,1),(31,NULL,NULL,NULL,NULL,NULL,NULL,NULL,NULL,2549,440,NULL,NULL,NULL,NULL,NULL,NULL,NULL,NULL,NULL,NULL,NULL,1),(32,2017,NULL,NULL,133,'EGOV','REGCIVIL','EX',NULL,2549,440,NULL,NULL,NULL,NULL,NULL,NULL,NULL,NULL,NULL,0,NULL,3),(33,NULL,NULL,NULL,NULL,NULL,NULL,NULL,NULL,2549,440,NULL,NULL,NULL,NULL,NULL,NULL,NULL,NULL,NULL,NULL,NULL,1),(34,NULL,NULL,NULL,NULL,NULL,NULL,NULL,NULL,2549,440,NULL,NULL,NULL,NULL,NULL,NULL,NULL,NULL,NULL,NULL,NULL,1),(35,2017,NULL,NULL,146,'EGOV','REGCIVIL','EX',NULL,2549,440,NULL,NULL,NULL,NULL,NULL,NULL,NULL,NULL,NULL,0,NULL,3),(36,2017,NULL,NULL,151,'EGOV','REGCIVIL','EX',NULL,2549,440,NULL,NULL,NULL,NULL,NULL,NULL,NULL,NULL,NULL,0,NULL,3),(37,2017,NULL,NULL,156,'EGOV','REGCIVIL','EX',NULL,2549,440,NULL,NULL,NULL,NULL,NULL,NULL,NULL,NULL,NULL,0,NULL,3),(38,NULL,NULL,NULL,NULL,NULL,NULL,NULL,NULL,2549,440,NULL,NULL,NULL,NULL,NULL,NULL,NULL,NULL,NULL,NULL,NULL,1),(39,NULL,NULL,NULL,NULL,NULL,NULL,NULL,NULL,2549,440,NULL,NULL,NULL,NULL,NULL,NULL,NULL,NULL,NULL,NULL,NULL,1),(40,2017,NULL,NULL,168,'EGOV','REGCIVIL','EX',NULL,2549,440,NULL,NULL,NULL,NULL,NULL,NULL,NULL,NULL,NULL,0,NULL,3),(41,NULL,NULL,NULL,NULL,NULL,NULL,NULL,NULL,2549,440,NULL,NULL,NULL,NULL,NULL,NULL,NULL,NULL,NULL,NULL,NULL,1),(42,2017,NULL,NULL,180,'EGOV','REGCIVIL','EX',NULL,2549,440,NULL,NULL,NULL,NULL,NULL,NULL,NULL,NULL,NULL,0,NULL,3),(43,2017,NULL,NULL,191,'EGOV','REGCIVIL','EX',NULL,2549,440,NULL,NULL,NULL,NULL,NULL,NULL,NULL,NULL,NULL,0,NULL,3),(44,NULL,NULL,NULL,NULL,NULL,NULL,NULL,NULL,2549,440,NULL,NULL,NULL,NULL,NULL,NULL,NULL,NULL,NULL,NULL,NULL,1),(45,NULL,NULL,NULL,NULL,NULL,NULL,NULL,NULL,2549,440,NULL,NULL,NULL,NULL,NULL,NULL,NULL,NULL,NULL,NULL,NULL,1),(46,NULL,NULL,NULL,NULL,NULL,NULL,NULL,NULL,2549,440,NULL,NULL,NULL,NULL,NULL,NULL,NULL,NULL,NULL,NULL,NULL,1),(47,NULL,NULL,NULL,NULL,NULL,NULL,NULL,NULL,2549,440,NULL,NULL,NULL,NULL,NULL,NULL,NULL,NULL,NULL,NULL,NULL,1),(48,NULL,NULL,NULL,NULL,NULL,NULL,NULL,NULL,2549,440,NULL,NULL,NULL,NULL,NULL,NULL,NULL,NULL,NULL,NULL,NULL,1),(49,2017,NULL,NULL,36,'EGOV','REGCIVIL','EX',NULL,2549,440,NULL,NULL,NULL,NULL,NULL,NULL,NULL,NULL,NULL,0,NULL,3),(50,NULL,NULL,NULL,NULL,NULL,NULL,NULL,NULL,2549,440,NULL,NULL,NULL,NULL,NULL,NULL,NULL,NULL,NULL,NULL,NULL,1),(51,NULL,NULL,NULL,NULL,NULL,NULL,NULL,NULL,2549,440,NULL,NULL,NULL,NULL,NULL,NULL,NULL,NULL,NULL,NULL,NULL,1),(52,2017,NULL,NULL,43,'EGOV','REGCIVIL','EX',NULL,2549,440,NULL,NULL,NULL,NULL,NULL,NULL,NULL,NULL,NULL,0,NULL,3),(53,2017,NULL,NULL,48,'EGOV','REGCIVIL','EX',NULL,2549,440,NULL,NULL,NULL,NULL,NULL,NULL,NULL,NULL,NULL,0,NULL,3),(54,2017,NULL,NULL,62,'EGOV','REGCIVIL','EX',NULL,2549,440,NULL,NULL,NULL,NULL,NULL,NULL,NULL,NULL,NULL,0,NULL,3),(55,NULL,NULL,NULL,NULL,NULL,NULL,NULL,NULL,2549,440,NULL,NULL,NULL,NULL,NULL,NULL,NULL,NULL,NULL,NULL,NULL,1),(56,2017,NULL,NULL,15,'EGOV','REGCIVIL','EX',NULL,2549,440,NULL,NULL,NULL,NULL,NULL,NULL,NULL,NULL,NULL,0,NULL,3),(57,2017,NULL,NULL,23,'EGOV','REGCIVIL','EX',NULL,2549,440,NULL,NULL,NULL,NULL,NULL,NULL,NULL,NULL,NULL,0,NULL,3),(58,2017,NULL,NULL,28,'EGOV','REGCIVIL','EX',NULL,2549,440,NULL,NULL,NULL,NULL,NULL,NULL,NULL,NULL,NULL,0,NULL,3),(59,2017,NULL,NULL,33,'EGOV','REGCIVIL','EX',NULL,2549,440,NULL,NULL,NULL,NULL,NULL,NULL,NULL,NULL,NULL,0,NULL,3),(60,2017,NULL,NULL,42,'EGOV','REGCIVIL','EX',NULL,2549,440,NULL,NULL,NULL,NULL,NULL,NULL,NULL,NULL,NULL,0,NULL,3),(61,2017,NULL,NULL,51,'EGOV','REGCIVIL','EX',NULL,2549,440,NULL,NULL,NULL,NULL,NULL,NULL,NULL,NULL,NULL,0,NULL,3),(62,2017,NULL,NULL,7,'EGOV','REGCIVIL','EX',NULL,2549,440,NULL,NULL,NULL,NULL,NULL,NULL,NULL,NULL,NULL,0,NULL,3),(63,NULL,NULL,NULL,NULL,NULL,NULL,NULL,NULL,2549,440,NULL,NULL,NULL,NULL,NULL,NULL,NULL,NULL,NULL,NULL,NULL,1),(76,NULL,NULL,NULL,NULL,NULL,NULL,NULL,NULL,1,1,NULL,NULL,NULL,'2017-08-08 11:43:39',NULL,NULL,NULL,NULL,NULL,NULL,NULL,1),(77,NULL,NULL,NULL,NULL,NULL,NULL,NULL,NULL,1,1,NULL,NULL,NULL,'2017-08-08 11:59:55',NULL,NULL,NULL,NULL,NULL,NULL,NULL,1);

--
-- Dumping data for table `tad_expediente_def_consumidor`
--


--
-- Dumping data for table `tad_expediente_denunciado`
--


--
-- Dumping data for table `tad_expediente_documento`
--

INSERT INTO tad_expediente_documento (ID_EXPEDIENTE, ID_DOCUMENTO) VALUES (3,1),(4,3),(5,6),(6,10),(7,13),(8,16),(9,17),(10,18),(11,19),(12,24),(12,23),(13,27),(13,26),(14,30),(14,29),(15,35),(15,34),(16,38),(16,37),(17,41),(17,40),(18,44),(18,43),(19,48),(19,47),(20,51),(20,50),(21,54),(21,53),(22,58),(22,57),(23,62),(23,61),(24,62),(25,65),(25,64),(26,68),(26,67),(28,71),(28,70),(29,74),(29,73),(30,77),(31,80),(32,85),(32,84),(35,88),(35,87),(36,91),(36,90),(37,94),(37,93),(40,95),(40,97),(42,101),(42,100),(43,105),(43,104),(44,107),(45,108),(46,109),(47,110),(48,111),(49,114),(49,113),(52,117),(52,116),(53,120),(53,119),(54,124),(54,123),(55,125),(56,142),(56,143),(56,144),(56,145),(56,146),(56,147),(56,148),(56,149),(56,150),(56,151),(56,152),(56,153),(56,141),(57,156),(57,155),(58,159),(58,158),(59,162),(59,161),(60,165),(60,164),(61,176),(61,177),(61,178),(61,179),(61,180),(61,181),(61,182),(61,175),(62,185),(62,184),(76,204),(77,211);

--
-- Dumping data for table `tad_expediente_fam_fc`
--


--
-- Dumping data for table `tad_expediente_fam_nomb`
--


--
-- Dumping data for table `tad_expediente_fam_solicitud`
--
-- ORDER BY:  ID_EXPEDIENTE

INSERT INTO tad_expediente_fam_solicitud (DETALLE_SOLICITUD, ID_EXPEDIENTE, VERSION) VALUES ('DUMMY DETALLE SOLICITUD. ',1,NULL),('DUMMY DETALLE SOLICITUD. ',2,NULL),('DUMMY DETALLE SOLICITUD. ',3,NULL),('DUMMY DETALLE SOLICITUD. ',4,NULL),('DUMMY DETALLE SOLICITUD. ',5,NULL),('DUMMY DETALLE SOLICITUD. ',6,NULL),('DUMMY DETALLE SOLICITUD. ',7,NULL),('DUMMY DETALLE SOLICITUD. ',8,NULL),('DUMMY DETALLE SOLICITUD. ',9,NULL),('DUMMY DETALLE SOLICITUD. ',10,NULL),('DUMMY DETALLE SOLICITUD. ',11,NULL),('DUMMY DETALLE SOLICITUD. ',12,NULL),('DUMMY DETALLE SOLICITUD. ',13,NULL),('DUMMY DETALLE SOLICITUD. ',14,NULL),('DUMMY DETALLE SOLICITUD. CAMBIAR EN Step1Mb',15,NULL),('DUMMY DETALLE SOLICITUD. CAMBIAR EN Step1Mb',16,NULL),('DUMMY DETALLE SOLICITUD. CAMBIAR EN Step1Mb',17,NULL),('DUMMY DETALLE SOLICITUD. CAMBIAR EN Step1Mb',18,NULL),('DUMMY DETALLE SOLICITUD. CAMBIAR EN Step1Mb',19,NULL),('DUMMY DETALLE SOLICITUD. CAMBIAR EN Step1Mb',20,NULL),('DUMMY DETALLE SOLICITUD. CAMBIAR EN Step1Mb',21,NULL),('DUMMY DETALLE SOLICITUD. CAMBIAR EN Step1Mb',22,NULL),('DUMMY DETALLE SOLICITUD. CAMBIAR EN Step1Mb',23,NULL),('DUMMY DETALLE SOLICITUD. CAMBIAR EN Step1Mb',24,NULL),('DUMMY DETALLE SOLICITUD. CAMBIAR EN Step1Mb',25,NULL),('DUMMY DETALLE SOLICITUD. CAMBIAR EN Step1Mb',26,NULL),('DUMMY DETALLE SOLICITUD. CAMBIAR EN Step1Mb',27,NULL),('DUMMY DETALLE SOLICITUD. CAMBIAR EN Step1Mb',28,NULL),('DUMMY DETALLE SOLICITUD. CAMBIAR EN Step1Mb',29,NULL),('DUMMY DETALLE SOLICITUD. CAMBIAR EN Step1Mb',30,NULL),('DUMMY DETALLE SOLICITUD. CAMBIAR EN Step1Mb',31,NULL),('DUMMY DETALLE SOLICITUD. CAMBIAR EN Step1Mb',32,NULL),('DUMMY DETALLE SOLICITUD. CAMBIAR EN Step1Mb',33,NULL),('DUMMY DETALLE SOLICITUD. CAMBIAR EN Step1Mb',34,NULL),('DUMMY DETALLE SOLICITUD. CAMBIAR EN Step1Mb',35,NULL),('DUMMY DETALLE SOLICITUD. CAMBIAR EN Step1Mb',36,NULL),('DUMMY DETALLE SOLICITUD. CAMBIAR EN Step1Mb',37,NULL),('DUMMY DETALLE SOLICITUD. CAMBIAR EN Step1Mb',38,NULL),('DUMMY DETALLE SOLICITUD. CAMBIAR EN Step1Mb',39,NULL),('DUMMY DETALLE SOLICITUD. CAMBIAR EN Step1Mdftrertb',40,NULL),('DUMMY DETALLE SOLICITUD. CAMBIAR EN Step1Mb',41,NULL),('DUMMY DETALLE SOLICITUD. CAMBIAR EN Step1Mb',42,NULL),('DUMMY DETALLE SOLICITUD. CAMBIAR EN Step1Mb',43,NULL),('DUMMY DETALLE SOLICITUD. CAMBIAR EN Step1Mb',44,NULL),('DUMMY DETALLE SOLICITUD. CAMBIAR EN Step1Mb',45,NULL),('DUMMY DETALLE SOLICITUD. CAMBIAR EN Step1Mb',46,NULL),('DUMMY DETALLE SOLICITUD. CAMBIAR EN Step1Mb',47,NULL),('DUMMY DETALLE SOLICITUD. CAMBIAR EN Step1Mb',48,NULL),('DUMMY DETALLE SOLICITUD. CAMBIAR EN Step1Mb',49,NULL),('DUMMY DETALLE SOLICITUD. CAMBIAR EN Step1Mb',50,NULL),('DUMMY DETALLE SOLICITUD. CAMBIAR EN Step1Mb',51,NULL),('DUMMY DETALLE SOLICITUD. CAMBIAR EN Step1Mb',52,NULL),('DUMMY DETALLE SOLICITUD. CAMBIAR EN Step1Mb',53,NULL),('DUMMY DETALLE SOLICITUD. CAMBIAR EN Step1Mb',54,NULL),('DUMMY DETALLE SOLICITUD. CAMBIAR EN Step1Mb',55,NULL),('DUMMY DETALLE SOLICITUD. CAMBIAR EN Step1Mb',56,NULL),('DUMMY DETALLE SOLICITUD. CAMBIAR EN Step1Mb',57,NULL),('DUMMY DETALLE SOLICITUD. CAMBIAR EN Step1Mb',58,NULL),('DUMMY DETALLE SOLICITUD. CAMBIAR EN Step1Mb',59,NULL),('DUMMY DETALLE SOLICITUD. CAMBIAR EN Step1Mb',60,NULL),('DUMMY DETALLE SOLICITUD. CAMBIAR EN Step1Mb',61,NULL),('DUMMY DETALLE SOLICITUD. CAMBIAR EN Step1Mb',62,NULL),('DUMMY DETALLE SOLICITUD. CAMBIAR EN Step1Mb',63,NULL),('DUMMY DETALLE SOLICITUD. CAMBIAR EN Step1Mb',76,NULL),('DUMMY DETALLE SOLICITUD. CAMBIAR EN Step1Mb',77,NULL);

--
-- Dumping data for table `tad_expediente_fam_super_trata`
--


--
-- Dumping data for table `tad_expediente_reintento`
--
-- ORDER BY:  ID

INSERT INTO tad_expediente_reintento (ID, ID_EXPEDIENTE_BASE, CV_SADE, CV_ID_TRANSACCION, DATOS_PASO_1, FECHA_ERROR, FECHA_REININTENTO, ESTADO, PASO, INTENTO, ERROR) VALUES (1,2,NULL,NULL,NULL,'2017-08-08 11:36:22',NULL,'Sin Procesar',5,0,'org.springframework.transaction.UnexpectedRollbackException: Transaction rolled back because it has been marked as rollback-only'),(2,8,NULL,NULL,NULL,'2017-08-08 11:36:23',NULL,'Sin Procesar',5,0,'org.springframework.transaction.UnexpectedRollbackException: Transaction rolled back because it has been marked as rollback-only'),(3,15,NULL,NULL,NULL,'2017-08-08 11:36:23',NULL,'Sin Procesar',5,0,'org.springframework.transaction.UnexpectedRollbackException: Transaction rolled back because it has been marked as rollback-only'),(4,16,NULL,NULL,NULL,'2017-08-08 11:36:24',NULL,'Sin Procesar',5,0,'org.springframework.transaction.UnexpectedRollbackException: Transaction rolled back because it has been marked as rollback-only'),(5,17,NULL,NULL,NULL,'2017-08-08 11:36:24',NULL,'Sin Procesar',5,0,'org.springframework.transaction.UnexpectedRollbackException: Transaction rolled back because it has been marked as rollback-only'),(6,18,NULL,NULL,NULL,'2017-08-08 11:36:25',NULL,'Sin Procesar',5,0,'org.springframework.remoting.RemoteAccessException: Could not access HTTP invoker remote service at [http://desa.egoveris.com:9010/te-web/remoting/generar-pase]; nested exception is java.net.SocketException: Connection reset');

--
-- Dumping data for table `tad_expediente_rpa_adm`
--


--
-- Dumping data for table `tad_expediente_rpa_consorcio`
--


--
-- Dumping data for table `tad_formulario_controlado`
--


--
-- Dumping data for table `tad_grupo`
--

INSERT INTO tad_grupo (ID, NOMBRE, DESCRIPCION, VERSION) VALUES (17,'Registro Civil',NULL,0),(3,'Registros',NULL,0),(22,'Otros Trámites',NULL,0);

--
-- Dumping data for table `tad_matricula`
--


--
-- Dumping data for table `tad_metadato`
--


--
-- Dumping data for table `tad_metadatos_reintento`
--


--
-- Dumping data for table `tad_notificacion`
--
-- ORDER BY:  ID

INSERT INTO tad_notificacion (ID, ID_EXPEDIENTE_BASE, CODSADE, MOTIVO, FECHA_NOTIFICACION, USUARIO_CREACION, NOTIFICADO, BAJA_LOGICA, VERSION, ID_PERSONA) VALUES (1,13,'NO-2017-00000014-   -REGCIVIL','Se envia notificacion a VUC','2017-08-08 11:33:59','JQUINTAU',1,NULL,1,2549),(2,21,'NO-2017-00000075-   -REGCIVIL','Se notifica a VUC','2017-08-08 11:33:59','JQUINTAU',1,NULL,1,2549),(3,29,'NO-2017-00000111-   -REGCIVIL','rtgrytr','2017-08-08 11:33:59','JQUINTAU',1,NULL,1,2549),(4,29,'NO-2017-00000116-   -REGCIVIL','Lorem ipsum dolor sit amet, consectetur adipiscing elit. Aliquam tempor orci et tellus rhoncus lacinia nec sit amet purus. Phasellus imperdiet imperdiet lorem, ac pellentesque ex. Cras vel fringilla elit. Integer neque augue, sollicitudin sed maximus sed, eleifend quis purus. Etiam posuere arcu et tempus posuere. In ac feugiat massa. Integer porta eros quis urna suscipit, in consequat nisi vehicula. In tincidunt tristique malesuada. Vivamus rutrum, purus at maximus tristique, metus ante tincidun','2017-08-08 11:33:59','JQUINTAU',1,NULL,1,2549),(5,42,'NO-2017-00000183-   -REGCIVIL','Notificación al ciudadano.','2017-08-08 11:34:00','JQUINTAU',1,NULL,1,2549),(6,42,' 0-2017-00000186-   -REGCIVIL','Cancelación de solicitud de subsanación del Expediente EX-2017-00000180-   -EGOV-REGCIVIL','2017-08-08 11:34:00','JQUINTAU',1,NULL,1,2549),(7,43,'NO-2017-00000194-   -REGCIVIL','motivo opcional','2017-08-08 11:34:00','JQUINTAU',1,NULL,1,2549),(8,43,'NO-2017-00000195-   -REGCIVIL','motivo opcional','2017-08-08 11:34:00','JQUINTAU',1,NULL,1,2549);

--
-- Dumping data for table `tad_paso`
--

INSERT INTO tad_paso (ID, DESCRIPCION_PASO, VERSION) VALUES (1,'FORMULARIO',0),(2,'DOCUMENTOS',0);

--
-- Dumping data for table `tad_persona`
--
-- ORDER BY:  ID

INSERT INTO tad_persona (ID, DOCUMENTO_IDENTIDAD, EMAIL, RAZON_SOCIAL, TELEFONO_CONTACTO, TIPO_DOCUMENTO_IDENTIDAD, CUIT, APELLIDO1, NOMBRE1, ID_DOMICILIO_CONSTITUIDO, ID_DOMICILIO_REAL, ID_TERMINOS, VERSION, SEXO, NOMBRE2, NOMBRE3, APELLIDO2, APELLIDO3, TIPO_DOCUMENTO, NUMERO_DOCUMENTO, estado, password) VALUES (1,'20111111112','demo@everis.com',NULL,NULL,'RUT','20111111112','Gonzalez','Pedro',NULL,NULL,8,NULL,'MASCULINO',NULL,NULL,NULL,NULL,NULL,NULL,'ACTIVO','123');

--
-- Dumping data for table `tad_persona_aud`
--


--
-- Dumping data for table `tad_pre_validacion_tramite`
--


--
-- Dumping data for table `tad_reserva_dominio`
--


--
-- Dumping data for table `tad_sexo`
--
-- ORDER BY:  ID

INSERT INTO tad_sexo (ID, SEXO, VERSION) VALUES (1,'MASCULINO',1),(2,'FEMENINO',1),(3,'NO DECLARA',1);

--
-- Dumping data for table `tad_super_trata`
--


--
-- Dumping data for table `tad_t_tramite_t_documento`
--
-- ORDER BY:  ID

INSERT INTO tad_t_tramite_t_documento (ID, ID_TIPO_TRAMITE, ID_TIPO_DOCUMENTO, OBLIGATORIO, VERSION, FECHA_CREACION, FECHA_MODIFICACION, CANTIDAD, ORDEN) VALUES (10,1,2,1,NULL,NULL,NULL,1,1),(11,1,4,0,NULL,NULL,NULL,1,2);

--
-- Dumping data for table `tad_tarea`
--
-- ORDER BY:  ID

INSERT INTO tad_tarea (ID, FECHA, ID_EXPEDIENTE, MOTIVO, ENVIADO_POR, BAJA_LOGICA, VERSION, ID_INTERVINIENTE, TIPO, CUIT_DESTINO, ID_ESTADO, NOTIFICADO) VALUES (1,'2017-08-08 11:34:00',14,'documento no valido,','REGCIVIL-EGOV',0,NULL,NULL,'D',NULL,0,0),(2,'2017-08-08 11:34:00',18,'El documento es erroneo','REGCIVIL-EGOV',0,NULL,NULL,'D',NULL,0,0),(3,'2017-08-08 11:34:00',19,'Documento DNi con errores','REGCIVIL-EGOV',0,NULL,NULL,'D',NULL,0,0),(4,'2017-08-08 11:34:01',21,'Error en el documento agregado por usuario','REGCIVIL-EGOV',0,NULL,NULL,'D',NULL,0,0),(5,'2017-08-08 11:34:01',22,'Error en archivo, por favor solucionar','REGCIVIL-EGOV',0,NULL,NULL,'D',NULL,0,0),(6,'2017-08-08 11:34:01',25,'Subsanación; test; QA','REGCIVIL-EGOV',0,NULL,NULL,'D',NULL,0,0),(7,'2017-08-08 11:34:01',29,'Lorem ipsum dolor sit amet, consectetur adipiscing elit. Aliquam tempor orci et tellus rhoncus lacinia nec sit amet purus. Phasellus imperdiet imperdiet lorem, ac pellentesque ex. Cras vel fringilla elit. Integer neque augue, sollicitudin sed maximus','REGCIVIL-EGOV',0,NULL,NULL,'D',NULL,0,0),(8,'2017-08-08 11:34:01',37,'Error en archivo','REGCIVIL-EGOV',0,NULL,NULL,'Subsanación',NULL,2,1),(9,'2017-08-08 11:34:01',40,'pppppp','REGCIVIL-EGOV',0,NULL,NULL,'Subsanación',NULL,2,1),(10,'2017-08-08 11:34:01',42,'Motivo test','REGCIVIL-EGOV',0,NULL,NULL,'Subsanación',NULL,2,1),(11,'2017-08-08 11:34:01',42,'sdfsdff','REGCIVIL-EGOV',0,NULL,NULL,'Subsanación',NULL,2,1),(12,'2017-08-08 11:34:01',43,'Es un hecho establecido hace demasiado tiempo que un lector se distraerá con el contenido del texto de un sitio mientras que mira su diseño. El punto de usar Lorem Ipsum es que tiene una distribución más o menos normal de las letras, al contrario de ','REGCIVIL-EGOV',0,NULL,NULL,'Subsanación',NULL,2,1),(13,'2017-08-08 11:34:01',53,'rut malo','REGCIVIL-EGOV',0,NULL,NULL,'Subsanación',NULL,2,1),(14,'2017-08-08 11:34:01',60,'sfdsfsf','REGCIVIL-EGOV',0,NULL,NULL,'Subsanación',NULL,2,1);

--
-- Dumping data for table `tad_tarea_paso`
--


--
-- Dumping data for table `tad_tarea_tipo_documento`
--

INSERT INTO tad_tarea_tipo_documento (ID_TAREA, ID_TIPO_DOCUMENTO) VALUES (7,2),(1,2),(2,2),(3,2),(4,2),(5,2),(6,2),(7,2),(8,1),(8,2),(9,1),(9,2),(9,2),(11,2),(10,2),(12,2),(13,2),(14,2);

--
-- Dumping data for table `tad_terminos_condiciones`
--

INSERT INTO tad_terminos_condiciones (ID, ID_TIPO_DOCUMENTO, ESTADO, FECHA, CODIGO_CONTENIDO, VERSION) VALUES (8,1,1,NULL,NULL,NULL);

--
-- Dumping data for table `tad_tipado_documento`
--

INSERT INTO tad_tipado_documento (ID, TIPADO) VALUES (4,'LIBRE'),(5,'IMPORTADO'),(6,'TEMPLATE'),(7,'IMPORTADO-TEMPLATE'),(8,'LIBRE-EMBEBIDO');

--
-- Dumping data for table `tad_tipo_doc_form_ctrol`
--


--
-- Dumping data for table `tad_tipo_documento`
--
-- ORDER BY:  ID

INSERT INTO tad_tipo_documento (ID, ACRONIMO_GEDO, ACRONIMO_TAD, NOMBRE, USUARIO_INICIADOR, DESCRIPCION, VERSION, NOMBRE_FORMULARIO_CONTROLADO, ID_TIPADO_DOCUMENTO, FECHA_CREACION, FECHA_MODIFICACION, ESTADO, DETALLE_FC, INCLUIDO_EN_SUPERTRATA, FIRMA_CON_TOKEN) VALUES (1,'DACIU','DACIU','Datos Ciudadanos',NULL,'Datos Ciudadanos',NULL,'Datos personales',6,NULL,NULL,1,'Datos personales',1,NULL),(2,'RUT','RUT','Rut',NULL,'Rut escaneado',NULL,'Rut escaneado',5,NULL,NULL,1,'Rut escaneado',1,NULL),(3,'NOTA','NOTA','Nota',NULL,'Nota de texto libre',NULL,'Nota',4,NULL,NULL,1,'Nota',1,NULL),(4,'SBVUC','SBVUC','Documento ejemplo',NULL,'Documento para subir en VUC',NULL,'Documento ejemplo',5,NULL,NULL,1,'Documento ejemplo',1,NULL);

--
-- Dumping data for table `tad_tipo_documento_identidad`
--
-- ORDER BY:  ID

INSERT INTO tad_tipo_documento_identidad (ID, CODIGO, DESCRIPCION, VERSION) VALUES (8,'RUT','RUT - Registro único tributario',1),(9,'DNI','Documento Nacional de Identidad',1),(11,'OT','Otros',1),(12,'PA','Pasaporte',1);

--
-- Dumping data for table `tad_tipo_tramite`
--
-- ORDER BY:  ID

INSERT INTO tad_tipo_tramite (ID, REPARTICION_INICIADORA, TRATA, USUARIO_INICIADOR, NOMBRE, NOMBRE_FORMULARIO, PATH_INICIAL, REQUISITOS_COD_CONTENIDO, ESTADO, ID_TIPO_DOC_FORMULARIO, VERSION, SECTOR_INICIADOR, ID_GRUPO, MOTIVO, MENSAJE_EXITO, APODERABLE, ANEXO1, ANEXO3, FECHA_CREACION, FECHA_MODIFICACION, TURNO, PAGO, ID_TRAMITE_TURNO, ARCHIVO_TRABAJO, INTERVINIENTE, PREVALIDACION, SUPER_TRATA, DIAS_GUARDADO) VALUES (1,'REGCIVIL','cod-ejrs','ADMINEGOV','Trámite de prueba','tramite.famSolicitud.formulario','famSolicitud','requisitos.cod-ejrs','ALTA',3,NULL,'SOLICITUDES',17,'cod-ejrs','Su solicitud ha sido enviada con éxito.',NULL,'Información Paso 1','Información Paso 3',NULL,NULL,0,0,0,0,0,0,0,NULL);

--
-- Dumping data for table `tad_zona_cuit`
--


--
-- Dumping data for table `tad_zona_dominio`
--


--
-- Dumping data for table `vuc_expediente_formulario`
--
-- ORDER BY:  ID_DF_TRANSACTION


--
-- Dumping data for table `vuc_form_type`
--
-- ORDER BY:  ID_TYPE_FORM

INSERT INTO vuc_form_type (ID_TYPE_FORM, FFDD_ACRONYM, VUC_ACRONYM, FORM_NAME, DESCRIPTION, STATUS, DATE_CREATION, USER_CREATION, VERSION) VALUES (1,'Datos personales','Datos personales','Datos personales','Datos personales del solicitante',1,NULL,NULL,NULL);

--
-- Dumping data for table `vuc_t_tramite_t_form`
--
-- ORDER BY:  ID

INSERT INTO vuc_t_tramite_t_form (ID, ID_TYPE_TRAMITE, ID_TYPE_FORM, MANDATORY, DATE_CREATION, DATE_MODIFY, QUANTITY, ORDER_ADD) VALUES (1,437,1,1,NULL,NULL,1,1);

/*!40101 SET SQL_MODE=@OLD_SQL_MODE */;
/*!40014 SET FOREIGN_KEY_CHECKS=@OLD_FOREIGN_KEY_CHECKS */;
/*!40014 SET UNIQUE_CHECKS=@OLD_UNIQUE_CHECKS */;
/*!40101 SET CHARACTER_SET_CLIENT=@OLD_CHARACTER_SET_CLIENT */;
/*!40101 SET CHARACTER_SET_RESULTS=@OLD_CHARACTER_SET_RESULTS */;
/*!40101 SET COLLATION_CONNECTION=@OLD_COLLATION_CONNECTION */;
/*!40111 SET SQL_NOTES=@OLD_SQL_NOTES */;

-- Dump completed on 2017-08-25 12:08:40
CREATE DATABASE  IF NOT EXISTS `dm_deo_trade` /*!40100 DEFAULT CHARACTER SET utf8 */;
USE `dm_deo_trade`;
-- MySQL dump 10.13  Distrib 5.7.17, for Win64 (x86_64)
--
-- Host: 7.212.8.103    Database: dm_deo_trade
-- ------------------------------------------------------
-- Server version	5.7.17-ndb-7.5.5-cluster-gpl

/*!40101 SET @OLD_CHARACTER_SET_CLIENT=@@CHARACTER_SET_CLIENT */;
/*!40101 SET @OLD_CHARACTER_SET_RESULTS=@@CHARACTER_SET_RESULTS */;
/*!40101 SET @OLD_COLLATION_CONNECTION=@@COLLATION_CONNECTION */;
/*!40101 SET NAMES utf8 */;
/*!40014 SET @OLD_UNIQUE_CHECKS=@@UNIQUE_CHECKS, UNIQUE_CHECKS=0 */;
/*!40014 SET @OLD_FOREIGN_KEY_CHECKS=@@FOREIGN_KEY_CHECKS, FOREIGN_KEY_CHECKS=0 */;
/*!40101 SET @OLD_SQL_MODE=@@SQL_MODE, SQL_MODE='NO_AUTO_VALUE_ON_ZERO' */;
/*!40111 SET @OLD_SQL_NOTES=@@SQL_NOTES, SQL_NOTES=0 */;

--
-- Dumping data for table `ccoo_aviso`
--
-- ORDER BY:  ID


--
-- Dumping data for table `ccoo_comunicacion`
--
-- ORDER BY:  ID


--
-- Dumping data for table `ccoo_comunicacion_destino`
--
-- ORDER BY:  ID


--
-- Dumping data for table `datos_variables_tipo_doc_aud`
--
-- ORDER BY:  ID


--
-- Dumping data for table `datos_variables_tipo_documento`
--
-- ORDER BY:  ID


--
-- Dumping data for table `df_attribute`
--
-- ORDER BY:  id


--
-- Dumping data for table `df_clob_text`
--
-- ORDER BY:  id

INSERT INTO df_clob_text (id, ID_FORM_COMPONENT, TEXTO, ID_FORM) VALUES (2,216608,'Lorem ipsum dolor sit amet, consectetur adipiscing elit. Morbi rhoncus elementum porta. Aenean id commodo sapien, eu lobortis turpis. Aenean gravida lectus risus, in mollis augue sagittis luctus. Nulla facilisi. Nullam nec pellentesque mi. Pellentesque congue vulputate est quis cursus. Aliquam imperdiet sollicitudin sagittis. Cras hendrerit nulla purus, in finibus turpis blandit et. Pellentesque ultrices dui lorem, eget pellentesque ipsum elementum ut. Sed eleifend rhoncus tristique. Mauris suscipit nunc sed nisl hendrerit, in commodo velit malesuada.\n\nDuis imperdiet mauris non purus ullamcorper tristique. Ut pharetra orci sit amet nisl luctus, vel fermentum tellus vestibulum. Etiam eget auctor massa, nec dignissim ex. Suspendisse accumsan ipsum diam, ut gravida arcu tincidunt nec. Nulla feugiat, odio ac fringilla tincidunt, libero dolor facilisis dolor, id blandit ex turpis id dolor. Curabitur nec ornare libero. Etiam auctor nec diam sed convallis. Donec imperdiet pellentesque metus, et dignissim enim lacinia nec. Donec non leo aliquet, blandit arcu eu, bibendum purus. Pellentesque ullamcorper diam fringilla, elementum lectus vitae, ullamcorper tortor. Praesent ac ex vel justo consectetur aliquet vel et ex. Aliquam a vulputate mi, sit amet placerat arcu. Nam feugiat mi at elit iaculis, vitae venenatis dolor mattis. Morbi posuere mauris id vehicula sagittis. Praesent nulla ligula, luctus sed dapibus eu, imperdiet semper risus.\n\nProin tristique blandit lacus, vitae placerat neque ultricies id. Nunc ultricies condimentum ornare. Morbi imperdiet justo vel arcu euismod, quis commodo risus pulvinar. Sed vulputate, quam id fringilla facilisis, urna urna dictum enim, eu dapibus nibh tortor vel sem. Maecenas non bibendum enim, non suscipit justo. Nam rutrum, nibh vel dignissim tempor, massa lectus iaculis ex, sed ornare enim ligula id est. Fusce ut urna leo. Suspendisse tincidunt, est ac congue suscipit, turpis ligula laoreet ipsum, et accumsan ante turpis nec magna. Nullam lobortis fringilla quam vel tempus. Class aptent taciti sociosqu ad litora torquent per conubia nostra, per inceptos himenaeos. In fermentum diam nec ex vulputate, non varius nunc tincidunt. Morbi varius dapibus eros, non maximus sapien aliquam eu. Nam ultricies porta arcu, a ornare ipsum. Sed pellentesque dapibus leo. Nullam molestie massa magna, eu ornare massa sagittis ut. Vivamus sed rutrum augue.\n\nSuspendisse placerat condimentum semper. Ut id lorem sit amet magna tincidunt tristique sed sit amet risus. Donec pulvinar tincidunt quam, ut eleifend ante semper eget. Nullam aliquet maximus ligula sed malesuada. Cras sagittis erat eu consequat sagittis. Curabitur et turpis ut purus commodo varius sit amet in nibh. Donec rutrum leo id dolor porttitor, at pulvinar enim mattis. Nam euismod est in sem fermentum aliquet. Sed consequat orci nec sem commodo, sit amet consectetur diam auctor. In consequat urna leo, ac efficitur nunc molestie id.\n\nMorbi vulputate nulla sit amet neque tempor, eget consequat turpis convallis. Vestibulum ante ipsum primis in faucibus orci luctus et ultrices posuere cubilia Curae; Quisque blandit quam ut dui elementum elementum. Pellentesque molestie dolor ac pretium suscipit. Ut ultrices odio augue, at egestas ipsum consequat nec. Praesent at diam efficitur, consectetur urna facilisis, facilisis lacus. Vestibulum sapien tortor, porttitor non sagittis vitae, rhoncus aliquam elit. Phasellus vitae turpis augue. Donec pellentesque faucibus scelerisque. Nullam eleifend efficitur faucibus. In vitae tortor eget ligula eleifend rutrum id eget turpis. Curabitur est quam, efficitur pretium sem at, auctor dapibus lacus. In a nunc a odio sollicitudin fringilla.',202765);

--
-- Dumping data for table `df_component`
--
-- ORDER BY:  id

INSERT INTO df_component (id, NAME, DESCRIPTION, ID_COMPONENT_TYPE, CREATION_DATE, CREATOR_USER, MODIFICATION_DATE, MODIFYING_USER, MASCARA, MENSAJE, ABM_COMPONENT, TIPO_VISIBLE, NOMBREXML) VALUES (1,'TextBox - Solo Numeros','Textbox que solo permite numeros. Ideal para grandes cantidades de caracteres numericos.',1,NULL,NULL,NULL,NULL,NULL,NULL,'0',NULL,NULL),(2,'TextBox - Generico','Textbox con caracterizticas genericas.',1,NULL,NULL,NULL,NULL,NULL,NULL,'0',NULL,NULL),(3,'DateBox - Generico','Datebox con caracterizticas genericas.',2,NULL,NULL,NULL,NULL,NULL,NULL,'0',NULL,NULL),(4,'LongBox - Generico','Longbox con caracterizticas genericas.',3,NULL,NULL,NULL,NULL,NULL,NULL,'0',NULL,NULL),(5,'DoubleBox - Generico','Doublebox con caracterizticas genericas.',6,NULL,NULL,NULL,NULL,NULL,NULL,'0',NULL,NULL),(6,'IntBox - Generico','Intbox con caracteristicas genericas.',7,NULL,NULL,NULL,NULL,NULL,NULL,'0',NULL,NULL),(7,'CheckBox - Generico','Checkbox con caracteristicas genericas.',8,NULL,NULL,NULL,NULL,NULL,NULL,'0',NULL,NULL),(8,'ComplexBandBox - Organismos','Bandbox de organimos. Debe definirse un Bean denominado \"reparticionDynformService\" el cual alimentara este componente.',5,NULL,NULL,NULL,NULL,NULL,NULL,'0',NULL,NULL),(9,'Separator - Generico','Separator con caracterizticas genericas.',9,NULL,NULL,NULL,NULL,NULL,NULL,'0',NULL,NULL),(10,'Usigbox - Domicilio - Obligatorio','Usigbox - Componente de Domicilio con todos sus campos obligatorios',10,NULL,NULL,NULL,NULL,NULL,NULL,'0',NULL,NULL),(11,'TextBox - Dominio Moto','Textbox que posee una mascara que valida que los 3 primeros caracteres sean numeros y los ultimos 3 caracteres sean letras.',1,NULL,NULL,NULL,NULL,NULL,NULL,'0',NULL,NULL),(12,'TextBox - 3 Lineas - 250 Carac','TextBox de 3 lineas para 250 caracteres. Ideal para camps tipo \"Observaciones\".',1,NULL,NULL,NULL,NULL,NULL,NULL,'0',NULL,NULL),(13,'LongBox - Año','Longbox que posee validacion de año desde 1900 a 2999',3,NULL,NULL,NULL,NULL,NULL,NULL,'0',NULL,NULL),(14,'Usigbox - Domicilio-Corto','Usigbox que solo posee calle y altura.',10,NULL,NULL,NULL,NULL,NULL,NULL,'0',NULL,NULL),(15,'Sexo','Combo para opciones de sexo.',4,NULL,NULL,NULL,NULL,NULL,NULL,'0',NULL,NULL),(16,'TextBox - Multilinea','TextBox que permite el ingreso de textos amplios',1,NULL,NULL,NULL,NULL,NULL,NULL,'0',NULL,NULL),(17,'Separator - Repetidor','Repite todos los componentes bajo el hasta el siguiente Separador',9,NULL,NULL,NULL,NULL,NULL,NULL,'0',NULL,NULL),(30,'Estado','Estado civil',5,NULL,NULL,NULL,NULL,NULL,NULL,'0',NULL,NULL),(31,'mascara','masr',1,NULL,NULL,NULL,NULL,'****-****','mascara invalida','1',NULL,NULL);

--
-- Dumping data for table `df_component_multivalue`
--
-- ORDER BY:  id

INSERT INTO df_component_multivalue (id, ID_COMPONENT, VALUE, DESCRIPTION, VALUE_ORDER, TYPE, TYPE_ORDER) VALUES (1,15,'Hombre','Hombre',1,NULL,NULL),(2,15,'Mujer','Mujer',2,NULL,NULL),(3,15,'No declara','No declara',3,NULL,NULL),(49,30,'Soltero(a)','Soltero(a)',1,NULL,NULL),(50,30,'Casado(a)','Casado(a)',2,NULL,NULL),(51,30,'Viudo(a)','Viudo(a)',3,NULL,NULL),(52,30,'Separado(a)','Separado(a)',4,NULL,NULL);

--
-- Dumping data for table `df_component_type`
--
-- ORDER BY:  id

INSERT INTO df_component_type (id, NAME, DESCRIPTION, FACTORY) VALUES (1,'TEXTBOX',NULL,'textBoxFactory'),(2,'DATEBOX',NULL,'dateFactory'),(3,'LONGBOX',NULL,'longBoxFactory'),(4,'COMBOBOX',NULL,'comboBoxFactory'),(5,'COMPLEXBANDBOX','No olvidar poner el atributo serviceDataBean','textBoxFactory'),(6,'DOUBLEBOX',NULL,'doubleFactory'),(7,'INTBOX',NULL,'doubleFactory'),(8,'CHECKBOX','Check - True o false','checkBoxFactory'),(9,'SEPARATOR','Separator - llena una fila una etiqueta y sin componente de entrada. No guarda valores','NULL'),(10,'USIGBOX','Componente complejo de domicilio','textBoxFactory'),(20,'FILEUPLOAD','FILEUPLOAD components','complexComponentFactory'),(21,'ADDRESS','Address Complex Components','complexComponentFactory');

--
-- Dumping data for table `df_dynamic_component`
--
-- ORDER BY:  ID


--
-- Dumping data for table `df_dynamic_constraint`
--
-- ORDER BY:  id


--
-- Dumping data for table `df_dynamic_form`
--
-- ORDER BY:  id

INSERT INTO df_dynamic_form (ID_FORM, JSON, id, TYPE, FECHA_ALTA) VALUES (202738,0x7B226E6F6D627265436F6D706F6E656E7465223A226363222C226D656E73616A65223A223F3F3F3F3F4552524F5221212121212121222C22636F6E646963696F6E6573223A5B7B226E6F6D627265436F6D706F6E656E7465223A226363222C22636F6E646963696F6E223A22564143494F222C22616E64223A66616C73652C226F72223A66616C73652C227072696D65726F223A747275657D5D7D,261,'constraintDTO','2017-08-02 10:21:04'),(202739,0x7B226E6F6D627265436F6D706F6E656E7465223A226363222C226D656E73616A65223A223F3F3F3F3F4552524F5221212121212121222C22636F6E646963696F6E6573223A5B7B226E6F6D627265436F6D706F6E656E7465223A226363222C22636F6E646963696F6E223A22564143494F222C22616E64223A66616C73652C226F72223A66616C73652C227072696D65726F223A747275657D5D7D,262,'constraintDTO','2017-08-02 10:21:07'),(202740,0x7B226E6F6D627265436F6D706F6E656E7465223A226363222C226D656E73616A65223A223F3F3F3F3F4552524F5221212121212121222C22636F6E646963696F6E6573223A5B7B226E6F6D627265436F6D706F6E656E7465223A226363222C22636F6E646963696F6E223A22564143494F222C22616E64223A66616C73652C226F72223A66616C73652C227072696D65726F223A747275657D5D7D,263,'constraintDTO','2017-08-02 10:23:25'),(202741,0x7B226E6F6D627265436F6D706F6E656E7465223A226363222C226D656E73616A65223A223F3F3F3F3F4552524F5221212121212121222C22636F6E646963696F6E6573223A5B7B226E6F6D627265436F6D706F6E656E7465223A226363222C22636F6E646963696F6E223A22564143494F222C22616E64223A66616C73652C226F72223A66616C73652C227072696D65726F223A747275657D5D7D,264,'constraintDTO','2017-08-02 10:27:28');

--
-- Dumping data for table `df_form`
--
-- ORDER BY:  id

INSERT INTO df_form (id, NAME, DESCRIPTION, CREATION_DATE, CREATOR_USER, MODIFICATION_DATE, MODIFYING_USER) VALUES (202735,'Op1_form','Lorem ipsum dolor sit amet, consectetur adipiscing elit. Morbi rhoncus elementum porta. Aenean id commodo sapien, eu lobortis turpis. Aenean gravida lectus risus, in mollis augue sagittis luctus. Nulla facilisi. Nullam nec pellentesque mi. Pellentesque co','2017-08-01 08:17:55','ADMINEGOV','2017-08-01 08:17:55','ADMINEGOV'),(202741,'OP2_form','Lorem ipsum dolor sit amet, consectetur adipiscing elit. Morbi rhoncus elementum porta. Aenean id commodo sapien, eu lobortis turpis. Aenean gravida lectus risus, in mollis augue sagittis luctus. Nulla facilisi. Nullam nec pellentesque mi. Pellentesque co','2017-08-02 10:27:28','ADMINEGOV','2017-08-02 10:27:28','ADMINEGOV'),(202743,'Prueba Guatemaka','Una demo normal','2017-08-02 14:32:36','ADMINEGOV','2017-08-02 14:32:36','ADMINEGOV'),(202765,'OP3_form','Descripción','2017-08-03 13:55:23','ADMINEGOV','2017-08-03 13:55:23','ADMINEGOV'),(202767,'OP4_form','Descrcipción form','2017-08-07 16:42:04','ADMINEGOV','2017-08-07 16:42:04','ADMINEGOV'),(202768,'clon','idem','2017-08-07 16:43:37','ADMINEGOV','2017-08-07 16:43:37','ADMINEGOV');

--
-- Dumping data for table `df_form_comp_value`
--
-- ORDER BY:  id

INSERT INTO df_form_comp_value (id, ID_TRANSACTION, ID_FORM_COMPONENT, VALUE_STR, VALUE_INT, VALUE_DATE, VALUE_DOUBLE, VALUE_BOOLEAN, INPUT_NAME, VALUE_ARCHIVO) VALUES (13867,908,216449,'wqewqeq',NULL,NULL,NULL,NULL,'name',NULL),(13870,909,216460,'Mundo',NULL,NULL,NULL,NULL,'cc1',NULL),(13871,909,216459,'Hola',NULL,NULL,NULL,NULL,'cc',NULL),(13874,911,216459,'asdf',NULL,NULL,NULL,NULL,'cc',NULL);

--
-- Dumping data for table `df_form_component`
--
-- ORDER BY:  id

INSERT INTO df_form_component (id, ID_FORM, ID_COMPONENT, COMP_ORDER, NAME, LABEL, OBLIGATORY, SEARCH_RELEVANCY, HIDDEN) VALUES (216449,202735,1,0,'name','Nombres',0,0,0),(216457,202740,8,0,'cc','cc',0,0,0),(216458,202740,30,1,'cc1','cc1',0,0,0),(216459,202741,8,0,'cc','cc',0,0,0),(216460,202741,30,1,'cc1','cc1',0,0,0),(216461,202742,2,0,'testo','Testo',0,0,0),(216462,202742,1,1,'nyn','Numerio',0,0,0),(216463,202742,7,2,'check','Es valido',0,0,0),(216464,202742,9,3,'Fechas','Fechas',0,0,0),(216465,202742,13,4,'anio','Año',0,0,0),(216466,202742,3,5,'fecha','Fecha',0,0,0),(216467,202743,2,0,'testo','Testo',0,0,0),(216468,202743,1,1,'nyn','Numerio',0,0,0),(216469,202743,7,2,'check','Es valido',0,0,0),(216470,202743,9,3,'Fechas','Fechas',0,0,0),(216471,202743,13,4,'anio','Año',0,0,0),(216472,202743,3,5,'fecha','Fecha',0,0,0),(216511,202751,2,0,'text1','Nombre',0,0,0),(216512,202751,2,1,'text2','Dirección',0,0,0),(216513,202751,2,2,'text3','Prueba',0,0,0),(216514,202751,9,3,'separator','Ajustes',0,0,0),(216515,202751,7,4,'check','¿Es confiable?',1,0,0),(216516,202751,15,5,'sexo','Sexo',0,0,0),(216517,202751,17,6,'repetidor','Repetidor ?',0,0,0),(216518,202751,7,7,'check2','Chek',1,0,0),(216528,202753,2,0,'text1','Nombre',0,0,0),(216529,202753,2,1,'text2','Dirección',0,0,0),(216530,202753,2,2,'text3','Prueba',0,0,0),(216531,202753,9,3,'separator','Ajustes',0,0,0),(216532,202753,7,4,'check','¿Es confiable?',1,0,0),(216533,202753,15,5,'sexo','Sexo',0,0,0),(216534,202753,17,6,'repetidor','Repetidor ?',0,0,0),(216535,202753,7,7,'check2','Chek',1,0,0),(216536,202753,1,8,'asdf','asf',0,0,0),(216554,202757,2,0,'q1','q',0,0,0),(216555,202757,1,1,'q2','q',0,0,0),(216556,202757,9,2,'q3','q',0,0,0),(216557,202757,10,3,'q4','q',0,0,0),(216558,202757,17,4,'q5','q',0,0,0),(216559,202757,15,5,'q6','q',0,0,0),(216560,202757,15,6,'q7','q',0,0,0),(216599,202765,1,0,'num','Números',0,0,0),(216600,202765,2,1,'text','Nombres',0,0,0),(216601,202765,9,2,'separador','Ajustes',0,0,0),(216602,202765,11,3,'dom','Dominio',0,0,0),(216603,202765,17,4,'repetidor','Ajustes 2  ',0,0,0),(216604,202765,15,5,'sexo','Sexo',0,0,0),(216605,202765,13,6,'anio','Año',0,0,0),(216606,202765,9,7,'separador2','Ajustes 3',0,0,0),(216607,202765,3,8,'fnac','Fecha Nacimiento',0,0,0),(216608,202765,16,9,'multitexto','multitexto',0,0,0),(216610,202767,4,0,'a','a',0,0,0),(216611,202768,4,0,'a','a',0,0,0);

--
-- Dumping data for table `df_group`
--
-- ORDER BY:  id


--
-- Dumping data for table `df_group_component`
--
-- ORDER BY:  id


--
-- Dumping data for table `df_transaction`
--
-- ORDER BY:  id

INSERT INTO df_transaction (id, CREATION_DATE, FORM_NAME, SYS_SOURCE) VALUES (908,'2017-08-01 10:56:36','Op1_form','EE'),(909,'2017-08-02 13:58:59','OP2_form','EE'),(911,'2017-08-02 14:46:50','OP2_form','EE');

--
-- Dumping data for table `documento_datos_variables`
--
-- ORDER BY:  ID


--
-- Dumping data for table `gedo_archivo_de_trabajo`
--
-- ORDER BY:  ID


--
-- Dumping data for table `gedo_archivo_embebido`
--
-- ORDER BY:  ID


--
-- Dumping data for table `gedo_aud_error_cambio_sigla`
--
-- ORDER BY:  ID


--
-- Dumping data for table `gedo_aud_tarea_cambio_sigla`
--
-- ORDER BY:  ID


--
-- Dumping data for table `gedo_aviso`
--
-- ORDER BY:  ID

INSERT INTO gedo_aviso (ID, USUARIORECEPTOR, USUARIOACCION, FECHAACCION, FECHAENVIO, REDIRIGIDOPOR, MOTIVO, MOTIVORECHAZO, DOCUMENTO, REFERENCIADOCUMENTO, NUMEROSADEPAPEL, NUMEROESPECIAL) VALUES (70,'ADMINEGOV','ADMINEGOV','2017-08-01 08:40:58','2017-08-01 08:40:58',NULL,NULL,NULL,1332,'OP1_referencia-doc','0-2017-00000010-   -REGCIVIL',NULL),(71,'ADMINEGOV','ADMINEGOV','2017-08-01 11:04:11','2017-08-01 11:04:11',NULL,NULL,NULL,1337,'ref libre','IF-2017-00000016-   -REGCIVIL',NULL),(72,'ADMINEGOV','ADMINEGOV','2017-08-02 11:17:02','2017-08-02 11:17:02',NULL,NULL,NULL,1338,'OP2_referencia','0-2017-00000017-   -REGCIVIL',NULL),(73,'ADMINEGOV','ADMINEGOV','2017-08-02 14:52:02','2017-08-02 14:52:02',NULL,NULL,NULL,1339,'Ejemplo','NO-2017-00000018-   -REGCIVIL',NULL);

--
-- Dumping data for table `gedo_comentarios`
--
-- ORDER BY:  ID


--
-- Dumping data for table `gedo_documento`
--
-- ORDER BY:  ID

INSERT INTO gedo_documento (ID, NUMERO, NUMEROESPECIAL, REPARTICION, ANIO, MOTIVO, USUARIOGENERADOR, FECHACREACION, WORKFLOWORIGEN, NUMERO_SADE_PAPEL, TIPO, SISTEMAORIGEN, SISTEMAINICIADOR, USUARIOINICIADOR, TIPORESERVA, VERSION, CCOO_ID_DOC, CCOO_FECHA_CREACION, APODERADO, REPARTICION_ACTUAL, FECHA_MODIFICACION, ID_GUARDA_DOCUMENTAL, PESO, MOTIVO_DEPURACION, FECHA_DEPURACION) VALUES (1328,'NO-2017-00000005-   -REGCIVIL',NULL,'REGCIVIL','2017','Nota','JQUINTAU','2017-07-31 10:17:47',NULL,NULL,6,'VUC','VUC','JQUINTAU',1,NULL,NULL,NULL,NULL,'REGCIVIL','2017-07-31 10:17:47',NULL,21172,NULL,NULL),(1329,'0-2017-00000006-   -REGCIVIL',NULL,'REGCIVIL','2017','Rut','JQUINTAU','2017-07-31 10:17:48',NULL,NULL,9,'VUC','VUC','JQUINTAU',1,NULL,NULL,NULL,NULL,'REGCIVIL','2017-07-31 10:17:48',NULL,199892,NULL,NULL),(1330,'PV-2017-00000008-   -REGCIVIL',NULL,'REGCIVIL','2017','Carátula del expediente EX-2017-00000007-   -EGOV-REGCIVIL','JQUINTAU','2017-07-31 10:17:49',NULL,NULL,5,'EE','EE','JQUINTAU',1,NULL,NULL,NULL,NULL,'REGCIVIL','2017-07-31 10:17:49',NULL,21116,NULL,NULL),(1331,'PV-2017-00000009-   -REGCIVIL',NULL,'REGCIVIL','2017','Pase electrónico de EX-2017-00000007-   -EGOV-REGCIVIL','JQUINTAU','2017-07-31 10:17:52',NULL,NULL,8,'EE','EE','JQUINTAU',1,NULL,NULL,NULL,NULL,'REGCIVIL','2017-07-31 10:17:52',NULL,20715,NULL,NULL),(1332,'0-2017-00000010-   -REGCIVIL',NULL,'REGCIVIL','2017','OP1_referencia-doc','ADMINEGOV','2017-08-01 08:40:58','procesoGEDO.40001',NULL,10,'GEDO','GEDO','ADMINEGOV',1,NULL,NULL,NULL,NULL,'REGCIVIL','2017-08-01 08:40:58',NULL,45037,NULL,NULL),(1333,'0-2017-00000011-   -REGCIVIL',NULL,'REGCIVIL','2017','Documento obligatorio (OP1) para operacion','ADMINEGOV','2017-08-01 10:18:34',NULL,NULL,11,'EE','EE','ADMINEGOV',1,NULL,NULL,NULL,NULL,'REGCIVIL','2017-08-01 10:18:34',NULL,10957295,NULL,NULL),(1334,'0-2017-00000012-   -REGCIVIL',NULL,'REGCIVIL','2017','Documento obligatorio (OP1) para operacion','ADMINEGOV','2017-08-01 10:38:36',NULL,NULL,11,'EE','EE','ADMINEGOV',1,NULL,NULL,NULL,NULL,'REGCIVIL','2017-08-01 10:38:36',NULL,10957296,NULL,NULL),(1335,'PV-2017-00000014-   -REGCIVIL',NULL,'REGCIVIL','2017','Carátula del expediente EX-2017-00000013-   -EGOV-REGCIVIL','ADMINEGOV','2017-08-01 10:46:03',NULL,NULL,5,'EE','EE','ADMINEGOV',1,NULL,NULL,NULL,NULL,'REGCIVIL','2017-08-01 10:46:03',NULL,20992,NULL,NULL),(1336,'PV-2017-00000015-   -REGCIVIL',NULL,'REGCIVIL','2017','Pase electrónico de EX-2017-00000013-   -EGOV-REGCIVIL','ADMINEGOV','2017-08-01 10:58:20',NULL,NULL,8,'EE','EE','ADMINEGOV',1,NULL,NULL,NULL,NULL,'REGCIVIL','2017-08-01 10:58:20',NULL,20735,NULL,NULL),(1337,'IF-2017-00000016-   -REGCIVIL',NULL,'REGCIVIL','2017','ref libre','ADMINEGOV','2017-08-01 11:04:11','procesoGEDO.40025',NULL,7,'GEDO','EE','ADMINEGOV',1,NULL,NULL,NULL,NULL,'REGCIVIL','2017-08-01 11:04:11',NULL,43088,NULL,NULL),(1338,'0-2017-00000017-   -REGCIVIL',NULL,'REGCIVIL','2017','OP2_referencia','ADMINEGOV','2017-08-02 11:17:02','procesoGEDO.40049',NULL,13,'GEDO','GEDO','ADMINEGOV',1,NULL,NULL,NULL,NULL,'REGCIVIL','2017-08-02 11:17:02',NULL,921422,NULL,NULL),(1339,'NO-2017-00000018-   -REGCIVIL',NULL,'REGCIVIL','2017','Ejemplo','ADMINEGOV','2017-08-02 14:52:02','procesoGEDO.40072',NULL,6,'GEDO','GEDO','ADMINEGOV',1,NULL,NULL,NULL,NULL,'REGCIVIL','2017-08-02 14:52:02',NULL,42987,NULL,NULL),(1340,'PV-2017-00000019-   -REGCIVIL',NULL,'REGCIVIL','2017','Pase electrónico de EX-2017-00000013-   -EGOV-REGCIVIL','ADMINEGOV','2017-08-02 14:56:14',NULL,NULL,8,'EE','EE','ADMINEGOV',1,NULL,NULL,NULL,NULL,'REGCIVIL','2017-08-02 14:56:14',NULL,20874,NULL,NULL),(1341,'PV-2017-00000020-   -REGCIVIL',NULL,'REGCIVIL','2017','Pase electrónico de EX-2017-00000013-   -EGOV-REGCIVIL','ADMINEGOV','2017-08-02 14:57:08',NULL,NULL,8,'EE','EE','ADMINEGOV',1,NULL,NULL,NULL,NULL,'REGCIVIL','2017-08-02 14:57:08',NULL,20876,NULL,NULL),(1342,'NO-2017-00000021-   -REGCIVIL',NULL,'REGCIVIL','2017','Nota','ADMINEGOV','2017-08-08 11:44:25',NULL,NULL,6,'VUC','VUC','ADMINEGOV',1,NULL,NULL,NULL,NULL,'REGCIVIL','2017-08-08 11:44:25',NULL,20877,NULL,NULL),(1343,'0-2017-00000022-   -REGCIVIL',NULL,'REGCIVIL','2017','Rut','ADMINEGOV','2017-08-08 11:44:26',NULL,NULL,9,'VUC','VUC','ADMINEGOV',1,NULL,NULL,NULL,NULL,'REGCIVIL','2017-08-08 11:44:26',NULL,199893,NULL,NULL),(1344,'NO-2017-00000023-   -REGCIVIL',NULL,'REGCIVIL','2017','Nota','ADMINEGOV','2017-08-08 11:45:09',NULL,NULL,6,'VUC','VUC','ADMINEGOV',1,NULL,NULL,NULL,NULL,'REGCIVIL','2017-08-08 11:45:09',NULL,20877,NULL,NULL),(1345,'NO-2017-00000024-   -REGCIVIL',NULL,'REGCIVIL','2017','Nota','ADMINEGOV','2017-08-08 11:45:49',NULL,NULL,6,'VUC','VUC','ADMINEGOV',1,NULL,NULL,NULL,NULL,'REGCIVIL','2017-08-08 11:45:49',NULL,20878,NULL,NULL),(1346,'NO-2017-00000025-   -REGCIVIL',NULL,'REGCIVIL','2017','Nota','ADMINEGOV','2017-08-08 11:46:21',NULL,NULL,6,'VUC','VUC','ADMINEGOV',1,NULL,NULL,NULL,NULL,'REGCIVIL','2017-08-08 11:46:21',NULL,20877,NULL,NULL),(1347,'NO-2017-00000026-   -REGCIVIL',NULL,'REGCIVIL','2017','Nota','ADMINEGOV','2017-08-08 11:46:34',NULL,NULL,6,'VUC','VUC','ADMINEGOV',1,NULL,NULL,NULL,NULL,'REGCIVIL','2017-08-08 11:46:34',NULL,20877,NULL,NULL),(1348,'NO-2017-00000027-   -REGCIVIL',NULL,'REGCIVIL','2017','Nota','ADMINEGOV','2017-08-08 12:00:20',NULL,NULL,6,'VUC','VUC','ADMINEGOV',1,NULL,NULL,NULL,NULL,'REGCIVIL','2017-08-08 12:00:20',NULL,20877,NULL,NULL),(1349,'0-2017-00000028-   -REGCIVIL',NULL,'REGCIVIL','2017','Rut','ADMINEGOV','2017-08-08 12:00:21',NULL,NULL,9,'VUC','VUC','ADMINEGOV',1,NULL,NULL,NULL,NULL,'REGCIVIL','2017-08-08 12:00:21',NULL,199892,NULL,NULL),(1350,'NO-2017-00000029-   -REGCIVIL',NULL,'REGCIVIL','2017','Nota','ADMINEGOV','2017-08-08 12:01:05',NULL,NULL,6,'VUC','VUC','ADMINEGOV',1,NULL,NULL,NULL,NULL,'REGCIVIL','2017-08-08 12:01:05',NULL,20877,NULL,NULL),(1351,'NO-2017-00000030-   -REGCIVIL',NULL,'REGCIVIL','2017','Nota','ADMINEGOV','2017-08-08 12:02:02',NULL,NULL,6,'VUC','VUC','ADMINEGOV',1,NULL,NULL,NULL,NULL,'REGCIVIL','2017-08-08 12:02:02',NULL,20875,NULL,NULL),(1352,'NO-2017-00000031-   -REGCIVIL',NULL,'REGCIVIL','2017','Nota','ADMINEGOV','2017-08-08 12:04:20',NULL,NULL,6,'VUC','VUC','ADMINEGOV',1,NULL,NULL,NULL,NULL,'REGCIVIL','2017-08-08 12:04:20',NULL,20877,NULL,NULL),(1353,'NO-2017-00000032-   -REGCIVIL',NULL,'REGCIVIL','2017','Nota','ADMINEGOV','2017-08-08 12:08:32',NULL,NULL,6,'VUC','VUC','ADMINEGOV',1,NULL,NULL,NULL,NULL,'REGCIVIL','2017-08-08 12:08:32',NULL,20877,NULL,NULL);

--
-- Dumping data for table `gedo_documento_adjunto`
--
-- ORDER BY:  ID


--
-- Dumping data for table `gedo_documento_solicitud`
--
-- ORDER BY:  ID


--
-- Dumping data for table `gedo_documento_template`
--
-- ORDER BY:  ID_TIPODOCUMENTO,VERSION,WORKFLOWID


--
-- Dumping data for table `gedo_documento_usuariosreserva`
--


--
-- Dumping data for table `gedo_error_reintento`
--
-- ORDER BY:  ID


--
-- Dumping data for table `gedo_extension_mimetype`
--


--
-- Dumping data for table `gedo_firmantes`
--
-- ORDER BY:  ID


--
-- Dumping data for table `gedo_formato_tamano_archivo`
--
-- ORDER BY:  ID


--
-- Dumping data for table `gedo_hist_visualizacion`
--
-- ORDER BY:  ID


--
-- Dumping data for table `gedo_hist_visualizacion_back`
--
-- ORDER BY:  ID


--
-- Dumping data for table `gedo_historial`
--
-- ORDER BY:  ID

INSERT INTO gedo_historial (ID, USUARIO, ACTIVIDAD, FECHA_FIN, MENSAJE, WORKFLOWORIGEN, FECHA_INICIO) VALUES (538,'ADMINEGOV','Confeccionar Documento',NULL,NULL,'procesoGEDO.40001','2017-08-01 08:37:35'),(539,'ADMINEGOV','Iniciar Documento',NULL,NULL,'procesoGEDO.40001','2017-08-01 08:37:35'),(540,'ADMINEGOV','Firmar Documento',NULL,NULL,'procesoGEDO.40001','2017-08-01 08:40:04'),(541,'ADMINEGOV','Confeccionar Documento',NULL,NULL,'procesoGEDO.40025','2017-08-01 11:02:32'),(542,'ADMINEGOV','Iniciar Documento',NULL,NULL,'procesoGEDO.40025','2017-08-01 11:02:32'),(543,'ADMINEGOV','Firmar Documento',NULL,NULL,'procesoGEDO.40025','2017-08-01 11:04:05'),(544,'ADMINEGOV','Confeccionar Documento',NULL,NULL,'procesoGEDO.40049','2017-08-02 11:08:49'),(545,'ADMINEGOV','Iniciar Documento',NULL,'Hola.\nMensaje de prueba.','procesoGEDO.40049','2017-08-02 11:08:49'),(546,'ADMINEGOV','Firmar Documento',NULL,NULL,'procesoGEDO.40049','2017-08-02 11:16:33'),(547,'ADMINEGOV','Confeccionar Documento',NULL,NULL,'procesoGEDO.40072','2017-08-02 14:50:54'),(548,'ADMINEGOV','Iniciar Documento',NULL,NULL,'procesoGEDO.40072','2017-08-02 14:50:54'),(549,'ADMINEGOV','Firmar Documento',NULL,NULL,'procesoGEDO.40072','2017-08-02 14:51:56');

--
-- Dumping data for table `gedo_numeracionespecial`
--
-- ORDER BY:  ID


--
-- Dumping data for table `gedo_numeracionespecial_aud`
--
-- ORDER BY:  ID


--
-- Dumping data for table `gedo_numerosusados`
--
-- ORDER BY:  ID


--
-- Dumping data for table `gedo_perfilesconversion`
--
-- ORDER BY:  ID


--
-- Dumping data for table `gedo_plantilla`
--
-- ORDER BY:  ID


--
-- Dumping data for table `gedo_proceso_log`
--
-- ORDER BY:  ID


--
-- Dumping data for table `gedo_reparticion_acumulada`
--


--
-- Dumping data for table `gedo_sistema_origen`
--
-- ORDER BY:  ID


--
-- Dumping data for table `gedo_suscripcion`
--


--
-- Dumping data for table `gedo_task_by_user`
--
-- ORDER BY:  WORKFLOWORIGEN


--
-- Dumping data for table `gedo_tipo_produccion`
--
-- ORDER BY:  ID

INSERT INTO gedo_tipo_produccion (ID, NOMBRE, DESCRIPCION, FECHA_CREACION, FECHA_MODIFICACION, USUARIO_ALTA, USUARIO_MODIFICACION) VALUES (1,'LIBRE','Tipo de documento anteriormente denominado TEMPLATE. Su confeccion es libre a traves de un HTML.','2017-07-31 10:09:42',NULL,'admin',NULL),(2,'IMPORTADO','Tipo de documento que permite la importacion de archivos de diversos formatos.','2017-07-31 10:09:42',NULL,'admin',NULL),(3,'TEMPLATE','Tipo de documento ya predefinido en una plantilla, al cual solo se le permite reemplazar ciertos valores para la personalizacion de un determinado documento.','2017-07-31 10:09:42',NULL,'admin',NULL),(4,'IMPORTADO-TEMPLATE','Tipo de documento que combina el tipo de producción IMPORTADO con el tipo de producción TEMPLATE.','2017-07-31 10:09:42',NULL,'admin',NULL);

--
-- Dumping data for table `gedo_tipo_reserva`
--
-- ORDER BY:  ID

INSERT INTO gedo_tipo_reserva (ID, RESERVA) VALUES (1,'NO RESERVADO / RESERVADO POR TIPO'),(2,'TRAMITACION'),(3,'PARCIAL'),(4,'TOTAL');

--
-- Dumping data for table `gedo_tipodoc_perfil`
--


--
-- Dumping data for table `gedo_tipodocumento`
--
-- ORDER BY:  ID

INSERT INTO gedo_tipodocumento (ID, NOMBRE, ACRONIMO, DESCRIPCION, ESESPECIAL, TIENETOKEN, TIENETEMPLATE, ESTADO, IDTIPODOCUMENTOSADE, CODIGOTIPODOCUMENTOSADE, ESCONFIDENCIAL, ESFIRMAEXTERNA, ESMANUAL, ESAUTOMATICA, ESFIRMACONJUNTA, FAMILIA, TIENEAVISO, PERMITE_EMBEBIDOS, TIPOPRODUCCION, ES_NOTIFICABLE, VERSION, TAMANO, ESOCULTO, ES_COMUNICABLE, USUARIO_CREADOR, FECHA_CREACION, ESFIRMAEXTERNACONENCABEZADO) VALUES (1,'Notificacion VUC','NOTVU','Notificacion de documentacion a VUC.','0','0','0','ALTA',16,'NO','0','0','0','1','0',3,'0','0',1,'1','1.4',4096,'0','0',NULL,NULL,'0'),(2,'Especial','ESP','Numeracion Especial','1','0','0','ALTA',1,' 0','0','0','1','1','0',2,'1','0',1,'0','1.0',2048,'0','0',NULL,NULL,'0'),(3,'Reservado','RESRV','Documento Reservadio','0','0','0','ALTA',1,' 0','1','0','1','1','0',2,'0','0',1,'0','1.0',2048,'0','0',NULL,NULL,'0'),(4,'Memorando','MEMO','DOCUMENTO DE TIPO MEMO','0','0','0','ALTA',15,'ME','0','0','1','1','0',5,'1','1',1,'0','1.0',2048,'0','1',NULL,NULL,'0'),(5,'Carátula Expediente','CAREX','Carátula de expediente electrónico.','0','0','1','ALTA',61,'PV','0','0','0','1','0',1,'1','0',1,'0','1.0',2048,'0','0',NULL,NULL,'0'),(6,'Nota','NOTA','Nota para adjuntar informacion libre.','0','0','0','ALTA',16,'NO','0','0','1','1','0',3,'1','0',1,'0','1.0',2048,'0','0',NULL,NULL,'0'),(7,'Informe','IF','Informe','0','0','1','ALTA',60,'IF','0','0','1','1','0',4,'1','0',1,'1','1.0',2048,'0','0',NULL,NULL,'0'),(8,'Pase','PV','Pase','0','0','1','ALTA',61,'PV','0','0','1','1','0',6,'1','0',1,'0','1.0',2048,'0','0',NULL,NULL,'0'),(9,'RUT','RUT','Documento para Workflow de VUC','0','0','0','ALTA',1,'0','0','0','1','1','0',5,'1','0',2,'1','2.0',10240,'0','0',NULL,NULL,'0'),(10,'OP1_type-doc','OP1','Lorem ipsum dolor sit amet, consectetur adipiscing elit. Morbi rhoncus elementum porta. Aenean id commodo sapien, eu lobortis turpis. Aenean gravida lectus risus, in mollis augue sagittis luctus. Nulla facilisi. Nullam nec pe','0','0','0','ALTA',1,'0','0','0','1','1','0',5,'1','0',1,'0','1.0',NULL,'0','0','ADMINEGOV',NULL,'0'),(11,'OP1_type-doc','OP1','Lorem ipsum dolor sit amet, consectetur adipiscing elit. Morbi rhoncus elementum porta. Aenean id commodo sapien, eu lobortis turpis. Aenean gravida lectus risus, in mollis augue sagittis luctus. Nulla facilisi. Nullam nec pe','0','0','0','ALTA',1,'0','0','0','1','1','0',5,'1','0',2,'0','2.0',10240,'0','0','ADMINEGOV',NULL,'0'),(13,'OP2_typedoc','OP2','Lorem ipsum dolor sit amet, consectetur adipiscing elit. Morbi rhoncus elementum porta. Aenean id commodo sapien, eu lobortis turpis. Aenean gravida lectus risus, in mollis augue sagittis luctus. Nulla facilisi. Nullam nec pe','0','0','0','ALTA',1,'0','0','0','1','1','0',5,'1','0',2,'0','1.0',1024,'0','0','ADMINEGOV',NULL,'0'),(14,'OP2_typedoc','OP2','Lorem ipsum dolor sit amet, consectetur adipiscing elit. Morbi rhoncus elementum porta. Aenean id commodo sapien, eu lobortis turpis. Aenean gravida lectus risus, in mollis augue sagittis luctus. Nulla facilisi. Nullam nec pe','0','0','0','ALTA',1,'0','0','0','1','1','0',1,'1','0',1,'0','1.0',NULL,'0','0','ADMINEGOV',NULL,'0'),(15,'OP2_typedoc','OP2','Lorem ipsum dolor sit amet, consectetur adipiscing elit. Morbi rhoncus elementum porta. Aenean id commodo sapien, eu lobortis turpis. Aenean gravida lectus risus, in mollis augue sagittis luctus. Nulla facilisi. Nullam nec pe','0','0','1','ALTA',1,'0','0','0','1','1','0',5,'1','0',3,'0','1.0',NULL,'0','0','ADMINEGOV',NULL,'0'),(16,'OP2_typedoc','OP2','OP2_typedoc\nOP2','0','0','0','ALTA',1,'0','0','0','1','1','0',5,'1','0',1,'0','1.0',NULL,'0','0','ADMINEGOV',NULL,'0');

--
-- Dumping data for table `gedo_tipodocumento_aud`
--
-- ORDER BY:  ID

INSERT INTO gedo_tipodocumento_aud (ID, TIPOOPERACION, FECHAOPERACION, USERNAME, NOMBRE, ACRONIMO, DESCRIPCION, ESESPECIAL, ESMANUAL, ESAUTOMATICA, TIENETOKEN, TIENETEMPLATE, ESTADO, IDTIPODOCUMENTOSADE, CODIGOTIPODOCUMENTOSADE, ESCONFIDENCIAL, ESFIRMAEXTERNA, ESFIRMACONJUNTA, FAMILIA, TIPOPRODUCCION, VERSION) VALUES (149,'ALTA','2017-08-01 08:35:14','ADMINEGOV','OP1_type-doc','OP1','Lorem ipsum dolor sit amet, consectetur adipiscing elit. Morbi rhoncus elementum porta. Aenean id commodo sapien, eu lobortis turpis. Aenean gravida lectus risus, in mollis augue sagittis luctus. Nulla facilisi. Nullam nec pe','0','1','1','0','0','ALTA',1,'0','0','0','0',5,1,'1.0'),(150,'ALTA','2017-08-02 10:36:56','ADMINEGOV','OP2_typeDoc','OP2TD','Lorem ipsum dolor sit amet, consectetur adipiscing elit. Morbi rhoncus elementum porta. Aenean id commodo sapien, eu lobortis turpis. Aenean gravida lectus risus, in mollis augue sagittis luctus. Nulla facilisi. Nullam nec pe','0','1','1','0','0','ALTA',1,'0','0','0','0',5,2,'1.0'),(151,'ALTA','2017-08-02 10:37:55','ADMINEGOV','OP2_typedoc','OP2','Lorem ipsum dolor sit amet, consectetur adipiscing elit. Morbi rhoncus elementum porta. Aenean id commodo sapien, eu lobortis turpis. Aenean gravida lectus risus, in mollis augue sagittis luctus. Nulla facilisi. Nullam nec pe','0','1','1','0','0','ALTA',1,'0','0','0','0',5,2,'1.0'),(152,'ALTA','2017-08-02 10:38:20','ADMINEGOV','OP2_typedoc','OP2','Lorem ipsum dolor sit amet, consectetur adipiscing elit. Morbi rhoncus elementum porta. Aenean id commodo sapien, eu lobortis turpis. Aenean gravida lectus risus, in mollis augue sagittis luctus. Nulla facilisi. Nullam nec pe','0','1','1','0','0','ALTA',1,'0','0','0','0',1,1,'1.0'),(153,'ALTA','2017-08-02 10:43:01','ADMINEGOV','OP2_typedoc','OP2','Lorem ipsum dolor sit amet, consectetur adipiscing elit. Morbi rhoncus elementum porta. Aenean id commodo sapien, eu lobortis turpis. Aenean gravida lectus risus, in mollis augue sagittis luctus. Nulla facilisi. Nullam nec pe','0','1','1','0','1','ALTA',1,'0','0','0','0',5,3,'1.0'),(154,'ALTA','2017-08-02 10:46:42','ADMINEGOV','OP2_typedoc','OP2','OP2_typedoc\nOP2','0','1','1','0','0','ALTA',1,'0','0','0','0',5,1,'1.0'),(155,'BAJA','2017-08-02 10:58:17','ADMINEGOV','OP2_typeDoc','OP2TD','Lorem ipsum dolor sit amet, consectetur adipiscing elit. Morbi rhoncus elementum porta. Aenean id commodo sapien, eu lobortis turpis. Aenean gravida lectus risus, in mollis augue sagittis luctus. Nulla facilisi. Nullam nec pe','0','1','1','0','0','ALTA',1,'0','0','0','0',5,2,'1.0');

--
-- Dumping data for table `gedo_tipodocumento_embebido`
--


--
-- Dumping data for table `gedo_tipodocumento_familia`
--
-- ORDER BY:  ID

INSERT INTO gedo_tipodocumento_familia (ID, NOMBRE, DESCRIPCION) VALUES (1,'Sin Familia',' no posee familia'),(2,'Acto Administrativo','Acto Administrativo'),(3,'Anexo','Anexo'),(4,'Información','Información'),(5,'Comunicaciones','Comunicaciones'),(6,'Información','Información');

--
-- Dumping data for table `gedo_tipodocumento_familia_aud`
--
-- ORDER BY:  ID


--
-- Dumping data for table `gedo_tipodocumento_rep_aud`
--


--
-- Dumping data for table `gedo_tipodocumento_reparticion`
--
-- ORDER BY:  ID

INSERT INTO gedo_tipodocumento_reparticion (ID, CODIGOREPARTICION, PERMISOINICIAR, PERMISOFIRMAR, ESTADO, TIPODOCUMENTO) VALUES (1,'REGCIVIL','1','1','1',5),(2,'REGCIVIL','1','1','1',2),(3,'REGCIVIL','1','1','1',7),(4,'REGCIVIL','1','1','1',4),(5,'REGCIVIL','1','1','1',6),(6,'REGCIVIL','1','1','1',1),(7,'REGCIVIL','1','1','1',3),(8,'MOP','1','1','1',6),(9,'REGCIVIL','1','1','1',9),(10,'--TODAS--','1','1','1',10),(11,'--TODAS--','1','1','1',11),(13,'--TODAS--','1','1','1',13),(14,'--TODAS--','1','1','1',14),(15,'--TODAS--','1','1','1',15),(16,'--TODAS--','1','1','1',16);

--
-- Dumping data for table `gedo_tipodocumento_template`
--

INSERT INTO gedo_tipodocumento_template (ID_TIPODOCUMENTO, VERSION, TEMPLATE, DESCRIPCION, FECHA_CREACION, USUARIO_ALTA, ID_FORMULARIO) VALUES (15,1,0x3C703E0A0963633A3F247B6363217D3C6272202F3E0A096363313A3F247B636331217D3C2F703E0A,'Descripción formulario template','2017-08-02 10:43:01','ADMINEGOV','OP2_form');

--
-- Dumping data for table `gedo_usuario_plantilla`
--
-- ORDER BY:  ID


--
-- Dumping data for table `jbpm4_deployment`
--

INSERT INTO jbpm4_deployment (DBID_, NAME_, TIMESTAMP_, STATE_) VALUES (4350001,NULL,0,'active');

--
-- Dumping data for table `jbpm4_deployprop`
--

INSERT INTO jbpm4_deployprop (DBID_, DEPLOYMENT_, OBJNAME_, KEY_, STRINGVAL_, LONGVAL_) VALUES (4350003,4350001,'procesoGEDO','langid','jpdl-4.3',NULL),(4350004,4350001,'procesoGEDO','pdid','procesoGEDO-8',NULL),(4350005,4350001,'procesoGEDO','pdkey','procesoGEDO',NULL),(4350006,4350001,'procesoGEDO','pdversion',NULL,8);

--
-- Dumping data for table `jbpm4_execution`
--


--
-- Dumping data for table `jbpm4_hist_actinst`
--


--
-- Dumping data for table `jbpm4_hist_detail`
--


--
-- Dumping data for table `jbpm4_hist_procinst`
--


--
-- Dumping data for table `jbpm4_hist_task`
--


--
-- Dumping data for table `jbpm4_hist_var`
--


--
-- Dumping data for table `jbpm4_job`
--


--
-- Dumping data for table `jbpm4_lob`
--
-- ORDER BY:  DBID_

INSERT INTO jbpm4_lob (DBID_, DBVERSION_, BLOB_VALUE_, DEPLOYMENT_, NAME_) VALUES (4350002,0,0x3C3F786D6C2076657273696F6E3D22312E302220656E636F64696E673D225554462D38223F3E0D0A0D0A3C70726F63657373206B65793D2270726F6365736F4745444F22206E616D653D2270726F6365736F4745444F222076657273696F6E3D22382220786D6C6E733D22687474703A2F2F6A62706D2E6F72672F342E332F6A70646C223E0D0A093C737461727420666F726D3D227072756562612E7A756C2220673D223233372C32352C34382C343822206E616D653D22737461727431223E0D0A09093C7472616E736974696F6E20673D222D34332C2D323222206E616D653D22746F20436F6E66656363696F6E617220446F63756D656E746F2220746F3D22436F6E66656363696F6E617220446F63756D656E746F222F3E0D0A093C2F73746172743E0D0A093C656E6420673D223131332C3539392C34382C343822206E616D653D22656E6431222F3E0D0A093C7461736B20666F726D3D227461736B56696577732F70726F6475636972446F63756D656E746F2E7A756C2220673D223235312C3131342C3139352C353222206E616D653D22436F6E66656363696F6E617220446F63756D656E746F223E0D0A09093C61737369676E6D656E742D68616E646C657220657870723D22237B617369676E61725461726561436F6E66656363696F6E7D222F3E0D0A09093C7472616E736974696F6E20673D222D3131332C2D323422206E616D653D22746F205265766973617220446F63756D656E746F2220746F3D225265766973617220446F63756D656E746F222F3E0D0A09093C7472616E736974696F6E20673D223739332C3134313A2D38342C2D323122206E616D653D22746F2063616E63656C312220746F3D2263616E63656C31222F3E0D0A09093C7472616E736974696F6E20673D222D3131342C2D333022206E616D653D22746F2055736F20506F7274614669726D612220746F3D2255736F20506F7274614669726D61222F3E0D0A093C2F7461736B3E0D0A093C7461736B20666F726D3D227461736B56696577732F72657669736172446F63756D656E746F2E7A756C2220673D2232372C3231342C3137342C353222206E616D653D225265766973617220446F63756D656E746F223E0D0A09093C61737369676E6D656E742D68616E646C657220657870723D22237B617369676E617254617265615265766973696F6E7D222F3E0D0A09093C7472616E736974696F6E20673D222D34332C2D313822206E616D653D22746F20666F726B312220746F3D22666F726B31222F3E0D0A09093C7472616E736974696F6E20673D222D36392C2D323122206E616D653D22746F2055736F20506F7274614669726D612220746F3D2255736F20506F7274614669726D61222F3E0D0A09093C7472616E736974696F6E20673D223131342C31303B3437332C31303B3836362C393B3836372C3130333A3133342C343022206E616D653D22746F2063616E63656C312220746F3D2263616E63656C31222F3E0D0A093C2F7461736B3E0D0A093C7461736B20666F726D3D227461736B56696577732F6669726D6172446F63756D656E746F2E7A756C2220673D223236332C3433382C3132342C353222206E616D653D224669726D617220446F63756D656E746F223E0D0A09093C61737369676E6D656E742D68616E646C657220657870723D22237B617369676E617254617265614669726D617D222F3E0D0A09093C7472616E736974696F6E20673D2234342C2D373722206E616D653D22746F2063616E63656C312220746F3D2263616E63656C31222F3E0D0A09093C7472616E736974696F6E20673D222D37322C3322206E616D653D22746F205265766973617220446F63756D656E746F2220746F3D225265766973617220446F63756D656E746F222F3E0D0A09093C7472616E736974696F6E20673D222D37342C2D313022206E616D653D22746F204669726D612050656E6469656E74652220746F3D224669726D612050656E6469656E7465222F3E0D0A09093C7472616E736974696F6E20673D222D36322C2D323022206E616D653D22746F2052656368617A617220446F63756D656E746F2220746F3D2252656368617A617220446F63756D656E746F222F3E0D0A093C2F7461736B3E0D0A093C7461736B20666F726D3D227461736B56696577732F766572696669636172446F63756D656E746F2E7A756C2220673D223830332C3334362C3232342C343222206E616D653D225265766973617220446F63756D656E746F20636F6E204669726D6120436F6E6A756E7461223E0D0A09093C61737369676E6D656E742D68616E646C657220657870723D22237B617369676E61725461726561566572696669636163696F6E7D222F3E0D0A09093C7472616E736974696F6E20673D2234342C2D373722206E616D653D22746F2063616E63656C312220746F3D2263616E63656C31222F3E0D0A09093C7472616E736974696F6E20673D223136302C3339393A2D37322C3322206E616D653D22746F205265766973617220446F63756D656E746F2220746F3D225265766973617220446F63756D656E746F222F3E0D0A09093C7472616E736974696F6E206E616D653D22746F205265766973696F6E204669726D6120436F6E6A756E74612220746F3D225265766973696F6E204669726D6120436F6E6A756E74612220673D222D3233302C2D3230222F3E0D0A09093C7472616E736974696F6E20673D222D37342C2D313022206E616D653D22746F204669726D612050656E6469656E74652220746F3D224669726D612050656E6469656E7465222F3E0D0A093C2F7461736B3E0D0A093C656E642D63616E63656C20673D223834342C3135362C34382C343822206E616D653D2263616E63656C31222F3E0D0A093C6A6F696E20673D2239332C3431312C34382C343822206E616D653D226A6F696E31223E0D0A09093C7472616E736974696F6E20673D222D36322C353322206E616D653D22746F205265766973617220446F63756D656E746F2220746F3D225265766973617220446F63756D656E746F222F3E0D0A093C2F6A6F696E3E0D0A093C666F726B20673D22302C3331372C34382C343822206E616D653D22666F726B31223E0D0A09093C7472616E736974696F6E20673D2235312C3431343A2D31312C313222206E616D653D22746F206A6F696E312220746F3D226A6F696E31222F3E0D0A093C2F666F726B3E0D0A093C637573746F6D20657870723D22237B636572726172446F63756D656E746F7D2220673D223234382C3539362C3135382C353222206E616D653D2243657272617220446F63756D656E746F223E0D0A09093C7472616E736974696F6E20673D222D34382C3222206E616D653D22746F20656E64312220746F3D22656E6431222F3E0D0A09093C7472616E736974696F6E20673D222D37362C2D313122206E616D653D22746F205265696E74656E746172204369657272652220746F3D225265696E74656E74617220436965727265222F3E0D0A093C2F637573746F6D3E0D0A093C6465636973696F6E20673D223330322C3531372C34382C343822206E616D653D224669726D612050656E6469656E7465223E0D0A09093C68616E646C657220657870723D22247B6465636973696F6E4669726D6150656E6469656E74657D22202F3E0D0A09093C7472616E736974696F6E20673D222D3132322C2D3922206E616D653D22746F2043657272617220446F63756D656E746F2220746F3D2243657272617220446F63756D656E746F222F3E0D0A09093C7472616E736974696F6E20673D223136382C3534313B3136382C3436383A31382C313722206E616D653D22746F2055736F20506F7274614669726D612220746F3D2255736F20506F7274614669726D61222F3E0D0A093C2F6465636973696F6E3E0D0A093C6465636973696F6E20673D223332302C3431372C36382C323822206E616D653D225265766973696F6E204669726D6120436F6E6A756E7461223E0D0A09093C68616E646C657220657870723D22247B6465636973696F6E5265766973696F6E4669726D61436F6E6A756E74617D22202F3E0D0A09093C7472616E736974696F6E206E616D653D22746F205265766973617220446F63756D656E746F2220746F3D225265766973617220446F63756D656E746F2220673D222D3132322C2D3230222F3E0D0A09093C7472616E736974696F6E206E616D653D22746F205265766973617220446F63756D656E746F20636F6E204669726D6120436F6E6A756E74612220746F3D225265766973617220446F63756D656E746F20636F6E204669726D6120436F6E6A756E74612220673D222D3233302C2D3230222F3E0D0A093C2F6465636973696F6E3E0D0A093C637573746F6D20657870723D22247B656E76696172506F7274614669726D61536572766963657D2220673D223832392C3532302C3137312C353222206E616D653D22456E76696172206120506F7274616669726D61223E0D0A09093C7472616E736974696F6E20673D223132312C3122206E616D653D22746F204669726D612050656E6469656E74652220746F3D224669726D612050656E6469656E7465222F3E0D0A09093C7472616E736974696F6E20673D222D33392C2D333122206E616D653D22746F2052656368617A617220446F63756D656E746F2220746F3D2252656368617A617220446F63756D656E746F222F3E0D0A093C2F637573746F6D3E0D0A093C6465636973696F6E20673D223338392C3236302C34382C343822206E616D653D2255736F20506F7274614669726D61223E0D0A09093C68616E646C657220657870723D22247B6465636973696F6E55736F506F7274614669726D61536572766963657D22202F3E0D0A09093C7472616E736974696F6E20673D222D34352C2D333522206E616D653D22746F20456E76696172206120506F7274616669726D612220746F3D22456E76696172206120506F7274616669726D61222F3E0D0A09093C7472616E736974696F6E20673D223332302C3331333A2D39362C2D313922206E616D653D22746F204669726D617220446F63756D656E746F2220746F3D224669726D617220446F63756D656E746F222F3E0D0A09093C7472616E736974696F6E20673D223931352C3237393A2D36362C2D343922206E616D653D22746F205265766973617220446F63756D656E746F20636F6E204669726D6120436F6E6A756E74612220746F3D225265766973617220446F63756D656E746F20636F6E204669726D6120436F6E6A756E7461222F3E0D0A093C2F6465636973696F6E3E0D0A093C7461736B20666F726D3D227461736B56696577732F72657669736172446F63756D656E746F2E7A756C2220673D223530392C3634392C3232392C353222206E616D653D2252656368617A61646F223E0D0A09093C61737369676E6D656E742D68616E646C657220657870723D22237B52656368617A6F4669726D617D222F3E0D0A09093C7472616E736974696F6E20673D223131332C3637333B32382C3637343A2D33392C2D313522206E616D653D22746F20666F726B312220746F3D22666F726B31222F3E0D0A09093C7472616E736974696F6E20673D22352C31323122206E616D653D22746F2055736F20506F7274614669726D612220746F3D2255736F20506F7274614669726D61222F3E0D0A09093C7472616E736974696F6E20673D223632332C3737323B313035332C3737333B313034382C3138303A2D37332C2D323222206E616D653D22746F2063616E63656C312220746F3D2263616E63656C31222F3E0D0A093C2F7461736B3E0D0A093C6465636973696F6E20673D223135342C3733332C34382C343822206E616D653D225265696E74656E74617220436965727265223E0D0A09093C68616E646C657220657870723D22247B6465636973696F6E5265696E74656E746F4369657272657D22202F3E0D0A09093C7472616E736974696F6E20673D223238372C3739313B3639332C3739333B313036382C3739363B313036352C3135383B3839392C3135373A39372C2D31383622206E616D653D22746F2063616E63656C312220746F3D2263616E63656C31222F3E0D0A09093C7472616E736974696F6E20673D222D34302C3522206E616D653D22746F20457370657261205265696E74656E746F204369657272652220746F3D22457370657261205265696E74656E746F20436965727265222F3E0D0A093C2F6465636973696F6E3E0D0A093C737461746520673D223431352C3733352C3136332C343022206E616D653D22457370657261205265696E74656E746F20436965727265223E0D0A09093C7472616E736974696F6E20673D223435332C3632313A392C393922206E616D653D22746F2043657272617220446F63756D656E746F2220746F3D2243657272617220446F63756D656E746F223E0D0A0909093C74696D657220647565646174653D22237B74696D656F75745265696E74656E746F734369657272657D222F3E0D0A09093C2F7472616E736974696F6E3E0D0A093C2F73746174653E0D0A093C637573746F6D20657870723D22247B72656368617A6172446F63756D656E746F7D2220673D223534362C3433312C3135382C363222206E616D653D2252656368617A617220446F63756D656E746F223E0D0A09093C7472616E736974696F6E20673D222D35392C2D323022206E616D653D22746F2063616E63656C312220746F3D2263616E63656C31222F3E0D0A09093C7472616E736974696F6E20673D223632322C3539303A352C2D313822206E616D653D22746F2052656368617A6F2054656D706C6174652220746F3D2252656368617A6F2054656D706C617465222F3E0D0A093C2F637573746F6D3E0D0A093C6465636973696F6E20657870723D22237B746172656152656368617A6F446F63756D656E746F7D2220673D223734382C3536392C34382C343822206E616D653D2252656368617A6F2054656D706C617465223E0D0A09093C7472616E736974696F6E20673D22352C3222206E616D653D22746F2052656368617A61646F2220746F3D2252656368617A61646F222F3E0D0A093C2F6465636973696F6E3E0D0A093C6D6967726174652D696E7374616E6365732076657273696F6E733D222A223E200D0A0909093C61637469766974792D6D617070696E67206E65772D6E616D653D2252656368617A61646F22206F6C642D6E616D653D2252656368617A61646F20496D706F727461646F222F3E0D0A0909093C61637469766974792D6D617070696E67206E65772D6E616D653D22436F6E66656363696F6E617220446F63756D656E746F22206F6C642D6E616D653D22496D706F7274617220446F63756D656E746F222F3E20200D0A3C212D2D200909093C6D6967726174696F6E2D68616E646C65722020636C6173733D22636F6D2E6576657269732E65676F76657269732E6C6174616D2E776F726B666C6F774652414E434F222F3E202D2D3E0D0A093C2F6D6967726174652D696E7374616E6365733E0D0A090D0A093C212D2D20436F6E206573746520746167207365207075656465206D696772617220696E7374616E6369617320616E746572696F726573206465207461726561732E0D0A0920094E4F2041504C494341205041524120544F444F53204C4F53204341534F532E200D0A092009564552204341534F532044452055534F2059204C494D49544143494F4E45533A20687474703A2F2F646F63732E6A626F73732E6F72672F6A62706D2F76342F64657667756964652F68746D6C5F73696E676C652F23696E7374616E63656D6967726174696F6E200D0A0920090D0A09094D49475241204445204C4120312C2032207920333A200D0A09093C6D6967726174652D696E7374616E6365732076657273696F6E733D22312E2E33222F3E200D0A09090D0A09094D49475241204445204C4120312061206C61206E756576613A200D0A09093C6D6967726174652D696E7374616E6365732076657273696F6E733D22312E2E78222F3E200D0A09090D0A09094D4947524120544F4441533A200D0A09093C6D6967726174652D696E7374616E6365732076657273696F6E733D222A222F3E200D0A09093C6D6967726174652D696E7374616E6365732076657273696F6E733D222A223E200D0A0909093C61637469766974792D6D617070696E67206E65772D6E616D653D2252656368617A61646F22206F6C642D6E616D653D2252656368617A61646F20496D706F727461646F222F3E200D0A09093C2F6D6967726174652D696E7374616E6365733E202D2D3E0D0A3C2F70726F636573733E,4350001,'workflow.jpdl.xml');

--
-- Dumping data for table `jbpm4_participation`
--


--
-- Dumping data for table `jbpm4_property`
--

INSERT INTO jbpm4_property (KEY_, VERSION_, VALUE_) VALUES ('next.dbid',5,'50001'),('next.dbid',6467,'64670001');

--
-- Dumping data for table `jbpm4_swimlane`
--


--
-- Dumping data for table `jbpm4_task`
--


--
-- Dumping data for table `jbpm4_variable`
--


--
-- Dumping data for table `messagerequest`
--
-- ORDER BY:  ID


--
-- Dumping data for table `qrtz_blob_triggers`
--


--
-- Dumping data for table `qrtz_calendars`
--


--
-- Dumping data for table `qrtz_cron_triggers`
--


--
-- Dumping data for table `qrtz_fired_triggers`
--


--
-- Dumping data for table `qrtz_job_details`
--


--
-- Dumping data for table `qrtz_job_listeners`
--


--
-- Dumping data for table `qrtz_locks`
--


--
-- Dumping data for table `qrtz_paused_trigger_grps`
--


--
-- Dumping data for table `qrtz_scheduler_state`
--


--
-- Dumping data for table `qrtz_simple_triggers`
--


--
-- Dumping data for table `qrtz_trigger_listeners`
--


--
-- Dumping data for table `qrtz_triggers`
--


--
-- Dumping data for table `qrtzco_blob_triggers`
--


/*!40101 SET SQL_MODE=@OLD_SQL_MODE */;
/*!40014 SET FOREIGN_KEY_CHECKS=@OLD_FOREIGN_KEY_CHECKS */;
/*!40014 SET UNIQUE_CHECKS=@OLD_UNIQUE_CHECKS */;
/*!40101 SET CHARACTER_SET_CLIENT=@OLD_CHARACTER_SET_CLIENT */;
/*!40101 SET CHARACTER_SET_RESULTS=@OLD_CHARACTER_SET_RESULTS */;
/*!40101 SET COLLATION_CONNECTION=@OLD_COLLATION_CONNECTION */;
/*!40111 SET SQL_NOTES=@OLD_SQL_NOTES */;

-- Dump completed on 2017-08-25 12:08:50
