/* **************************************************************************************************************************************************************
	DEO CLEANING
 ************************************************************************************************************************************************************** */
DELETE FROM deo_snrsa_g.cc_acknowledge;
DELETE FROM deo_snrsa_g.cc_address;
DELETE FROM deo_snrsa_g.cc_almacenista;
DELETE FROM deo_snrsa_g.cc_audit;
DELETE FROM deo_snrsa_g.cc_autorizacion;
DELETE FROM deo_snrsa_g.cc_bulto;
DELETE FROM deo_snrsa_g.cc_chapter;
DELETE FROM deo_snrsa_g.cc_commoneda;
DELETE FROM deo_snrsa_g.cc_cuenta;
DELETE FROM deo_snrsa_g.cc_declaracion;
DELETE FROM deo_snrsa_g.cc_detaileda;
DELETE FROM deo_snrsa_g.cc_detalle_cuota;
DELETE FROM deo_snrsa_g.cc_detalles_operacion_impo;
DELETE FROM deo_snrsa_g.cc_detallespuerto;
DELETE FROM deo_snrsa_g.cc_documento;
DELETE FROM deo_snrsa_g.cc_documento_apoyo;
DELETE FROM deo_snrsa_g.cc_documento_transporte;
DELETE FROM deo_snrsa_g.cc_error;
DELETE FROM deo_snrsa_g.cc_financiero;
DELETE FROM deo_snrsa_g.cc_header;
DELETE FROM deo_snrsa_g.cc_heading;
DELETE FROM deo_snrsa_g.cc_hoja_insumos_datpa;
DELETE FROM deo_snrsa_g.cc_hscode;
DELETE FROM deo_snrsa_g.cc_instalacion;
DELETE FROM deo_snrsa_g.cc_interop_header;
DELETE FROM deo_snrsa_g.cc_item;
DELETE FROM deo_snrsa_g.cc_lote;
DELETE FROM deo_snrsa_g.cc_manifiesto;
DELETE FROM deo_snrsa_g.cc_medio_transporte;
DELETE FROM deo_snrsa_g.cc_mercancia;
DELETE FROM deo_snrsa_g.cc_observacion;
DELETE FROM deo_snrsa_g.cc_operation;
DELETE FROM deo_snrsa_g.cc_participante_secundario;
DELETE FROM deo_snrsa_g.cc_participantes;
DELETE FROM deo_snrsa_g.cc_product;
DELETE FROM deo_snrsa_g.cc_product_attributes;
DELETE FROM deo_snrsa_g.cc_product_attributes_operation;
DELETE FROM deo_snrsa_g.cc_product_component;
DELETE FROM deo_snrsa_g.cc_product_operation;
DELETE FROM deo_snrsa_g.cc_reserva;
DELETE FROM deo_snrsa_g.cc_sequences;
DELETE FROM deo_snrsa_g.cc_subheading;
DELETE FROM deo_snrsa_g.cc_transport;
DELETE FROM deo_snrsa_g.cc_view_destinos_asociados;
DELETE FROM deo_snrsa_g.cc_view_resumen;
DELETE FROM deo_snrsa_g.cc_view_resumen_impo;
DELETE FROM deo_snrsa_g.cc_view_vistos_buenos;
DELETE FROM deo_snrsa_g.cc_vista_bulto_da;
DELETE FROM deo_snrsa_g.cc_vista_documento_apoyo_da;
DELETE FROM deo_snrsa_g.cc_vista_financieroda;
DELETE FROM deo_snrsa_g.cc_vista_observacion_da;
DELETE FROM deo_snrsa_g.cc_vista_product_attribute_da;
DELETE FROM deo_snrsa_g.cc_vista_product_da;
DELETE FROM deo_snrsa_g.cc_vista_totales_declaracion;
DELETE FROM deo_snrsa_g.ccoo_aviso;
DELETE FROM deo_snrsa_g.ccoo_comunicacion;
DELETE FROM deo_snrsa_g.ccoo_comunicacion_destino;
DELETE FROM deo_snrsa_g.datos_variables_tipo_doc_aud;
DELETE FROM deo_snrsa_g.datos_variables_tipo_documento;
DELETE FROM deo_snrsa_g.df_attribute;
DELETE FROM deo_snrsa_g.df_clob_text;
DELETE FROM deo_snrsa_g.df_component;
DELETE FROM deo_snrsa_g.df_component_multivalue;
DELETE FROM deo_snrsa_g.df_component_type;
DELETE FROM deo_snrsa_g.df_dynamic_component;
DELETE FROM deo_snrsa_g.df_dynamic_constraint;
DELETE FROM deo_snrsa_g.df_dynamic_form;
DELETE FROM deo_snrsa_g.df_form;
DELETE FROM deo_snrsa_g.df_form_comp_value;
DELETE FROM deo_snrsa_g.df_form_component;
DELETE FROM deo_snrsa_g.df_group;
DELETE FROM deo_snrsa_g.df_group_component;
DELETE FROM deo_snrsa_g.df_transaction;
DELETE FROM deo_snrsa_g.documento_datos_variables;
DELETE FROM deo_snrsa_g.gedo_archivo_de_trabajo;
DELETE FROM deo_snrsa_g.gedo_archivo_embebido;
DELETE FROM deo_snrsa_g.gedo_aud_error_cambio_sigla;
DELETE FROM deo_snrsa_g.gedo_aud_tarea_cambio_sigla;
DELETE FROM deo_snrsa_g.gedo_aviso;
DELETE FROM deo_snrsa_g.gedo_comentarios;
DELETE FROM deo_snrsa_g.gedo_documento;
DELETE FROM deo_snrsa_g.gedo_documento_adjunto;
DELETE FROM deo_snrsa_g.gedo_documento_solicitud;
DELETE FROM deo_snrsa_g.gedo_documento_template;
DELETE FROM deo_snrsa_g.gedo_documento_usuariosreserva;
DELETE FROM deo_snrsa_g.gedo_error_reintento;
DELETE FROM deo_snrsa_g.gedo_extension_mimetype;
DELETE FROM deo_snrsa_g.gedo_firmantes;
DELETE FROM deo_snrsa_g.gedo_formato_tamano_archivo;
DELETE FROM deo_snrsa_g.gedo_hist_visualizacion;
DELETE FROM deo_snrsa_g.gedo_hist_visualizacion_back;
DELETE FROM deo_snrsa_g.gedo_historial;
DELETE FROM deo_snrsa_g.gedo_numeracionespecial;
DELETE FROM deo_snrsa_g.gedo_numeracionespecial_aud;
DELETE FROM deo_snrsa_g.gedo_numerosusados;
DELETE FROM deo_snrsa_g.gedo_perfilesconversion;
DELETE FROM deo_snrsa_g.gedo_plantilla;
DELETE FROM deo_snrsa_g.gedo_proceso_log;
DELETE FROM deo_snrsa_g.gedo_reparticion_acumulada;
DELETE FROM deo_snrsa_g.gedo_sistema_origen;
DELETE FROM deo_snrsa_g.gedo_suscripcion;
DELETE FROM deo_snrsa_g.gedo_task_by_user;
DELETE FROM deo_snrsa_g.gedo_tipo_produccion;
DELETE FROM deo_snrsa_g.gedo_tipo_reserva;
DELETE FROM deo_snrsa_g.gedo_tipodoc_perfil;
DELETE FROM deo_snrsa_g.gedo_tipodocumento;
DELETE FROM deo_snrsa_g.gedo_tipodocumento_aud;
DELETE FROM deo_snrsa_g.gedo_tipodocumento_embebido;
DELETE FROM deo_snrsa_g.gedo_tipodocumento_familia;
DELETE FROM deo_snrsa_g.gedo_tipodocumento_familia_aud;
DELETE FROM deo_snrsa_g.gedo_tipodocumento_rep_aud;
DELETE FROM deo_snrsa_g.gedo_tipodocumento_reparticion;
DELETE FROM deo_snrsa_g.gedo_tipodocumento_template;
DELETE FROM deo_snrsa_g.gedo_usuario_plantilla;
DELETE FROM deo_snrsa_g.jbpm4_deployment;
DELETE FROM deo_snrsa_g.jbpm4_deployprop;
DELETE FROM deo_snrsa_g.jbpm4_execution;
DELETE FROM deo_snrsa_g.jbpm4_hist_actinst;
DELETE FROM deo_snrsa_g.jbpm4_hist_detail;
DELETE FROM deo_snrsa_g.jbpm4_hist_procinst;
DELETE FROM deo_snrsa_g.jbpm4_hist_task;
DELETE FROM deo_snrsa_g.jbpm4_hist_var;
DELETE FROM deo_snrsa_g.jbpm4_job;
DELETE FROM deo_snrsa_g.jbpm4_lob;
DELETE FROM deo_snrsa_g.jbpm4_participation;
DELETE FROM deo_snrsa_g.jbpm4_property;
DELETE FROM deo_snrsa_g.jbpm4_swimlane;
DELETE FROM deo_snrsa_g.jbpm4_task;
DELETE FROM deo_snrsa_g.jbpm4_variable;
DELETE FROM deo_snrsa_g.messagerequest;
DELETE FROM deo_snrsa_g.qrtz_blob_triggers;
DELETE FROM deo_snrsa_g.qrtz_calendars;
DELETE FROM deo_snrsa_g.qrtz_cron_triggers;
DELETE FROM deo_snrsa_g.qrtz_fired_triggers;
DELETE FROM deo_snrsa_g.qrtz_job_details;
DELETE FROM deo_snrsa_g.qrtz_job_listeners;
DELETE FROM deo_snrsa_g.qrtz_locks;
DELETE FROM deo_snrsa_g.qrtz_paused_trigger_grps;
DELETE FROM deo_snrsa_g.qrtz_scheduler_state;
DELETE FROM deo_snrsa_g.qrtz_simple_triggers;
DELETE FROM deo_snrsa_g.qrtz_trigger_listeners;
DELETE FROM deo_snrsa_g.qrtz_triggers;
DELETE FROM deo_snrsa_g.qrtzco_blob_triggers;
INSERT INTO deo_snrsa_g.df_component (ID, NAME, DESCRIPTION, ID_COMPONENT_TYPE, CREATION_DATE, CREATOR_USER, MODIFICATION_DATE, MODIFYING_USER, MASCARA, MENSAJE, ABM_COMPONENT, TIPO_VISIBLE, NOMBREXML) VALUES (1,'TextBox - Solo Numeros','Textbox que solo permite numeros. Ideal para grandes cantidades de caracteres numericos.',1,null,null,null,null,null,null,0,null,null);
INSERT INTO deo_snrsa_g.df_component (ID, NAME, DESCRIPTION, ID_COMPONENT_TYPE, CREATION_DATE, CREATOR_USER, MODIFICATION_DATE, MODIFYING_USER, MASCARA, MENSAJE, ABM_COMPONENT, TIPO_VISIBLE, NOMBREXML) VALUES (2,'TextBox - Generico','Textbox con caracterizticas genericas.',1,null,null,null,null,null,null,0,null,null);
INSERT INTO deo_snrsa_g.df_component (ID, NAME, DESCRIPTION, ID_COMPONENT_TYPE, CREATION_DATE, CREATOR_USER, MODIFICATION_DATE, MODIFYING_USER, MASCARA, MENSAJE, ABM_COMPONENT, TIPO_VISIBLE, NOMBREXML) VALUES (3,'DateBox - Generico','Datebox con caracterizticas genericas.',2,null,null,null,null,null,null,0,null,null);
INSERT INTO deo_snrsa_g.df_component (ID, NAME, DESCRIPTION, ID_COMPONENT_TYPE, CREATION_DATE, CREATOR_USER, MODIFICATION_DATE, MODIFYING_USER, MASCARA, MENSAJE, ABM_COMPONENT, TIPO_VISIBLE, NOMBREXML) VALUES (4,'LongBox - Generico','Longbox con caracterizticas genericas.',3,null,null,null,null,null,null,0,null,null);
INSERT INTO deo_snrsa_g.df_component (ID, NAME, DESCRIPTION, ID_COMPONENT_TYPE, CREATION_DATE, CREATOR_USER, MODIFICATION_DATE, MODIFYING_USER, MASCARA, MENSAJE, ABM_COMPONENT, TIPO_VISIBLE, NOMBREXML) VALUES (5,'DoubleBox - Generico','Doublebox con caracterizticas genericas.',6,null,null,null,null,null,null,0,null,null);
INSERT INTO deo_snrsa_g.df_component (ID, NAME, DESCRIPTION, ID_COMPONENT_TYPE, CREATION_DATE, CREATOR_USER, MODIFICATION_DATE, MODIFYING_USER, MASCARA, MENSAJE, ABM_COMPONENT, TIPO_VISIBLE, NOMBREXML) VALUES (6,'IntBox - Generico','Intbox con caracteristicas genericas.',7,null,null,null,null,null,null,0,null,null);
INSERT INTO deo_snrsa_g.df_component (ID, NAME, DESCRIPTION, ID_COMPONENT_TYPE, CREATION_DATE, CREATOR_USER, MODIFICATION_DATE, MODIFYING_USER, MASCARA, MENSAJE, ABM_COMPONENT, TIPO_VISIBLE, NOMBREXML) VALUES (7,'CheckBox - Generico','Checkbox con caracteristicas genericas.',8,null,null,null,null,null,null,0,null,null);
INSERT INTO deo_snrsa_g.df_component (ID, NAME, DESCRIPTION, ID_COMPONENT_TYPE, CREATION_DATE, CREATOR_USER, MODIFICATION_DATE, MODIFYING_USER, MASCARA, MENSAJE, ABM_COMPONENT, TIPO_VISIBLE, NOMBREXML) VALUES (8,'ComplexBandBox - Organismos','Bandbox de organimos. Debe definirse un Bean denominado "reparticionDynformService" el cual alimentara este componente.',5,null,null,null,null,null,null,0,null,null);
INSERT INTO deo_snrsa_g.df_component (ID, NAME, DESCRIPTION, ID_COMPONENT_TYPE, CREATION_DATE, CREATOR_USER, MODIFICATION_DATE, MODIFYING_USER, MASCARA, MENSAJE, ABM_COMPONENT, TIPO_VISIBLE, NOMBREXML) VALUES (9,'Separator - Generico','Separator con caracterizticas genericas.',9,null,null,null,null,null,null,0,null,null);
INSERT INTO deo_snrsa_g.df_component (ID, NAME, DESCRIPTION, ID_COMPONENT_TYPE, CREATION_DATE, CREATOR_USER, MODIFICATION_DATE, MODIFYING_USER, MASCARA, MENSAJE, ABM_COMPONENT, TIPO_VISIBLE, NOMBREXML) VALUES (10,'Usigbox - Domicilio - Obligatorio','Usigbox - Componente de Domicilio con todos sus campos obligatorios',10,null,null,null,null,null,null,0,null,null);
INSERT INTO deo_snrsa_g.df_component (ID, NAME, DESCRIPTION, ID_COMPONENT_TYPE, CREATION_DATE, CREATOR_USER, MODIFICATION_DATE, MODIFYING_USER, MASCARA, MENSAJE, ABM_COMPONENT, TIPO_VISIBLE, NOMBREXML) VALUES (11,'TextBox - Dominio Moto','Textbox que posee una mascara que valida que los 3 primeros caracteres sean numeros y los ultimos 3 caracteres sean letras.',1,null,null,null,null,null,null,0,null,null);
INSERT INTO deo_snrsa_g.df_component (ID, NAME, DESCRIPTION, ID_COMPONENT_TYPE, CREATION_DATE, CREATOR_USER, MODIFICATION_DATE, MODIFYING_USER, MASCARA, MENSAJE, ABM_COMPONENT, TIPO_VISIBLE, NOMBREXML) VALUES (12,'TextBox - 3 Lineas - 250 Carac','TextBox de 3 lineas para 250 caracteres. Ideal para camps tipo "Observaciones".',1,null,null,null,null,null,null,0,null,null);
INSERT INTO deo_snrsa_g.df_component (ID, NAME, DESCRIPTION, ID_COMPONENT_TYPE, CREATION_DATE, CREATOR_USER, MODIFICATION_DATE, MODIFYING_USER, MASCARA, MENSAJE, ABM_COMPONENT, TIPO_VISIBLE, NOMBREXML) VALUES (13,'LongBox - Año','Longbox que posee validacion de año desde 1900 a 2999',3,null,null,null,null,null,null,0,null,null);
INSERT INTO deo_snrsa_g.df_component (ID, NAME, DESCRIPTION, ID_COMPONENT_TYPE, CREATION_DATE, CREATOR_USER, MODIFICATION_DATE, MODIFYING_USER, MASCARA, MENSAJE, ABM_COMPONENT, TIPO_VISIBLE, NOMBREXML) VALUES (14,'Usigbox - Domicilio-Corto','Usigbox que solo posee calle y altura.',10,null,null,null,null,null,null,0,null,null);
INSERT INTO deo_snrsa_g.df_component (ID, NAME, DESCRIPTION, ID_COMPONENT_TYPE, CREATION_DATE, CREATOR_USER, MODIFICATION_DATE, MODIFYING_USER, MASCARA, MENSAJE, ABM_COMPONENT, TIPO_VISIBLE, NOMBREXML) VALUES (15,'Sexo','Combo para opciones de sexo.',4,null,null,null,null,null,null,0,null,null);
INSERT INTO deo_snrsa_g.df_component (ID, NAME, DESCRIPTION, ID_COMPONENT_TYPE, CREATION_DATE, CREATOR_USER, MODIFICATION_DATE, MODIFYING_USER, MASCARA, MENSAJE, ABM_COMPONENT, TIPO_VISIBLE, NOMBREXML) VALUES (16,'TextBox - Multilinea','TextBox que permite el ingreso de textos amplios',1,null,null,null,null,null,null,0,null,null);
INSERT INTO deo_snrsa_g.df_component (ID, NAME, DESCRIPTION, ID_COMPONENT_TYPE, CREATION_DATE, CREATOR_USER, MODIFICATION_DATE, MODIFYING_USER, MASCARA, MENSAJE, ABM_COMPONENT, TIPO_VISIBLE, NOMBREXML) VALUES (17,'Separator - Repetidor','Repite todos los componentes bajo el hasta el siguiente Separador',9,null,null,null,null,null,null,0,null,null);
INSERT INTO deo_snrsa_g.df_component (ID, NAME, DESCRIPTION, ID_COMPONENT_TYPE, CREATION_DATE, CREATOR_USER, MODIFICATION_DATE, MODIFYING_USER, MASCARA, MENSAJE, ABM_COMPONENT, TIPO_VISIBLE, NOMBREXML) VALUES (30,'Estado','Estado civil',5,null,null,null,null,null,null,0,null,null);
INSERT INTO deo_snrsa_g.df_component (ID, NAME, DESCRIPTION, ID_COMPONENT_TYPE, CREATION_DATE, CREATOR_USER, MODIFICATION_DATE, MODIFYING_USER, MASCARA, MENSAJE, ABM_COMPONENT, TIPO_VISIBLE, NOMBREXML) VALUES (31,'mascara','masr',1,null,null,null,null,'****-****','mascara invalida',1,null,null);
ALTER SEQUENCE deo_snrsa_g.df_component_id_seq RESTART WITH 32;
INSERT INTO deo_snrsa_g.df_component_multivalue (id, ID_COMPONENT, VALUE, DESCRIPTION, VALUE_ORDER, TYPE, TYPE_ORDER) VALUES (1,15,'Hombre','Hombre',1,NULL,NULL);
INSERT INTO deo_snrsa_g.df_component_multivalue (id, ID_COMPONENT, VALUE, DESCRIPTION, VALUE_ORDER, TYPE, TYPE_ORDER) VALUES (2,15,'Mujer','Mujer',2,NULL,NULL);
INSERT INTO deo_snrsa_g.df_component_multivalue (id, ID_COMPONENT, VALUE, DESCRIPTION, VALUE_ORDER, TYPE, TYPE_ORDER) VALUES (3,15,'No declara','No declara',3,NULL,NULL);
INSERT INTO deo_snrsa_g.df_component_multivalue (id, ID_COMPONENT, VALUE, DESCRIPTION, VALUE_ORDER, TYPE, TYPE_ORDER) VALUES (51,30,'Viudo(a)','Viudo(a)',3,NULL,NULL);
INSERT INTO deo_snrsa_g.df_component_multivalue (id, ID_COMPONENT, VALUE, DESCRIPTION, VALUE_ORDER, TYPE, TYPE_ORDER) VALUES (49,30,'Soltero(a)','Soltero(a)',1,NULL,NULL);
INSERT INTO deo_snrsa_g.df_component_multivalue (id, ID_COMPONENT, VALUE, DESCRIPTION, VALUE_ORDER, TYPE, TYPE_ORDER) VALUES (50,30,'Casado(a)','Casado(a)',2,NULL,NULL);
INSERT INTO deo_snrsa_g.df_component_multivalue (id, ID_COMPONENT, VALUE, DESCRIPTION, VALUE_ORDER, TYPE, TYPE_ORDER) VALUES (52,30,'Separado(a)','Separado(a)',4,NULL,NULL);
ALTER SEQUENCE deo_snrsa_g.df_component_multivalue_id_seq RESTART WITH 53;
INSERT INTO deo_snrsa_g.df_component_type (id, NAME, DESCRIPTION, FACTORY) VALUES (1,'TEXTBOX',NULL,'textBoxFactory');
INSERT INTO deo_snrsa_g.df_component_type (id, NAME, DESCRIPTION, FACTORY) VALUES (2,'DATEBOX',NULL,'dateFactory');
INSERT INTO deo_snrsa_g.df_component_type (id, NAME, DESCRIPTION, FACTORY) VALUES (3,'LONGBOX',NULL,'longBoxFactory');
INSERT INTO deo_snrsa_g.df_component_type (id, NAME, DESCRIPTION, FACTORY) VALUES (4,'COMBOBOX',NULL,'comboBoxFactory');
INSERT INTO deo_snrsa_g.df_component_type (id, NAME, DESCRIPTION, FACTORY) VALUES (5,'COMPLEXBANDBOX','No olvidar poner el atributo serviceDataBean','textBoxFactory');
INSERT INTO deo_snrsa_g.df_component_type (id, NAME, DESCRIPTION, FACTORY) VALUES (6,'DOUBLEBOX',NULL,'doubleFactory');
INSERT INTO deo_snrsa_g.df_component_type (id, NAME, DESCRIPTION, FACTORY) VALUES (7,'INTBOX',NULL,'doubleFactory');
INSERT INTO deo_snrsa_g.df_component_type (id, NAME, DESCRIPTION, FACTORY) VALUES (8,'CHECKBOX','Check - True o false','checkBoxFactory');
INSERT INTO deo_snrsa_g.df_component_type (id, NAME, DESCRIPTION, FACTORY) VALUES (9,'SEPARATOR','Separator - llena una fila una etiqueta y sin componente de entrada. No guarda valores','NULL');
INSERT INTO deo_snrsa_g.df_component_type (id, NAME, DESCRIPTION, FACTORY) VALUES (10,'USIGBOX','Componente complejo de domicilio','textBoxFactory');
INSERT INTO deo_snrsa_g.df_component_type (id, NAME, DESCRIPTION, FACTORY) VALUES (20,'FILEUPLOAD','FILEUPLOAD components','complexComponentFactory');
INSERT INTO deo_snrsa_g.df_component_type (id, NAME, DESCRIPTION, FACTORY) VALUES (21,'ADDRESS','Address Complex Components','complexComponentFactory');
ALTER SEQUENCE deo_snrsa_g.df_component_type_id_seq RESTART WITH 30;
INSERT INTO deo_snrsa_g.gedo_tipo_produccion (ID, NOMBRE, DESCRIPCION, FECHA_CREACION, FECHA_MODIFICACION, USUARIO_ALTA, USUARIO_MODIFICACION) VALUES (1,'LIBRE','Tipo de documento anteriormente denominado TEMPLATE. Su confeccion es libre a traves de un HTML.',sysdate(),NULL,'admin', NULL);
INSERT INTO deo_snrsa_g.gedo_tipo_produccion (ID, NOMBRE, DESCRIPCION, FECHA_CREACION, FECHA_MODIFICACION, USUARIO_ALTA, USUARIO_MODIFICACION) VALUES (2,'IMPORTADO','Tipo de documento que permite la importacion de archivos de diversos formatos.',sysdate(),NULL,'admin', NULL);
INSERT INTO deo_snrsa_g.gedo_tipo_produccion (ID, NOMBRE, DESCRIPCION, FECHA_CREACION, FECHA_MODIFICACION, USUARIO_ALTA, USUARIO_MODIFICACION) VALUES (3,'TEMPLATE','Tipo de documento ya predefinido en una plantilla, al cual solo se le permite reemplazar ciertos valores para la personalizacion de un determinado documento.',sysdate(),NULL,'admin', NULL);
INSERT INTO deo_snrsa_g.gedo_tipo_produccion (ID, NOMBRE, DESCRIPCION, FECHA_CREACION, FECHA_MODIFICACION, USUARIO_ALTA, USUARIO_MODIFICACION) VALUES (4,'IMPORTADO-TEMPLATE','Tipo de documento que combina el tipo de producción IMPORTADO con el tipo de producción TEMPLATE.',sysdate(),NULL,'admin', NULL);
INSERT INTO deo_snrsa_g.GEDO_TIPO_RESERVA (ID, RESERVA) VALUES(1,'NO RESERVADO / RESERVADO POR TIPO');
INSERT INTO deo_snrsa_g.GEDO_TIPO_RESERVA (ID, RESERVA) VALUES(2,'TRAMITACION');
INSERT INTO deo_snrsa_g.GEDO_TIPO_RESERVA (ID, RESERVA) VALUES(3,'PARCIAL');
INSERT INTO deo_snrsa_g.GEDO_TIPO_RESERVA (ID, RESERVA) VALUES(4,'TOTAL');
INSERT INTO deo_snrsa_g.gedo_tipodocumento (ID, NOMBRE, ACRONIMO, DESCRIPCION, ESESPECIAL, TIENETOKEN, TIENETEMPLATE, ESTADO, IDTIPODOCUMENTOSADE, CODIGOTIPODOCUMENTOSADE, ESCONFIDENCIAL, ESFIRMAEXTERNA, ESMANUAL, ESAUTOMATICA, ESFIRMACONJUNTA, FAMILIA, TIENEAVISO, PERMITE_EMBEBIDOS, TIPOPRODUCCION, ES_NOTIFICABLE, VERSION, TAMANO, ESOCULTO, ES_COMUNICABLE, USUARIO_CREADOR, FECHA_CREACION, ESFIRMAEXTERNACONENCABEZADO) VALUES(1,'Notificacion VUC','NOTVU','Notificacion de documentacion a VUC.',0,0,0,'ALTA',16,'NO',0,0,0,1,0,3,0,0,1,1,'1.4',4096,0,0,NULL,NULL,0);
INSERT INTO deo_snrsa_g.gedo_tipodocumento (ID, NOMBRE, ACRONIMO, DESCRIPCION, ESESPECIAL, TIENETOKEN, TIENETEMPLATE, ESTADO, IDTIPODOCUMENTOSADE, CODIGOTIPODOCUMENTOSADE, ESCONFIDENCIAL, ESFIRMAEXTERNA, ESMANUAL, ESAUTOMATICA, ESFIRMACONJUNTA, FAMILIA, TIENEAVISO, PERMITE_EMBEBIDOS, TIPOPRODUCCION, ES_NOTIFICABLE, VERSION, TAMANO, ESOCULTO, ES_COMUNICABLE, USUARIO_CREADOR, FECHA_CREACION, ESFIRMAEXTERNACONENCABEZADO) VALUES(2,'Especial','ESP','Numeracion Especial',1,0,0,'ALTA',1,' 0',0,0,1,1,0,2,1,0,1,0,'1.0',2048,0,0,NULL,NULL,0);
INSERT INTO deo_snrsa_g.gedo_tipodocumento (ID, NOMBRE, ACRONIMO, DESCRIPCION, ESESPECIAL, TIENETOKEN, TIENETEMPLATE, ESTADO, IDTIPODOCUMENTOSADE, CODIGOTIPODOCUMENTOSADE, ESCONFIDENCIAL, ESFIRMAEXTERNA, ESMANUAL, ESAUTOMATICA, ESFIRMACONJUNTA, FAMILIA, TIENEAVISO, PERMITE_EMBEBIDOS, TIPOPRODUCCION, ES_NOTIFICABLE, VERSION, TAMANO, ESOCULTO, ES_COMUNICABLE, USUARIO_CREADOR, FECHA_CREACION, ESFIRMAEXTERNACONENCABEZADO) VALUES(3,'Reservado','RESRV','Documento Reservadio',0,0,0,'ALTA',1,' 0',1,0,1,1,0,2,0,0,1,0,'1.0',2048,0,0,NULL,NULL,0);
INSERT INTO deo_snrsa_g.gedo_tipodocumento (ID, NOMBRE, ACRONIMO, DESCRIPCION, ESESPECIAL, TIENETOKEN, TIENETEMPLATE, ESTADO, IDTIPODOCUMENTOSADE, CODIGOTIPODOCUMENTOSADE, ESCONFIDENCIAL, ESFIRMAEXTERNA, ESMANUAL, ESAUTOMATICA, ESFIRMACONJUNTA, FAMILIA, TIENEAVISO, PERMITE_EMBEBIDOS, TIPOPRODUCCION, ES_NOTIFICABLE, VERSION, TAMANO, ESOCULTO, ES_COMUNICABLE, USUARIO_CREADOR, FECHA_CREACION, ESFIRMAEXTERNACONENCABEZADO) VALUES(4,'Memorando','MEMO','DOCUMENTO DE TIPO MEMO',0,0,0,'ALTA',15,'ME',0,0,1,1,0,5,1,1,1,0,'1.0',2048,0,1,NULL,NULL,0);
INSERT INTO deo_snrsa_g.gedo_tipodocumento (ID, NOMBRE, ACRONIMO, DESCRIPCION, ESESPECIAL, TIENETOKEN, TIENETEMPLATE, ESTADO, IDTIPODOCUMENTOSADE, CODIGOTIPODOCUMENTOSADE, ESCONFIDENCIAL, ESFIRMAEXTERNA, ESMANUAL, ESAUTOMATICA, ESFIRMACONJUNTA, FAMILIA, TIENEAVISO, PERMITE_EMBEBIDOS, TIPOPRODUCCION, ES_NOTIFICABLE, VERSION, TAMANO, ESOCULTO, ES_COMUNICABLE, USUARIO_CREADOR, FECHA_CREACION, ESFIRMAEXTERNACONENCABEZADO) VALUES(5,'Carátula Expediente','CAREX','Carátula de expediente electrónico.',0,0,1,'ALTA',61,'PV',0,0,0,1,0,1,1,0,1,0,'1.0',2048,0,0,NULL,NULL,0);
INSERT INTO deo_snrsa_g.gedo_tipodocumento (ID, NOMBRE, ACRONIMO, DESCRIPCION, ESESPECIAL, TIENETOKEN, TIENETEMPLATE, ESTADO, IDTIPODOCUMENTOSADE, CODIGOTIPODOCUMENTOSADE, ESCONFIDENCIAL, ESFIRMAEXTERNA, ESMANUAL, ESAUTOMATICA, ESFIRMACONJUNTA, FAMILIA, TIENEAVISO, PERMITE_EMBEBIDOS, TIPOPRODUCCION, ES_NOTIFICABLE, VERSION, TAMANO, ESOCULTO, ES_COMUNICABLE, USUARIO_CREADOR, FECHA_CREACION, ESFIRMAEXTERNACONENCABEZADO) VALUES(6,'Nota','NOTA','Nota para adjuntar informacion libre.',0,0,0,'ALTA',16,'NO',0,0,1,1,0,3,1,0,1,0,'1.0',2048,0,0,NULL,NULL,0);
INSERT INTO deo_snrsa_g.gedo_tipodocumento (ID, NOMBRE, ACRONIMO, DESCRIPCION, ESESPECIAL, TIENETOKEN, TIENETEMPLATE, ESTADO, IDTIPODOCUMENTOSADE, CODIGOTIPODOCUMENTOSADE, ESCONFIDENCIAL, ESFIRMAEXTERNA, ESMANUAL, ESAUTOMATICA, ESFIRMACONJUNTA, FAMILIA, TIENEAVISO, PERMITE_EMBEBIDOS, TIPOPRODUCCION, ES_NOTIFICABLE, VERSION, TAMANO, ESOCULTO, ES_COMUNICABLE, USUARIO_CREADOR, FECHA_CREACION, ESFIRMAEXTERNACONENCABEZADO) VALUES(7,'Informe','IF','Informe',0,0,1,'ALTA',60,'IF',0,0,1,1,0,4,1,0,1,1,'1.0',2048,0,0,NULL,NULL,0);
INSERT INTO deo_snrsa_g.gedo_tipodocumento (ID, NOMBRE, ACRONIMO, DESCRIPCION, ESESPECIAL, TIENETOKEN, TIENETEMPLATE, ESTADO, IDTIPODOCUMENTOSADE, CODIGOTIPODOCUMENTOSADE, ESCONFIDENCIAL, ESFIRMAEXTERNA, ESMANUAL, ESAUTOMATICA, ESFIRMACONJUNTA, FAMILIA, TIENEAVISO, PERMITE_EMBEBIDOS, TIPOPRODUCCION, ES_NOTIFICABLE, VERSION, TAMANO, ESOCULTO, ES_COMUNICABLE, USUARIO_CREADOR, FECHA_CREACION, ESFIRMAEXTERNACONENCABEZADO) VALUES(8,'Pase','PV','Pase',0,0,1,'ALTA',61,'PV',0,0,1,1,0,6,1,0,1,0,'1.0',2048,0,0,NULL,NULL,0);
INSERT INTO deo_snrsa_g.gedo_tipodocumento (ID, NOMBRE, ACRONIMO, DESCRIPCION, ESESPECIAL, TIENETOKEN, TIENETEMPLATE, ESTADO, IDTIPODOCUMENTOSADE, CODIGOTIPODOCUMENTOSADE, ESCONFIDENCIAL, ESFIRMAEXTERNA, ESMANUAL, ESAUTOMATICA, ESFIRMACONJUNTA, FAMILIA, TIENEAVISO, PERMITE_EMBEBIDOS, TIPOPRODUCCION, ES_NOTIFICABLE, VERSION, TAMANO, ESOCULTO, ES_COMUNICABLE, USUARIO_CREADOR, FECHA_CREACION, ESFIRMAEXTERNACONENCABEZADO) VALUES(9,'RUT','RUT','Documento para Workflow de VUC',0,0,0,'ALTA',1,'0',0,0,1,1,0,5,1,0,2,1,'2.0',10240,0,0,NULL,NULL,0);
ALTER SEQUENCE deo_snrsa_g.gedo_tipodocumento_id_seq RESTART WITH 10;
INSERT INTO deo_snrsa_g.gedo_tipodocumento_familia (ID, NOMBRE, DESCRIPCION) VALUES (5,'Comunicaciones','Comunicaciones');
INSERT INTO deo_snrsa_g.gedo_tipodocumento_familia (ID, NOMBRE, DESCRIPCION) VALUES (1,'Sin Familia',' no posee familia');
INSERT INTO deo_snrsa_g.gedo_tipodocumento_familia (ID, NOMBRE, DESCRIPCION) VALUES (2,'Acto Administrativo','Acto Administrativo');
INSERT INTO deo_snrsa_g.gedo_tipodocumento_familia (ID, NOMBRE, DESCRIPCION) VALUES (3,'Anexo','Anexo');
INSERT INTO deo_snrsa_g.gedo_tipodocumento_familia (ID, NOMBRE, DESCRIPCION) VALUES (4,'Información','Información');
INSERT INTO deo_snrsa_g.gedo_tipodocumento_familia (ID, NOMBRE, DESCRIPCION) VALUES (6,'Información','Información');
ALTER SEQUENCE deo_snrsa_g.gedo_tipodocumento_familia_id_seq RESTART WITH 10;
INSERT INTO deo_snrsa_g.gedo_tipodocumento_reparticion (ID, CODIGOREPARTICION, PERMISOINICIAR, PERMISOFIRMAR, ESTADO, TIPODOCUMENTO) VALUES (1,'REGCIVIL',1,1,1,5);
INSERT INTO deo_snrsa_g.gedo_tipodocumento_reparticion (ID, CODIGOREPARTICION, PERMISOINICIAR, PERMISOFIRMAR, ESTADO, TIPODOCUMENTO) VALUES (2,'REGCIVIL',1,1,1,2);
INSERT INTO deo_snrsa_g.gedo_tipodocumento_reparticion (ID, CODIGOREPARTICION, PERMISOINICIAR, PERMISOFIRMAR, ESTADO, TIPODOCUMENTO) VALUES (3,'REGCIVIL',1,1,1,7);
INSERT INTO deo_snrsa_g.gedo_tipodocumento_reparticion (ID, CODIGOREPARTICION, PERMISOINICIAR, PERMISOFIRMAR, ESTADO, TIPODOCUMENTO) VALUES (4,'REGCIVIL',1,1,1,4);
INSERT INTO deo_snrsa_g.gedo_tipodocumento_reparticion (ID, CODIGOREPARTICION, PERMISOINICIAR, PERMISOFIRMAR, ESTADO, TIPODOCUMENTO) VALUES (5,'REGCIVIL',1,1,1,6);
INSERT INTO deo_snrsa_g.gedo_tipodocumento_reparticion (ID, CODIGOREPARTICION, PERMISOINICIAR, PERMISOFIRMAR, ESTADO, TIPODOCUMENTO) VALUES (6,'REGCIVIL',1,1,1,1);
INSERT INTO deo_snrsa_g.gedo_tipodocumento_reparticion (ID, CODIGOREPARTICION, PERMISOINICIAR, PERMISOFIRMAR, ESTADO, TIPODOCUMENTO) VALUES (7,'REGCIVIL',1,1,1,3);
INSERT INTO deo_snrsa_g.gedo_tipodocumento_reparticion (ID, CODIGOREPARTICION, PERMISOINICIAR, PERMISOFIRMAR, ESTADO, TIPODOCUMENTO) VALUES (8,'MOP',1,1,1,6);
INSERT INTO deo_snrsa_g.gedo_tipodocumento_reparticion (ID, CODIGOREPARTICION, PERMISOINICIAR, PERMISOFIRMAR, ESTADO, TIPODOCUMENTO) VALUES (9,'REGCIVIL',1,1,1,9);
ALTER SEQUENCE deo_snrsa_g.gedo_tipodocumento_reparticion_id_seq RESTART WITH 10;
INSERT INTO deo_snrsa_g.jbpm4_deployment (DBID_, NAME_, TIMESTAMP_, STATE_) VALUES (4350001,NULL, 0, 'active');
INSERT INTO deo_snrsa_g.jbpm4_deployprop (DBID_, DEPLOYMENT_, OBJNAME_, KEY_, STRINGVAL_, LONGVAL_) VALUES (4350003,4350001,'procesoGEDO','langid','jpdl-4.3',NULL);
INSERT INTO deo_snrsa_g.jbpm4_deployprop (DBID_, DEPLOYMENT_, OBJNAME_, KEY_, STRINGVAL_, LONGVAL_) VALUES (4350004,4350001,'procesoGEDO','pdid','procesoGEDO-8',NULL);
INSERT INTO deo_snrsa_g.jbpm4_deployprop (DBID_, DEPLOYMENT_, OBJNAME_, KEY_, STRINGVAL_, LONGVAL_) VALUES (4350005,4350001,'procesoGEDO','pdkey','procesoGEDO',NULL);
INSERT INTO deo_snrsa_g.jbpm4_deployprop (DBID_, DEPLOYMENT_, OBJNAME_, KEY_, STRINGVAL_, LONGVAL_) VALUES (4350006,4350001,'procesoGEDO','pdversion',NULL,8);
INSERT INTO deo_snrsa_g.jbpm4_property (KEY_, VERSION_, VALUE_) VALUES ('next.dbid',4,40001);
INSERT INTO deo_snrsa_g.jbpm4_property (KEY_, VERSION_, VALUE_) VALUES ('next.dbid',6467,64670001);

/*!40101 SET @OLD_CHARACTER_SET_CLIENT=@@CHARACTER_SET_CLIENT */;
/*!40101 SET @OLD_CHARACTER_SET_RESULTS=@@CHARACTER_SET_RESULTS */;
/*!40101 SET @OLD_COLLATION_CONNECTION=@@COLLATION_CONNECTION */;
/*!40101 SET NAMES utf8 */;
/*!40103 SET @OLD_TIME_ZONE=@@TIME_ZONE */;
/*!40103 SET TIME_ZONE='+00:00' */;
/*!40014 SET @OLD_UNIQUE_CHECKS=@@UNIQUE_CHECKS, UNIQUE_CHECKS=0 */;
/*!40014 SET @OLD_FOREIGN_KEY_CHECKS=@@FOREIGN_KEY_CHECKS, FOREIGN_KEY_CHECKS=0 */;
/*!40101 SET @OLD_SQL_MODE=@@SQL_MODE, SQL_MODE='NO_AUTO_VALUE_ON_ZERO' */;
/*!40111 SET @OLD_SQL_NOTES=@@SQL_NOTES, SQL_NOTES=0 */;
-- Dumping data for table `jbpm4_lob`
INSERT INTO deo_snrsa_g.jbpm4_lob (DBID_, DBVERSION_, BLOB_VALUE_, DEPLOYMENT_, NAME_) VALUES (4350002,0,0x3C3F786D6C2076657273696F6E3D22312E302220656E636F64696E673D225554462D38223F3E0D0A0D0A3C70726F63657373206B65793D2270726F6365736F4745444F22206E616D653D2270726F6365736F4745444F222076657273696F6E3D22382220786D6C6E733D22687474703A2F2F6A62706D2E6F72672F342E332F6A70646C223E0D0A093C737461727420666F726D3D227072756562612E7A756C2220673D223233372C32352C34382C343822206E616D653D22737461727431223E0D0A09093C7472616E736974696F6E20673D222D34332C2D323222206E616D653D22746F20436F6E66656363696F6E617220446F63756D656E746F2220746F3D22436F6E66656363696F6E617220446F63756D656E746F222F3E0D0A093C2F73746172743E0D0A093C656E6420673D223131332C3539392C34382C343822206E616D653D22656E6431222F3E0D0A093C7461736B20666F726D3D227461736B56696577732F70726F6475636972446F63756D656E746F2E7A756C2220673D223235312C3131342C3139352C353222206E616D653D22436F6E66656363696F6E617220446F63756D656E746F223E0D0A09093C61737369676E6D656E742D68616E646C657220657870723D22237B617369676E61725461726561436F6E66656363696F6E7D222F3E0D0A09093C7472616E736974696F6E20673D222D3131332C2D323422206E616D653D22746F205265766973617220446F63756D656E746F2220746F3D225265766973617220446F63756D656E746F222F3E0D0A09093C7472616E736974696F6E20673D223739332C3134313A2D38342C2D323122206E616D653D22746F2063616E63656C312220746F3D2263616E63656C31222F3E0D0A09093C7472616E736974696F6E20673D222D3131342C2D333022206E616D653D22746F2055736F20506F7274614669726D612220746F3D2255736F20506F7274614669726D61222F3E0D0A093C2F7461736B3E0D0A093C7461736B20666F726D3D227461736B56696577732F72657669736172446F63756D656E746F2E7A756C2220673D2232372C3231342C3137342C353222206E616D653D225265766973617220446F63756D656E746F223E0D0A09093C61737369676E6D656E742D68616E646C657220657870723D22237B617369676E617254617265615265766973696F6E7D222F3E0D0A09093C7472616E736974696F6E20673D222D34332C2D313822206E616D653D22746F20666F726B312220746F3D22666F726B31222F3E0D0A09093C7472616E736974696F6E20673D222D36392C2D323122206E616D653D22746F2055736F20506F7274614669726D612220746F3D2255736F20506F7274614669726D61222F3E0D0A09093C7472616E736974696F6E20673D223131342C31303B3437332C31303B3836362C393B3836372C3130333A3133342C343022206E616D653D22746F2063616E63656C312220746F3D2263616E63656C31222F3E0D0A093C2F7461736B3E0D0A093C7461736B20666F726D3D227461736B56696577732F6669726D6172446F63756D656E746F2E7A756C2220673D223236332C3433382C3132342C353222206E616D653D224669726D617220446F63756D656E746F223E0D0A09093C61737369676E6D656E742D68616E646C657220657870723D22237B617369676E617254617265614669726D617D222F3E0D0A09093C7472616E736974696F6E20673D2234342C2D373722206E616D653D22746F2063616E63656C312220746F3D2263616E63656C31222F3E0D0A09093C7472616E736974696F6E20673D222D37322C3322206E616D653D22746F205265766973617220446F63756D656E746F2220746F3D225265766973617220446F63756D656E746F222F3E0D0A09093C7472616E736974696F6E20673D222D37342C2D313022206E616D653D22746F204669726D612050656E6469656E74652220746F3D224669726D612050656E6469656E7465222F3E0D0A09093C7472616E736974696F6E20673D222D36322C2D323022206E616D653D22746F2052656368617A617220446F63756D656E746F2220746F3D2252656368617A617220446F63756D656E746F222F3E0D0A093C2F7461736B3E0D0A093C7461736B20666F726D3D227461736B56696577732F766572696669636172446F63756D656E746F2E7A756C2220673D223830332C3334362C3232342C343222206E616D653D225265766973617220446F63756D656E746F20636F6E204669726D6120436F6E6A756E7461223E0D0A09093C61737369676E6D656E742D68616E646C657220657870723D22237B617369676E61725461726561566572696669636163696F6E7D222F3E0D0A09093C7472616E736974696F6E20673D2234342C2D373722206E616D653D22746F2063616E63656C312220746F3D2263616E63656C31222F3E0D0A09093C7472616E736974696F6E20673D223136302C3339393A2D37322C3322206E616D653D22746F205265766973617220446F63756D656E746F2220746F3D225265766973617220446F63756D656E746F222F3E0D0A09093C7472616E736974696F6E206E616D653D22746F205265766973696F6E204669726D6120436F6E6A756E74612220746F3D225265766973696F6E204669726D6120436F6E6A756E74612220673D222D3233302C2D3230222F3E0D0A09093C7472616E736974696F6E20673D222D37342C2D313022206E616D653D22746F204669726D612050656E6469656E74652220746F3D224669726D612050656E6469656E7465222F3E0D0A093C2F7461736B3E0D0A093C656E642D63616E63656C20673D223834342C3135362C34382C343822206E616D653D2263616E63656C31222F3E0D0A093C6A6F696E20673D2239332C3431312C34382C343822206E616D653D226A6F696E31223E0D0A09093C7472616E736974696F6E20673D222D36322C353322206E616D653D22746F205265766973617220446F63756D656E746F2220746F3D225265766973617220446F63756D656E746F222F3E0D0A093C2F6A6F696E3E0D0A093C666F726B20673D22302C3331372C34382C343822206E616D653D22666F726B31223E0D0A09093C7472616E736974696F6E20673D2235312C3431343A2D31312C313222206E616D653D22746F206A6F696E312220746F3D226A6F696E31222F3E0D0A093C2F666F726B3E0D0A093C637573746F6D20657870723D22237B636572726172446F63756D656E746F7D2220673D223234382C3539362C3135382C353222206E616D653D2243657272617220446F63756D656E746F223E0D0A09093C7472616E736974696F6E20673D222D34382C3222206E616D653D22746F20656E64312220746F3D22656E6431222F3E0D0A09093C7472616E736974696F6E20673D222D37362C2D313122206E616D653D22746F205265696E74656E746172204369657272652220746F3D225265696E74656E74617220436965727265222F3E0D0A093C2F637573746F6D3E0D0A093C6465636973696F6E20673D223330322C3531372C34382C343822206E616D653D224669726D612050656E6469656E7465223E0D0A09093C68616E646C657220657870723D22247B6465636973696F6E4669726D6150656E6469656E74657D22202F3E0D0A09093C7472616E736974696F6E20673D222D3132322C2D3922206E616D653D22746F2043657272617220446F63756D656E746F2220746F3D2243657272617220446F63756D656E746F222F3E0D0A09093C7472616E736974696F6E20673D223136382C3534313B3136382C3436383A31382C313722206E616D653D22746F2055736F20506F7274614669726D612220746F3D2255736F20506F7274614669726D61222F3E0D0A093C2F6465636973696F6E3E0D0A093C6465636973696F6E20673D223332302C3431372C36382C323822206E616D653D225265766973696F6E204669726D6120436F6E6A756E7461223E0D0A09093C68616E646C657220657870723D22247B6465636973696F6E5265766973696F6E4669726D61436F6E6A756E74617D22202F3E0D0A09093C7472616E736974696F6E206E616D653D22746F205265766973617220446F63756D656E746F2220746F3D225265766973617220446F63756D656E746F2220673D222D3132322C2D3230222F3E0D0A09093C7472616E736974696F6E206E616D653D22746F205265766973617220446F63756D656E746F20636F6E204669726D6120436F6E6A756E74612220746F3D225265766973617220446F63756D656E746F20636F6E204669726D6120436F6E6A756E74612220673D222D3233302C2D3230222F3E0D0A093C2F6465636973696F6E3E0D0A093C637573746F6D20657870723D22247B656E76696172506F7274614669726D61536572766963657D2220673D223832392C3532302C3137312C353222206E616D653D22456E76696172206120506F7274616669726D61223E0D0A09093C7472616E736974696F6E20673D223132312C3122206E616D653D22746F204669726D612050656E6469656E74652220746F3D224669726D612050656E6469656E7465222F3E0D0A09093C7472616E736974696F6E20673D222D33392C2D333122206E616D653D22746F2052656368617A617220446F63756D656E746F2220746F3D2252656368617A617220446F63756D656E746F222F3E0D0A093C2F637573746F6D3E0D0A093C6465636973696F6E20673D223338392C3236302C34382C343822206E616D653D2255736F20506F7274614669726D61223E0D0A09093C68616E646C657220657870723D22247B6465636973696F6E55736F506F7274614669726D61536572766963657D22202F3E0D0A09093C7472616E736974696F6E20673D222D34352C2D333522206E616D653D22746F20456E76696172206120506F7274616669726D612220746F3D22456E76696172206120506F7274616669726D61222F3E0D0A09093C7472616E736974696F6E20673D223332302C3331333A2D39362C2D313922206E616D653D22746F204669726D617220446F63756D656E746F2220746F3D224669726D617220446F63756D656E746F222F3E0D0A09093C7472616E736974696F6E20673D223931352C3237393A2D36362C2D343922206E616D653D22746F205265766973617220446F63756D656E746F20636F6E204669726D6120436F6E6A756E74612220746F3D225265766973617220446F63756D656E746F20636F6E204669726D6120436F6E6A756E7461222F3E0D0A093C2F6465636973696F6E3E0D0A093C7461736B20666F726D3D227461736B56696577732F72657669736172446F63756D656E746F2E7A756C2220673D223530392C3634392C3232392C353222206E616D653D2252656368617A61646F223E0D0A09093C61737369676E6D656E742D68616E646C657220657870723D22237B52656368617A6F4669726D617D222F3E0D0A09093C7472616E736974696F6E20673D223131332C3637333B32382C3637343A2D33392C2D313522206E616D653D22746F20666F726B312220746F3D22666F726B31222F3E0D0A09093C7472616E736974696F6E20673D22352C31323122206E616D653D22746F2055736F20506F7274614669726D612220746F3D2255736F20506F7274614669726D61222F3E0D0A09093C7472616E736974696F6E20673D223632332C3737323B313035332C3737333B313034382C3138303A2D37332C2D323222206E616D653D22746F2063616E63656C312220746F3D2263616E63656C31222F3E0D0A093C2F7461736B3E0D0A093C6465636973696F6E20673D223135342C3733332C34382C343822206E616D653D225265696E74656E74617220436965727265223E0D0A09093C68616E646C657220657870723D22247B6465636973696F6E5265696E74656E746F4369657272657D22202F3E0D0A09093C7472616E736974696F6E20673D223238372C3739313B3639332C3739333B313036382C3739363B313036352C3135383B3839392C3135373A39372C2D31383622206E616D653D22746F2063616E63656C312220746F3D2263616E63656C31222F3E0D0A09093C7472616E736974696F6E20673D222D34302C3522206E616D653D22746F20457370657261205265696E74656E746F204369657272652220746F3D22457370657261205265696E74656E746F20436965727265222F3E0D0A093C2F6465636973696F6E3E0D0A093C737461746520673D223431352C3733352C3136332C343022206E616D653D22457370657261205265696E74656E746F20436965727265223E0D0A09093C7472616E736974696F6E20673D223435332C3632313A392C393922206E616D653D22746F2043657272617220446F63756D656E746F2220746F3D2243657272617220446F63756D656E746F223E0D0A0909093C74696D657220647565646174653D22237B74696D656F75745265696E74656E746F734369657272657D222F3E0D0A09093C2F7472616E736974696F6E3E0D0A093C2F73746174653E0D0A093C637573746F6D20657870723D22247B72656368617A6172446F63756D656E746F7D2220673D223534362C3433312C3135382C363222206E616D653D2252656368617A617220446F63756D656E746F223E0D0A09093C7472616E736974696F6E20673D222D35392C2D323022206E616D653D22746F2063616E63656C312220746F3D2263616E63656C31222F3E0D0A09093C7472616E736974696F6E20673D223632322C3539303A352C2D313822206E616D653D22746F2052656368617A6F2054656D706C6174652220746F3D2252656368617A6F2054656D706C617465222F3E0D0A093C2F637573746F6D3E0D0A093C6465636973696F6E20657870723D22237B746172656152656368617A6F446F63756D656E746F7D2220673D223734382C3536392C34382C343822206E616D653D2252656368617A6F2054656D706C617465223E0D0A09093C7472616E736974696F6E20673D22352C3222206E616D653D22746F2052656368617A61646F2220746F3D2252656368617A61646F222F3E0D0A093C2F6465636973696F6E3E0D0A093C6D6967726174652D696E7374616E6365732076657273696F6E733D222A223E200D0A0909093C61637469766974792D6D617070696E67206E65772D6E616D653D2252656368617A61646F22206F6C642D6E616D653D2252656368617A61646F20496D706F727461646F222F3E0D0A0909093C61637469766974792D6D617070696E67206E65772D6E616D653D22436F6E66656363696F6E617220446F63756D656E746F22206F6C642D6E616D653D22496D706F7274617220446F63756D656E746F222F3E20200D0A3C212D2D200909093C6D6967726174696F6E2D68616E646C65722020636C6173733D22636F6D2E6576657269732E65676F76657269732E6C6174616D2E776F726B666C6F774652414E434F222F3E202D2D3E0D0A093C2F6D6967726174652D696E7374616E6365733E0D0A090D0A093C212D2D20436F6E206573746520746167207365207075656465206D696772617220696E7374616E6369617320616E746572696F726573206465207461726561732E0D0A0920094E4F2041504C494341205041524120544F444F53204C4F53204341534F532E200D0A092009564552204341534F532044452055534F2059204C494D49544143494F4E45533A20687474703A2F2F646F63732E6A626F73732E6F72672F6A62706D2F76342F64657667756964652F68746D6C5F73696E676C652F23696E7374616E63656D6967726174696F6E200D0A0920090D0A09094D49475241204445204C4120312C2032207920333A200D0A09093C6D6967726174652D696E7374616E6365732076657273696F6E733D22312E2E33222F3E200D0A09090D0A09094D49475241204445204C4120312061206C61206E756576613A200D0A09093C6D6967726174652D696E7374616E6365732076657273696F6E733D22312E2E78222F3E200D0A09090D0A09094D4947524120544F4441533A200D0A09093C6D6967726174652D696E7374616E6365732076657273696F6E733D222A222F3E200D0A09093C6D6967726174652D696E7374616E6365732076657273696F6E733D222A223E200D0A0909093C61637469766974792D6D617070696E67206E65772D6E616D653D2252656368617A61646F22206F6C642D6E616D653D2252656368617A61646F20496D706F727461646F222F3E200D0A09093C2F6D6967726174652D696E7374616E6365733E202D2D3E0D0A3C2F70726F636573733E,4350001,'workflow.jpdl.xml'),(50020,0,0xACED0005737200136A6176612E7574696C2E41727261794C6973747881D21D99C7619D03000149000473697A6578700000000077040000000078,NULL,NULL),(50024,0,0xACED0005737200136A6176612E7574696C2E41727261794C6973747881D21D99C7619D03000149000473697A6578700000000077040000000078,NULL,NULL),(50004,0,0xACED0005737200136A6176612E7574696C2E41727261794C6973747881D21D99C7619D03000149000473697A6578700000000077040000000078,NULL,NULL),(50008,0,0xACED0005737200136A6176612E7574696C2E41727261794C6973747881D21D99C7619D03000149000473697A6578700000000077040000000078,NULL,NULL),(50036,0,0xACED0005737200136A6176612E7574696C2E41727261794C6973747881D21D99C7619D03000149000473697A6578700000000077040000000078,NULL,NULL),(50040,0,0xACED0005737200136A6176612E7574696C2E41727261794C6973747881D21D99C7619D03000149000473697A6578700000000077040000000078,NULL,NULL);
/*!40103 SET TIME_ZONE=@OLD_TIME_ZONE */;
/*!40101 SET SQL_MODE=@OLD_SQL_MODE */;
/*!40014 SET FOREIGN_KEY_CHECKS=@OLD_FOREIGN_KEY_CHECKS */;
/*!40014 SET UNIQUE_CHECKS=@OLD_UNIQUE_CHECKS */;
/*!40101 SET CHARACTER_SET_CLIENT=@OLD_CHARACTER_SET_CLIENT */;
/*!40101 SET CHARACTER_SET_RESULTS=@OLD_CHARACTER_SET_RESULTS */;
/*!40101 SET COLLATION_CONNECTION=@OLD_COLLATION_CONNECTION */;
/*!40111 SET SQL_NOTES=@OLD_SQL_NOTES */;



/****************************************************************************************************************************************************************
	EDT CLEANING
*****************************************************************************************************************************************************************/
DELETE FROM edt_snrsa_g.adminsade_permisos;
DELETE FROM edt_snrsa_g.edt_cargo_rol;
DELETE FROM edt_snrsa_g.edt_cargos;
DELETE FROM edt_snrsa_g.edt_cargos_hist;
DELETE FROM edt_snrsa_g.edt_datos_usuario;
DELETE FROM edt_snrsa_g.edt_periodo_licencia;
DELETE FROM edt_snrsa_g.edt_rol;
DELETE FROM edt_snrsa_g.edt_rol_permisos;
DELETE FROM edt_snrsa_g.edt_sade_actuacion;
DELETE FROM edt_snrsa_g.edt_sade_actuacion_audi;
DELETE FROM edt_snrsa_g.edt_sade_admin_reparticion;
DELETE FROM edt_snrsa_g.edt_sade_admin_reparticion_hist;
DELETE FROM edt_snrsa_g.edt_sade_estructura;
DELETE FROM edt_snrsa_g.edt_sade_jurisdiccion;
DELETE FROM edt_snrsa_g.edt_sade_reparticion;
DELETE FROM edt_snrsa_g.edt_sade_reparticion_seleccionada;
DELETE FROM edt_snrsa_g.edt_sade_sector_interno;
DELETE FROM edt_snrsa_g.edt_sade_sector_usuario;
DELETE FROM edt_snrsa_g.edt_sade_uai;
DELETE FROM edt_snrsa_g.edt_sade_usr_repa_habilitada;
DELETE FROM edt_snrsa_g.edt_usuario_cargo;
DELETE FROM edt_snrsa_g.eu_alertas_avisos;
DELETE FROM edt_snrsa_g.eu_aplicacion;
DELETE FROM edt_snrsa_g.eu_categoria;
DELETE FROM edt_snrsa_g.eu_departamento;
DELETE FROM edt_snrsa_g.eu_estado_novedad;
DELETE FROM edt_snrsa_g.eu_feriados;
DELETE FROM edt_snrsa_g.eu_feriados_audi;
DELETE FROM edt_snrsa_g.eu_grupo_permisos;
DELETE FROM edt_snrsa_g.eu_localidad;
DELETE FROM edt_snrsa_g.eu_novedad;
DELETE FROM edt_snrsa_g.eu_novedad_aplicacion;
DELETE FROM edt_snrsa_g.eu_novedad_hist;
DELETE FROM edt_snrsa_g.eu_provincia;
DELETE FROM edt_snrsa_g.eu_usuario_buzongrupal;
DELETE FROM edt_snrsa_g.eu_usuario_frecuencias;
DELETE FROM edt_snrsa_g.eu_usuario_missistemas;
DELETE FROM edt_snrsa_g.eu_usuario_missupervisados;
DELETE FROM edt_snrsa_g.eu_usuario_mistareas;
DELETE FROM edt_snrsa_g.mig_dato_consulta;
DELETE FROM edt_snrsa_g.mig_logueo_error;
DELETE FROM edt_snrsa_g.mig_tarea;
DELETE FROM edt_snrsa_g.mig_tarea_hist;
DELETE FROM edt_snrsa_g.mig_tipo_error;
DELETE FROM edt_snrsa_g.property_configuration;
DELETE FROM edt_snrsa_g.revinfo;
DELETE FROM edt_snrsa_g.sade_administrador_sistema;
DELETE FROM edt_snrsa_g.sade_app_alive_logger;
DELETE FROM edt_snrsa_g.tad_busqueda_auditoria;
DELETE FROM edt_snrsa_g.tr_facturas;
INSERT INTO edt_snrsa_g.adminsade_permisos (ID, PERMISO, ROL, DESCRIPCION, SISTEMA) values(1,'ou=admin.central,ou=grupos,dc=gob,dc=ar',NULL,'Administrador central','EGOVERIS');
INSERT INTO edt_snrsa_g.adminsade_permisos (ID, PERMISO, ROL, DESCRIPCION, SISTEMA) values(2,'ou=admin.reparticion,ou=grupos,dc=gob,dc=ar',NULL,'Administrar organismos','EGOVERIS');
INSERT INTO edt_snrsa_g.adminsade_permisos (ID, PERMISO, ROL, DESCRIPCION, SISTEMA) values(3,'ou=admin.sector,ou=grupos,dc=gob,dc=ar',NULL,'Administrar Sector','EGOVERIS');
INSERT INTO edt_snrsa_g.adminsade_permisos (ID, PERMISO, ROL, DESCRIPCION, SISTEMA) values(4,'ou=sade.admin,ou=grupos,dc=gob,dc=ar',NULL,'Administrador central','EGOVERIS');
INSERT INTO edt_snrsa_g.adminsade_permisos (ID, PERMISO, ROL, DESCRIPCION, SISTEMA) values(5,'ou=sade.baja,ou=grupos,dc=gob,dc=ar',NULL,'Permiso baja usuarios','EGOVERIS');
INSERT INTO edt_snrsa_g.adminsade_permisos (ID, PERMISO, ROL, DESCRIPCION, SISTEMA) values(6,'ou=sade.caratulacion2,ou=grupos,dc=gob,dc=ar',NULL,'Permiso caratular exoedientes','EGOVERIS');
INSERT INTO edt_snrsa_g.adminsade_permisos (ID, PERMISO, ROL, DESCRIPCION, SISTEMA) values(7,'ou=sade.control,ou=grupos,dc=gob,dc=ar',NULL,'Permiso control','EGOVERIS');
INSERT INTO edt_snrsa_g.adminsade_permisos (ID, PERMISO, ROL, DESCRIPCION, SISTEMA) values(8,'ou=sade.correccion,ou=grupos,dc=gob,dc=ar',NULL,'Permiso correccion','EGOVERIS');
INSERT INTO edt_snrsa_g.adminsade_permisos (ID, PERMISO, ROL, DESCRIPCION, SISTEMA) values(9,'ou=sade.creacion,ou=grupos,dc=gob,dc=ar',NULL,'Permiso creacion','EGOVERIS');
INSERT INTO edt_snrsa_g.adminsade_permisos (ID, PERMISO, ROL, DESCRIPCION, SISTEMA) values(10,'ou=sade.expedientes,ou=grupos,dc=gob,dc=ar',NULL,'Acceso expedientes','EGOVERIS');
INSERT INTO edt_snrsa_g.adminsade_permisos (ID, PERMISO, ROL, DESCRIPCION, SISTEMA) values(11,'ou=sade.externos,ou=grupos,dc=gob,dc=ar',NULL,'Caratular externos','EGOVERIS');
INSERT INTO edt_snrsa_g.adminsade_permisos (ID, PERMISO, ROL, DESCRIPCION, SISTEMA) values(12,'ou=sade.impresion,ou=grupos,dc=gob,dc=ar',NULL,'Permiso impresión','EGOVERIS');
INSERT INTO edt_snrsa_g.adminsade_permisos (ID, PERMISO, ROL, DESCRIPCION, SISTEMA) values(13,'ou=sade.internos,ou=grupos,dc=gob,dc=ar',NULL,'Caratular internos','EGOVERIS');
INSERT INTO edt_snrsa_g.adminsade_permisos (ID, PERMISO, ROL, DESCRIPCION, SISTEMA) values(14,'ou=sade.modificacion,ou=grupos,dc=gob,dc=ar',NULL,'Permiso  modificacion','EGOVERIS');
INSERT INTO edt_snrsa_g.adminsade_permisos (ID, PERMISO, ROL, DESCRIPCION, SISTEMA) values(15,'ou=sade.otrasactuaciones,ou=grupos,dc=gob,dc=ar',NULL,'Permiso otras actuaciones','EGOVERIS');
INSERT INTO edt_snrsa_g.adminsade_permisos (ID, PERMISO, ROL, DESCRIPCION, SISTEMA) values(16,'ou=sade.pases,ou=grupos,dc=gob,dc=ar',NULL,'Permiso pases','EGOVERIS');
INSERT INTO edt_snrsa_g.adminsade_permisos (ID, PERMISO, ROL, DESCRIPCION, SISTEMA) values(17,'ou=sade.remitos,ou=grupos,dc=gob,dc=ar',NULL,'Remitos','EGOVERIS');
INSERT INTO edt_snrsa_g.adminsade_permisos (ID, PERMISO, ROL, DESCRIPCION, SISTEMA) values(18,'ou=ee.administrador.pases,ou=grupos,dc=gob,dc=ar','Administrador de pases','Administrador de pases','TE');
INSERT INTO edt_snrsa_g.adminsade_permisos (ID, PERMISO, ROL, DESCRIPCION, SISTEMA) values(19,'admin.ffcc',NULL,'Permite el acceso al administrador de Formularios Controlados ','FFDD');
INSERT INTO edt_snrsa_g.adminsade_permisos (ID, PERMISO, ROL, DESCRIPCION, SISTEMA) values(20,'ou=ee.herramientas,ou=grupos,dc=gob,dc=ar',NULL,'Acceso a Herramientas','TE');
INSERT INTO edt_snrsa_g.adminsade_permisos (ID, PERMISO, ROL, DESCRIPCION, SISTEMA) values(21,'ou=ee.confidencial.sector,ou=grupos,dc=gob,dc=ar','SECTOR_CONFIDENCIAL','Ver Expedientes confidenciales Sector','TE');
INSERT INTO edt_snrsa_g.adminsade_permisos (ID, PERMISO, ROL, DESCRIPCION, SISTEMA) values(22,'ou=ee.confidencial.reparticion,ou=grupos,dc=gob,dc=ar','REPARTICION_CONFIDENCIAL','Ver Expedientes confidenciales Organismo','TE');
INSERT INTO edt_snrsa_g.adminsade_permisos (ID, PERMISO, ROL, DESCRIPCION, SISTEMA) values(23,'ou=te.adm.tipooper,ou=grupos,dc=egoveris,dc=com',NULL,'Acceso a la funcionalidad de Administración de Tipo de Operaciones','TE');
INSERT INTO edt_snrsa_g.adminsade_permisos (ID, PERMISO, ROL, DESCRIPCION, SISTEMA) values(24,'ou=proyect.lider.eu,ou=grupos,dc=gob,dc=ar','Proyect Lider','Proyect Lider','EGOVERIS');
INSERT INTO edt_snrsa_g.adminsade_permisos (ID, PERMISO, ROL, DESCRIPCION, SISTEMA) values(25,'ou=ee.confidencial.reserva,ou=grupos,dc=gob,dc=ar',NULL,'Permiso de Reserva de expedientes','TE');
INSERT INTO edt_snrsa_g.adminsade_permisos (ID, PERMISO, ROL, DESCRIPCION, SISTEMA) values(26,'ou=DEO.TAREAS.MISTAREAS,ou=grupos,dc=egoveris,dc=com',NULL,'Acceso Tareas DEO','DEO');
INSERT INTO edt_snrsa_g.adminsade_permisos (ID, PERMISO, ROL, DESCRIPCION, SISTEMA) values(27,'ou=ee.asignador,ou=grupos,dc=gob,dc=ar',NULL,'Asignar tareas','TE');
INSERT INTO edt_snrsa_g.adminsade_permisos (ID, PERMISO, ROL, DESCRIPCION, SISTEMA) values(28,'ou=ee.desarchivar,ou=grupos,dc=gob,dc=ar',NULL,'Rehabilitar Expedientes.','TE');
INSERT INTO edt_snrsa_g.adminsade_permisos (ID, PERMISO, ROL, DESCRIPCION, SISTEMA) values(29,'ou=ee.fusionador,ou=grupos,dc=gob,dc=ar',NULL,'Fusionar Expedientes.','TE');
INSERT INTO edt_snrsa_g.adminsade_permisos (ID, PERMISO, ROL, DESCRIPCION, SISTEMA) values(30,'ou=gedo.confidencial,ou=grupos,dc=gob,dc=ar',NULL,'Ver documentos confidenciales.','DEO');
INSERT INTO edt_snrsa_g.adminsade_permisos (ID, PERMISO, ROL, DESCRIPCION, SISTEMA) values(31,'ou=te.adm.tramites,ou=grupos,dc=egoveris,dc=com',NULL,'Acceso a la funcionalidad de Administración de Tipo de Trámites','TE');
INSERT INTO edt_snrsa_g.adminsade_permisos (ID, PERMISO, ROL, DESCRIPCION, SISTEMA) values(32,'ou=te.operaciones,ou=grupos,dc=egoveris,dc=com',NULL,'Acceso a la funcionalidad de Operaciones','TE');
INSERT INTO edt_snrsa_g.adminsade_permisos (ID, PERMISO, ROL, DESCRIPCION, SISTEMA) values(33,'ou=te.tareas.mistareas,ou=grupos,dc=egoveris,dc=com',NULL,'Acceso a la funcionalidad de Mis Tareas','TE');
INSERT INTO edt_snrsa_g.adminsade_permisos (ID, PERMISO, ROL, DESCRIPCION, SISTEMA) values(34,'ou=te.tareas.buzongrupal,ou=grupos,dc=egoveris,dc=com',NULL,'Acceso a la funcionalidad de Buzón Grupal','TE');
INSERT INTO edt_snrsa_g.adminsade_permisos (ID, PERMISO, ROL, DESCRIPCION, SISTEMA) values(35,'ou=te.tareas.supervisados,ou=grupos,dc=egoveris,dc=com',NULL,'Acceso a la funcionalidad de Supervisados','TE');
INSERT INTO edt_snrsa_g.adminsade_permisos (ID, PERMISO, ROL, DESCRIPCION, SISTEMA) values(36,'ou=te.consultas,ou=grupos,dc=egoveris,dc=com',NULL,'Acceso a la funcionalidad de Consultas','TE');
INSERT INTO edt_snrsa_g.adminsade_permisos (ID, PERMISO, ROL, DESCRIPCION, SISTEMA) values(37,'ou=te.rehabilitar,ou=grupos,dc=egoveris,dc=com',NULL,'Acceso a la funcionalidad de Rehabilitar Expedientes','TE');
INSERT INTO edt_snrsa_g.adminsade_permisos (ID, PERMISO, ROL, DESCRIPCION, SISTEMA) values(38,'ou=DEO.TAREAS.SUPERVISADAS,ou=grupos,dc=egoveris,dc=com',NULL,'Acceso Tareas Supervisadas DEO','DEO');
INSERT INTO edt_snrsa_g.adminsade_permisos (ID, PERMISO, ROL, DESCRIPCION, SISTEMA) values(39,'ou=edt,ou=grupos,dc=gob,dc=ar',NULL,'Permiso a EDT','EDT');
INSERT INTO edt_snrsa_g.adminsade_permisos (ID, PERMISO, ROL, DESCRIPCION, SISTEMA) values(40,'ou=DEO.CONSULTAS,ou=grupos,dc=egoveris,dc=com',NULL,'Acceso a consultas DEO','DEO');
INSERT INTO edt_snrsa_g.adminsade_permisos (ID, PERMISO, ROL, DESCRIPCION, SISTEMA) values(41,'ou=DEO.MIS.PLANTILLAS,ou=grupos,dc=egoveris,dc=com',NULL,'Acceso a plantillas DEO','DEO');
INSERT INTO edt_snrsa_g.adminsade_permisos (ID, PERMISO, ROL, DESCRIPCION, SISTEMA) values(42,'ou=wd.stateflow,ou=grupos,dc=egoveris,dc=com',NULL,'Acceso al diseñador de estados','WD');
INSERT INTO edt_snrsa_g.adminsade_permisos (ID, PERMISO, ROL, DESCRIPCION, SISTEMA) values(43,'ou=WD.TASKFLOW,ou=grupos,dc=egoveris,dc=com',NULL,'Acceso al diseñador de tareas','WD');
INSERT INTO edt_snrsa_g.adminsade_permisos (ID, PERMISO, ROL, DESCRIPCION, SISTEMA) values(44,'ou=deo.admin.documentos,ou=grupos,dc=egoveris,dc=com',NULL,'Acceso Adm Documentos','DEO');
INSERT INTO edt_snrsa_g.adminsade_permisos (ID, PERMISO, ROL, DESCRIPCION, SISTEMA) values(45,'ffdd',NULL,'Acceso a Formularios Dinamicos','FFDD');
INSERT INTO edt_snrsa_g.adminsade_permisos (ID, PERMISO, ROL, DESCRIPCION, SISTEMA) values(46,'ou=te.herramientas,ou=grupos,dc=egoveris,dc=com',NULL,'Acceso a la funcionalidad Herramientas','TE');
INSERT INTO edt_snrsa_g.edt_cargo_rol (EDTRL_ID, CARGO_ID) values (1,1);
INSERT INTO edt_snrsa_g.edt_cargos (ID, CARGO, RESTRINGIDO, USUARIO_CREACION, FECHA_MODIFICACION, FECHA_CREACION, VIGENTE, USUARIO_MODIFICACION, ID_REPARTICION) VALUES (1,'Administrador eGoveris',1,'ADMINEGOV',NULL,NULL,1,'ADMINEGOV',4);
ALTER SEQUENCE edt_snrsa_g.edt_cargos_id_seq RESTART WITH 10;
INSERT INTO edt_snrsa_g.edt_datos_usuario (ID_DATO_USUARIO, MAIL, OCUPACION, USER_, USUARIO, USER_SUPERIOR, MAIL_SUPERIOR, ID_SECTOR_INTERNO, CODIGO_SECTOR_INTERNO, FECHA_CADUCIDAD_SECTOR_INTERNO, ES_SECRETARIO, SECRETARIO, APELLIDO_NOMBRE, ACEPTACION_TYC, NUMERO_CUIT, EXTERNALIZAR_FIRMA_EN_GEDO, EXTERNALIZAR_FIRMA_EN_SIGA, EXTERNALIZAR_FIRMA_EN_CCOO, EXTERNALIZAR_FIRMA_EN_LOYS, USUARIO_ASESOR, NOTIFICAR_SOLICITUD_PF, CARGO, CAMBIAR_MESA) VALUES (1,'adminegov@everis.com',NULL,NULL,'ADMINEGOV','PUESTAINICIAL',NULL,1,'PVD',NULL,NULL,NULL,'Admin egov',1,21231231232,0,0,0,0,NULL,1,1,0);
ALTER SEQUENCE edt_snrsa_g.edt_datos_usuario_id_dato_usuario_seq RESTART WITH 10;
INSERT INTO edt_snrsa_g.edt_rol (EDTRL_ID, EDTRL_ROL, EDTRL_VISIBLE, EDTRL_USUARIO_CREACION, EDTRL_FECHA_CREACION, EDTRL_VIGENTE, EDTRL_USUARIO_MODIFICACION, EDTRL_FECHA_MODIFICACION) VALUES (1,'Administrador',1,'ADMINEGOV',NULL,2,'ADMINEGOV',NULL);
ALTER SEQUENCE edt_snrsa_g.edt_rol_id_seq RESTART WITH 10;
INSERT INTO edt_snrsa_g.edt_rol_permisos (EDTRL_ID, SD_PERMISO_ID) VALUES (1,1);
INSERT INTO edt_snrsa_g.edt_rol_permisos (EDTRL_ID, SD_PERMISO_ID) VALUES (1,2);
INSERT INTO edt_snrsa_g.edt_rol_permisos (EDTRL_ID, SD_PERMISO_ID) VALUES (1,3);
INSERT INTO edt_snrsa_g.edt_rol_permisos (EDTRL_ID, SD_PERMISO_ID) VALUES (1,4);
INSERT INTO edt_snrsa_g.edt_rol_permisos (EDTRL_ID, SD_PERMISO_ID) VALUES (1,5);
INSERT INTO edt_snrsa_g.edt_rol_permisos (EDTRL_ID, SD_PERMISO_ID) VALUES (1,6);
INSERT INTO edt_snrsa_g.edt_rol_permisos (EDTRL_ID, SD_PERMISO_ID) VALUES (1,7);
INSERT INTO edt_snrsa_g.edt_rol_permisos (EDTRL_ID, SD_PERMISO_ID) VALUES (1,8);
INSERT INTO edt_snrsa_g.edt_rol_permisos (EDTRL_ID, SD_PERMISO_ID) VALUES (1,9);
INSERT INTO edt_snrsa_g.edt_rol_permisos (EDTRL_ID, SD_PERMISO_ID) VALUES (1,10);
INSERT INTO edt_snrsa_g.edt_rol_permisos (EDTRL_ID, SD_PERMISO_ID) VALUES (1,11);
INSERT INTO edt_snrsa_g.edt_rol_permisos (EDTRL_ID, SD_PERMISO_ID) VALUES (1,12);
INSERT INTO edt_snrsa_g.edt_rol_permisos (EDTRL_ID, SD_PERMISO_ID) VALUES (1,13);
INSERT INTO edt_snrsa_g.edt_rol_permisos (EDTRL_ID, SD_PERMISO_ID) VALUES (1,14);
INSERT INTO edt_snrsa_g.edt_rol_permisos (EDTRL_ID, SD_PERMISO_ID) VALUES (1,15);
INSERT INTO edt_snrsa_g.edt_rol_permisos (EDTRL_ID, SD_PERMISO_ID) VALUES (1,16);
INSERT INTO edt_snrsa_g.edt_rol_permisos (EDTRL_ID, SD_PERMISO_ID) VALUES (1,17);
INSERT INTO edt_snrsa_g.edt_rol_permisos (EDTRL_ID, SD_PERMISO_ID) VALUES (1,18);
INSERT INTO edt_snrsa_g.edt_rol_permisos (EDTRL_ID, SD_PERMISO_ID) VALUES (1,19);
INSERT INTO edt_snrsa_g.edt_rol_permisos (EDTRL_ID, SD_PERMISO_ID) VALUES (1,20);
INSERT INTO edt_snrsa_g.edt_rol_permisos (EDTRL_ID, SD_PERMISO_ID) VALUES (1,21);
INSERT INTO edt_snrsa_g.edt_rol_permisos (EDTRL_ID, SD_PERMISO_ID) VALUES (1,22);
INSERT INTO edt_snrsa_g.edt_rol_permisos (EDTRL_ID, SD_PERMISO_ID) VALUES (1,23);
INSERT INTO edt_snrsa_g.edt_rol_permisos (EDTRL_ID, SD_PERMISO_ID) VALUES (1,24);
INSERT INTO edt_snrsa_g.edt_rol_permisos (EDTRL_ID, SD_PERMISO_ID) VALUES (1,25);
INSERT INTO edt_snrsa_g.edt_rol_permisos (EDTRL_ID, SD_PERMISO_ID) VALUES (1,26);
INSERT INTO edt_snrsa_g.edt_rol_permisos (EDTRL_ID, SD_PERMISO_ID) VALUES (1,27);
INSERT INTO edt_snrsa_g.edt_rol_permisos (EDTRL_ID, SD_PERMISO_ID) VALUES (1,28);
INSERT INTO edt_snrsa_g.edt_rol_permisos (EDTRL_ID, SD_PERMISO_ID) VALUES (1,29);
INSERT INTO edt_snrsa_g.edt_rol_permisos (EDTRL_ID, SD_PERMISO_ID) VALUES (1,30);
INSERT INTO edt_snrsa_g.edt_rol_permisos (EDTRL_ID, SD_PERMISO_ID) VALUES (1,31);
INSERT INTO edt_snrsa_g.edt_rol_permisos (EDTRL_ID, SD_PERMISO_ID) VALUES (1,32);
INSERT INTO edt_snrsa_g.edt_rol_permisos (EDTRL_ID, SD_PERMISO_ID) VALUES (1,33);
INSERT INTO edt_snrsa_g.edt_rol_permisos (EDTRL_ID, SD_PERMISO_ID) VALUES (1,34);
INSERT INTO edt_snrsa_g.edt_rol_permisos (EDTRL_ID, SD_PERMISO_ID) VALUES (1,35);
INSERT INTO edt_snrsa_g.edt_rol_permisos (EDTRL_ID, SD_PERMISO_ID) VALUES (1,36);
INSERT INTO edt_snrsa_g.edt_rol_permisos (EDTRL_ID, SD_PERMISO_ID) VALUES (1,37);
INSERT INTO edt_snrsa_g.edt_rol_permisos (EDTRL_ID, SD_PERMISO_ID) VALUES (1,38);
INSERT INTO edt_snrsa_g.edt_rol_permisos (EDTRL_ID, SD_PERMISO_ID) VALUES (1,39);
INSERT INTO edt_snrsa_g.edt_rol_permisos (EDTRL_ID, SD_PERMISO_ID) VALUES (1,40);
INSERT INTO edt_snrsa_g.edt_rol_permisos (EDTRL_ID, SD_PERMISO_ID) VALUES (1,41);
INSERT INTO edt_snrsa_g.edt_rol_permisos (EDTRL_ID, SD_PERMISO_ID) VALUES (1,42);
INSERT INTO edt_snrsa_g.edt_rol_permisos (EDTRL_ID, SD_PERMISO_ID) VALUES (1,43);
INSERT INTO edt_snrsa_g.edt_rol_permisos (EDTRL_ID, SD_PERMISO_ID) VALUES (1,44);
INSERT INTO edt_snrsa_g.edt_rol_permisos (EDTRL_ID, SD_PERMISO_ID) VALUES (1,45);
INSERT INTO edt_snrsa_g.edt_rol_permisos (EDTRL_ID, SD_PERMISO_ID) VALUES (1,46);
INSERT INTO edt_snrsa_g.edt_sade_actuacion (ID_ACTUACION, CODIGO_ACTUACION, NOMBRE_ACTUACION, VIGENCIA_DESDE, VIGENCIA_HASTA, INICIA_ACTUACION, JERARQUIA, INCORPORADO, AGREGADO, ANULADO, DESGLOSADO, VERSION, FECHA_CREACION, USUARIO_CREACION, FECHA_MODIFICACION, USUARIO_MODIFICACION, ESTADO_REGISTRO, ES_DOCUMENTO, DESHABILITADO_PAPEL) VALUES (1, 0,'ACTUACION BLANCO','2006-01-01','2099-01-01','N',1000,'N','N','N','N',2,'40015','migracion',NULL,NULL,0,0,0);
ALTER SEQUENCE edt_snrsa_g.edt_sade_actuacion_id_seq RESTART WITH 10;
ALTER SEQUENCE edt_snrsa_g.edt_sade_actuacion_audi_id_seq RESTART WITH 10;
INSERT INTO edt_snrsa_g.edt_sade_admin_reparticion (ID_ADMIN_REPARTICION, ID_REPARTICION, NOMBRE_USUARIO) VALUES (1,1,'ADMINEGOV');
INSERT INTO edt_snrsa_g.edt_sade_estructura (ID_ESTRUCTURA, CODIGO_ESTRUCTURA, NOMBRE_ESTRUCTURA, VIGENCIA_DESDE, VIGENCIA_HASTA, GENERA_ALS, VERSION, FECHA_CREACION, USUARIO_CREACION, FECHA_MODIFICACION, USUARIO_MODIFICACION, ESTADO_REGISTRO, ESTRUCTURA_PODER_EJECUTIVO) VALUES (1,0,'Metaorganismos','2017-01-01','2099-01-01','N',1,NULL,NULL,NULL,NULL,1,NULL);
INSERT INTO edt_snrsa_g.edt_sade_estructura (ID_ESTRUCTURA, CODIGO_ESTRUCTURA, NOMBRE_ESTRUCTURA, VIGENCIA_DESDE, VIGENCIA_HASTA, GENERA_ALS, VERSION, FECHA_CREACION, USUARIO_CREACION, FECHA_MODIFICACION, USUARIO_MODIFICACION, ESTADO_REGISTRO, ESTRUCTURA_PODER_EJECUTIVO) VALUES (5,5,'Ministerio','2017-01-01','2099-01-01','N',1,NULL,NULL,NULL,NULL,1,1);
INSERT INTO edt_snrsa_g.edt_sade_estructura (ID_ESTRUCTURA, CODIGO_ESTRUCTURA, NOMBRE_ESTRUCTURA, VIGENCIA_DESDE, VIGENCIA_HASTA, GENERA_ALS, VERSION, FECHA_CREACION, USUARIO_CREACION, FECHA_MODIFICACION, USUARIO_MODIFICACION, ESTADO_REGISTRO, ESTRUCTURA_PODER_EJECUTIVO) VALUES (6,6,'Secretaría','2017-01-01','2099-01-01','N',1,NULL,NULL,NULL,NULL,1,1);
INSERT INTO edt_snrsa_g.edt_sade_estructura (ID_ESTRUCTURA, CODIGO_ESTRUCTURA, NOMBRE_ESTRUCTURA, VIGENCIA_DESDE, VIGENCIA_HASTA, GENERA_ALS, VERSION, FECHA_CREACION, USUARIO_CREACION, FECHA_MODIFICACION, USUARIO_MODIFICACION, ESTADO_REGISTRO, ESTRUCTURA_PODER_EJECUTIVO) VALUES (7,7,'Subsecretaría','2017-01-01','2099-01-01','N',1,NULL,NULL,NULL,NULL,1,1);
INSERT INTO edt_snrsa_g.edt_sade_estructura (ID_ESTRUCTURA, CODIGO_ESTRUCTURA, NOMBRE_ESTRUCTURA, VIGENCIA_DESDE, VIGENCIA_HASTA, GENERA_ALS, VERSION, FECHA_CREACION, USUARIO_CREACION, FECHA_MODIFICACION, USUARIO_MODIFICACION, ESTADO_REGISTRO, ESTRUCTURA_PODER_EJECUTIVO) VALUES (8,8,'Dirección Nacional','2017-01-01','2099-01-01','N',1,NULL,NULL,NULL,NULL,1,1);
INSERT INTO edt_snrsa_g.edt_sade_estructura (ID_ESTRUCTURA, CODIGO_ESTRUCTURA, NOMBRE_ESTRUCTURA, VIGENCIA_DESDE, VIGENCIA_HASTA, GENERA_ALS, VERSION, FECHA_CREACION, USUARIO_CREACION, FECHA_MODIFICACION, USUARIO_MODIFICACION, ESTADO_REGISTRO, ESTRUCTURA_PODER_EJECUTIVO) VALUES (9,9,'Dirección General','2017-01-01','2099-01-01','N',1,NULL,NULL,NULL,NULL,1,NULL);
INSERT INTO edt_snrsa_g.edt_sade_estructura (ID_ESTRUCTURA, CODIGO_ESTRUCTURA, NOMBRE_ESTRUCTURA, VIGENCIA_DESDE, VIGENCIA_HASTA, GENERA_ALS, VERSION, FECHA_CREACION, USUARIO_CREACION, FECHA_MODIFICACION, USUARIO_MODIFICACION, ESTADO_REGISTRO, ESTRUCTURA_PODER_EJECUTIVO) VALUES (10,10,'Dirección ','2017-01-01','2099-01-01','N',1,NULL,NULL,NULL,NULL,1,1);
INSERT INTO edt_snrsa_g.edt_sade_estructura (ID_ESTRUCTURA, CODIGO_ESTRUCTURA, NOMBRE_ESTRUCTURA, VIGENCIA_DESDE, VIGENCIA_HASTA, GENERA_ALS, VERSION, FECHA_CREACION, USUARIO_CREACION, FECHA_MODIFICACION, USUARIO_MODIFICACION, ESTADO_REGISTRO, ESTRUCTURA_PODER_EJECUTIVO) VALUES (14,14,'Empresa','2017-01-01','2099-01-01','N',1,NULL,NULL,NULL,NULL,1,1);
INSERT INTO edt_snrsa_g.edt_sade_estructura (ID_ESTRUCTURA, CODIGO_ESTRUCTURA, NOMBRE_ESTRUCTURA, VIGENCIA_DESDE, VIGENCIA_HASTA, GENERA_ALS, VERSION, FECHA_CREACION, USUARIO_CREACION, FECHA_MODIFICACION, USUARIO_MODIFICACION, ESTADO_REGISTRO, ESTRUCTURA_PODER_EJECUTIVO) VALUES (12,12,'Jefatura de Gabinete','2017-01-01','2099-01-01','N',1,NULL,NULL,NULL,NULL,1,1);
INSERT INTO edt_snrsa_g.edt_sade_estructura (ID_ESTRUCTURA, CODIGO_ESTRUCTURA, NOMBRE_ESTRUCTURA, VIGENCIA_DESDE, VIGENCIA_HASTA, GENERA_ALS, VERSION, FECHA_CREACION, USUARIO_CREACION, FECHA_MODIFICACION, USUARIO_MODIFICACION, ESTADO_REGISTRO, ESTRUCTURA_PODER_EJECUTIVO) VALUES (13,13,'Organismo Público','2017-01-01','2099-01-01','N',1,NULL,NULL,NULL,NULL,1,1);
ALTER SEQUENCE edt_snrsa_g.edt_sade_estructura_id_seq RESTART WITH 20;
INSERT INTO edt_snrsa_g.edt_sade_jurisdiccion (ID, DESCRIPCION) VALUES (1,'Jurisdiccion 1');
INSERT INTO edt_snrsa_g.edt_sade_jurisdiccion (ID, DESCRIPCION) VALUES (2,'Jurisdiccion 2');
INSERT INTO edt_snrsa_g.edt_sade_jurisdiccion (ID, DESCRIPCION) VALUES (3,'Jurisdiccion 3');
ALTER SEQUENCE edt_snrsa_g.edt_sade_jurisdiccion_id_seq RESTART WITH 10;
INSERT INTO edt_snrsa_g.edt_sade_reparticion (ID_REPARTICION, CODIGO_REPARTICION, CODIGO_REPAR_INTER, NOMBRE_REPARTICION, VIGENCIA_DESDE, VIGENCIA_HASTA, NUMERO, PISO, OFICINA, TELEFONO, FAX, EMAIL, ID_ESTRUCTURA, EN_RED, SECTOR_MESA, VERSION, FECHA_CREACION, USUARIO_CREACION, FECHA_MODIFICACION, USUARIO_MODIFICACION, ESTADO_REGISTRO, ES_DGTAL, REP_PADRE, COD_DGTAL, ID_JURISDICCION, MINISTERIO, ADMINISTRADOR_PRESUPUESTO, calle) VALUES (1,'EGOV',NULL,'Metareparticion','2016-01-01','2099-01-01',3,NULL,NULL,NULL,NULL,NULL,1,NULL,NULL,1,NULL, NULL, NULL, NULL,1,1,NULL,NULL,NULL,NULL,NULL,NULL);
INSERT INTO edt_snrsa_g.edt_sade_reparticion (ID_REPARTICION, CODIGO_REPARTICION, CODIGO_REPAR_INTER, NOMBRE_REPARTICION, VIGENCIA_DESDE, VIGENCIA_HASTA, NUMERO, PISO, OFICINA, TELEFONO, FAX, EMAIL, ID_ESTRUCTURA, EN_RED, SECTOR_MESA, VERSION, FECHA_CREACION, USUARIO_CREACION, FECHA_MODIFICACION, USUARIO_MODIFICACION, ESTADO_REGISTRO, ES_DGTAL, REP_PADRE, COD_DGTAL, ID_JURISDICCION, MINISTERIO, ADMINISTRADOR_PRESUPUESTO, calle) VALUES (2,'MOP',NULL,'Ministerio de Obras Públicas','2016-01-01','2099-01-01',2,NULL,NULL,NULL,NULL,NULL,7,NULL,NULL,2,NULL, NULL, NULL, NULL,1,1,2,99,NULL,3,2,'Calle texto');
INSERT INTO edt_snrsa_g.edt_sade_reparticion (ID_REPARTICION, CODIGO_REPARTICION, CODIGO_REPAR_INTER, NOMBRE_REPARTICION, VIGENCIA_DESDE, VIGENCIA_HASTA, NUMERO, PISO, OFICINA, TELEFONO, FAX, EMAIL, ID_ESTRUCTURA, EN_RED, SECTOR_MESA, VERSION, FECHA_CREACION, USUARIO_CREACION, FECHA_MODIFICACION, USUARIO_MODIFICACION, ESTADO_REGISTRO, ES_DGTAL, REP_PADRE, COD_DGTAL, ID_JURISDICCION, MINISTERIO, ADMINISTRADOR_PRESUPUESTO, calle) VALUES (3,'MINCIVIL',NULL,'Ministerio Civil','2016-01-01','2099-01-01',1,NULL,NULL,NULL,NULL,NULL,5,NULL,NULL,1,NULL, NULL, NULL, NULL,1,1,NULL,99,NULL,NULL,NULL,'Calle texto');
INSERT INTO edt_snrsa_g.edt_sade_reparticion (ID_REPARTICION, CODIGO_REPARTICION, CODIGO_REPAR_INTER, NOMBRE_REPARTICION, VIGENCIA_DESDE, VIGENCIA_HASTA, NUMERO, PISO, OFICINA, TELEFONO, FAX, EMAIL, ID_ESTRUCTURA, EN_RED, SECTOR_MESA, VERSION, FECHA_CREACION, USUARIO_CREACION, FECHA_MODIFICACION, USUARIO_MODIFICACION, ESTADO_REGISTRO, ES_DGTAL, REP_PADRE, COD_DGTAL, ID_JURISDICCION, MINISTERIO, ADMINISTRADOR_PRESUPUESTO, calle) VALUES (4,'REGCIVIL',NULL,'Registro Civil','2016-01-01','2099-01-01',123,NULL,NULL,NULL,NULL,NULL,13,NULL,NULL,0,NULL, NULL, NULL, NULL,1,1,2,99,NULL,3,2,'Calle Aldunate');
ALTER SEQUENCE edt_snrsa_g.edt_sade_reparticion_id_seq RESTART WITH 10;
INSERT INTO edt_snrsa_g.edt_sade_reparticion_seleccionada (ID_REPARTICION_SELECCIONADA, ID_REPARTICION, NOMBRE_USUARIO, ID_SECTOR_INTERNO) VALUES (1,4,'ADMINEGOV',1);
ALTER SEQUENCE edt_snrsa_g.edt_sade_reparticion_seleccionada_id_seq RESTART WITH 10;
INSERT INTO edt_snrsa_g.edt_sade_sector_interno (ID_SECTOR_INTERNO, CODIGO_SECTOR_INTERNO, NOMBRE_SECTOR_INTERNO, CALLE, NUMERO, PISO, OFICINA, TELEFONO, FAX, EMAIL, VIGENCIA_DESDE, VIGENCIA_HASTA, EN_RED, SECTOR_MESA, VERSION, FECHA_CREACION, USUARIO_CREACION, FECHA_MODIFICACION, USUARIO_MODIFICACION, ESTADO_REGISTRO, CODIGO_REPARTICION, SECTOR_INTERNO_AGRUPACION_INDE, ID_AGRUPACION_SECTOR_MESA, MESA_VIRTUAL, ES_ARCHIVO, USUARIO_ASIGNADOR) VALUES (1,'SOLICITUDES','Solicitudes Documentos','calle1',123,NULL,NULL,NULL,NULL,NULL,'2016-01-01','2099-01-01',NULL,'S',NULL,NULL,NULL,NULL,NULL,1,4,NULL,NULL,1,0,NULL);
ALTER SEQUENCE edt_snrsa_g.edt_sade_sector_interno_id_seq RESTART WITH 10;
INSERT INTO edt_snrsa_g.edt_sade_sector_usuario (ID_SECTOR_USUARIO, ID_SECTOR_INTERNO, NOMBRE_USUARIO, PROCESO, ESTADO_REGISTRO, VERSION, FECHA_CREACION, USUARIO_CREACION, FECHA_MODIFICACION, USUARIO_MODIFICACION, CARGO_ID) VALUES (1,1,'ADMINEGOV','SUME',1,0,SYSDATE(),NULL,NULL,NULL,1);
ALTER SEQUENCE edt_snrsa_g.edt_sade_sector_usuario_id_seq RESTART WITH 10;
INSERT INTO edt_snrsa_g.edt_sade_usr_repa_habilitada (ID_USR_REPA_HABILITADA, ID_REPARTICION, NOMBRE_USUARIO, ID_SECTOR_INTERNO, CARGO_ID) VALUES (1,4,'ADMINEGOV',1,1);
ALTER SEQUENCE edt_snrsa_g.edt_sade_usr_repa_habilitada_id_seq RESTART WITH 10;
INSERT INTO edt_snrsa_g.eu_aplicacion (ID, NOMBRE, DESCRIPCION, URLAPLICACION, URLAPLICACIONVALIDACION, URLAPLICACIONINBOX, URLAPLICACIONINBOXSUPERVISADO, URLAPLICACIONBUZON, VISIBLEMISTAREAS, VISIBLEMISSISTEMAS, VISIBLEMISSUPERVISADOS, VISIBLEBUZONGRUPAL, VISIBLE) VALUES (1,'DEO','Documentos Electronicos Oficiales','http://desa.egoveris.com:9010/deo-web/','http://desa.egoveris.com:9010/deo-web/','http://desa.egoveris.com:9010/deo-web/','http://desa.egoveris.com:9010/deo-web/','http://desa.egoveris.com:9010/deo-web/',1,1,1,0,1);
INSERT INTO edt_snrsa_g.eu_aplicacion (ID, NOMBRE, DESCRIPCION, URLAPLICACION, URLAPLICACIONVALIDACION, URLAPLICACIONINBOX, URLAPLICACIONINBOXSUPERVISADO, URLAPLICACIONBUZON, VISIBLEMISTAREAS, VISIBLEMISSISTEMAS, VISIBLEMISSUPERVISADOS, VISIBLEBUZONGRUPAL, VISIBLE) VALUES (2,'TE','Tramitador Electronico','http://desa.egoveris.com:9010/te-web/','http://desa.egoveris.com:9010/te-web/','http://desa.egoveris.com:9010/te-web/','http://desa.egoveris.com:9010/te-web/','http://desa.egoveris.com:9010/te-web/',1,1,1,1,1);
INSERT INTO edt_snrsa_g.eu_aplicacion (ID, NOMBRE, DESCRIPCION, URLAPLICACION, URLAPLICACIONVALIDACION, URLAPLICACIONINBOX, URLAPLICACIONINBOXSUPERVISADO, URLAPLICACIONBUZON, VISIBLEMISTAREAS, VISIBLEMISSISTEMAS, VISIBLEMISSUPERVISADOS, VISIBLEBUZONGRUPAL, VISIBLE) VALUES (3,'EDT','Escritorio de Trabajo','http://desa.egoveris.com:9000/edt-web/','http://desa.egoveris.com:9000/edt-web/','http://desa.egoveris.com:9000/edt-web/','http://desa.egoveris.com:9000/edt-web/','http://desa.egoveris.com:9000/edt-web/',0,1,0,0,1);
INSERT INTO edt_snrsa_g.eu_aplicacion (ID, NOMBRE, DESCRIPCION, URLAPLICACION, URLAPLICACIONVALIDACION, URLAPLICACIONINBOX, URLAPLICACIONINBOXSUPERVISADO, URLAPLICACIONBUZON, VISIBLEMISTAREAS, VISIBLEMISSISTEMAS, VISIBLEMISSUPERVISADOS, VISIBLEBUZONGRUPAL, VISIBLE) VALUES (4,'FFDD','Formularios Dinamicos','http://desa.egoveris.com:9000/ffdd-web','http://desa.egoveris.com:9000/ffdd-web','http://desa.egoveris.com:9000/ffdd-web','http://desa.egoveris.com:9000/ffdd-web','http://desa.egoveris.com:9000/ffdd-web',0,1,0,0,1);
INSERT INTO edt_snrsa_g.eu_aplicacion (ID, NOMBRE, DESCRIPCION, URLAPLICACION, URLAPLICACIONVALIDACION, URLAPLICACIONINBOX, URLAPLICACIONINBOXSUPERVISADO, URLAPLICACIONBUZON, VISIBLEMISTAREAS, VISIBLEMISSISTEMAS, VISIBLEMISSUPERVISADOS, VISIBLEBUZONGRUPAL, VISIBLE) VALUES (5,'VUC Man','Administrador VUC','http://desa.egoveris.com:9020/vuc-man','http://desa.egoveris.com:9020/vuc-man','http://desa.egoveris.com:9020/vuc-man','http://desa.egoveris.com:9020/vuc-man','http://desa.egoveris.com:9020/vuc-man',0,1,0,0,1);
ALTER SEQUENCE edt_snrsa_g.eu_aplicacion_id_seq RESTART WITH 10;
INSERT INTO edt_snrsa_g.eu_categoria (ID, CATEGORIA) VALUES (1,'Mantenimiento');
INSERT INTO edt_snrsa_g.eu_categoria (ID, CATEGORIA) VALUES (2,'Nueva Versión');
INSERT INTO edt_snrsa_g.eu_feriados (ID, MOTIVO, FECHA) VALUES (2,'Navidad','2017-12-25');
INSERT INTO edt_snrsa_g.eu_feriados (ID, MOTIVO, FECHA) VALUES (3,'Año nuevo','2017-12-31');
INSERT INTO edt_snrsa_g.eu_feriados (ID, MOTIVO, FECHA) VALUES (5,'Aniversario empresa','2017-05-21');
ALTER SEQUENCE edt_snrsa_g.eu_feriados_id_seq RESTART WITH 10;
ALTER SEQUENCE edt_snrsa_g.eu_feriados_audi_id_seq RESTART WITH 10;
ALTER SEQUENCE edt_snrsa_g.eu_novedad_id_seq RESTART WITH 10;
ALTER SEQUENCE edt_snrsa_g.eu_novedad_hist_id_seq RESTART WITH 10;
INSERT INTO edt_snrsa_g.eu_grupo_permisos (ID, FK_ADMINSADE_PERMISOS, GRUPO_USUARIO) VALUES (1,1,'AC');
INSERT INTO edt_snrsa_g.eu_grupo_permisos (ID, FK_ADMINSADE_PERMISOS, GRUPO_USUARIO) VALUES (2,2,'AC');
INSERT INTO edt_snrsa_g.eu_grupo_permisos (ID, FK_ADMINSADE_PERMISOS, GRUPO_USUARIO) VALUES (3,3,'AC');
INSERT INTO edt_snrsa_g.eu_grupo_permisos (ID, FK_ADMINSADE_PERMISOS, GRUPO_USUARIO) VALUES (4,4,'AC');
INSERT INTO edt_snrsa_g.eu_grupo_permisos (ID, FK_ADMINSADE_PERMISOS, GRUPO_USUARIO) VALUES (5,5,'AC');
INSERT INTO edt_snrsa_g.eu_grupo_permisos (ID, FK_ADMINSADE_PERMISOS, GRUPO_USUARIO) VALUES (6,6,'AC');
INSERT INTO edt_snrsa_g.eu_grupo_permisos (ID, FK_ADMINSADE_PERMISOS, GRUPO_USUARIO) VALUES (7,7,'AC');
INSERT INTO edt_snrsa_g.eu_grupo_permisos (ID, FK_ADMINSADE_PERMISOS, GRUPO_USUARIO) VALUES (8,8,'AC');
INSERT INTO edt_snrsa_g.eu_grupo_permisos (ID, FK_ADMINSADE_PERMISOS, GRUPO_USUARIO) VALUES (9,9,'AC');
INSERT INTO edt_snrsa_g.eu_grupo_permisos (ID, FK_ADMINSADE_PERMISOS, GRUPO_USUARIO) VALUES (10,10,'AC');
INSERT INTO edt_snrsa_g.eu_grupo_permisos (ID, FK_ADMINSADE_PERMISOS, GRUPO_USUARIO) VALUES (11,11,'AC');
INSERT INTO edt_snrsa_g.eu_grupo_permisos (ID, FK_ADMINSADE_PERMISOS, GRUPO_USUARIO) VALUES (12,12,'AC');
INSERT INTO edt_snrsa_g.eu_grupo_permisos (ID, FK_ADMINSADE_PERMISOS, GRUPO_USUARIO) VALUES (13,13,'AC');
INSERT INTO edt_snrsa_g.eu_grupo_permisos (ID, FK_ADMINSADE_PERMISOS, GRUPO_USUARIO) VALUES (14,14,'AC');
INSERT INTO edt_snrsa_g.eu_grupo_permisos (ID, FK_ADMINSADE_PERMISOS, GRUPO_USUARIO) VALUES (15,15,'AC');
INSERT INTO edt_snrsa_g.eu_grupo_permisos (ID, FK_ADMINSADE_PERMISOS, GRUPO_USUARIO) VALUES (16,16,'AC');
INSERT INTO edt_snrsa_g.eu_grupo_permisos (ID, FK_ADMINSADE_PERMISOS, GRUPO_USUARIO) VALUES (17,17,'AC');
INSERT INTO edt_snrsa_g.eu_grupo_permisos (ID, FK_ADMINSADE_PERMISOS, GRUPO_USUARIO) VALUES (18,18,'AC');
INSERT INTO edt_snrsa_g.eu_grupo_permisos (ID, FK_ADMINSADE_PERMISOS, GRUPO_USUARIO) VALUES (19,19,'AC');
INSERT INTO edt_snrsa_g.eu_grupo_permisos (ID, FK_ADMINSADE_PERMISOS, GRUPO_USUARIO) VALUES (20,20,'AC');
INSERT INTO edt_snrsa_g.eu_grupo_permisos (ID, FK_ADMINSADE_PERMISOS, GRUPO_USUARIO) VALUES (21,21,'AC');
INSERT INTO edt_snrsa_g.eu_grupo_permisos (ID, FK_ADMINSADE_PERMISOS, GRUPO_USUARIO) VALUES (22,22,'AC');
INSERT INTO edt_snrsa_g.eu_grupo_permisos (ID, FK_ADMINSADE_PERMISOS, GRUPO_USUARIO) VALUES (23,23,'AC');
INSERT INTO edt_snrsa_g.eu_grupo_permisos (ID, FK_ADMINSADE_PERMISOS, GRUPO_USUARIO) VALUES (24,24,'AC');
INSERT INTO edt_snrsa_g.eu_grupo_permisos (ID, FK_ADMINSADE_PERMISOS, GRUPO_USUARIO) VALUES (25,25,'AC');
INSERT INTO edt_snrsa_g.eu_grupo_permisos (ID, FK_ADMINSADE_PERMISOS, GRUPO_USUARIO) VALUES (26,26,'AC');
INSERT INTO edt_snrsa_g.eu_grupo_permisos (ID, FK_ADMINSADE_PERMISOS, GRUPO_USUARIO) VALUES (27,27,'AC');
INSERT INTO edt_snrsa_g.eu_grupo_permisos (ID, FK_ADMINSADE_PERMISOS, GRUPO_USUARIO) VALUES (28,28,'AC');
INSERT INTO edt_snrsa_g.eu_grupo_permisos (ID, FK_ADMINSADE_PERMISOS, GRUPO_USUARIO) VALUES (29,29,'AC');
INSERT INTO edt_snrsa_g.eu_grupo_permisos (ID, FK_ADMINSADE_PERMISOS, GRUPO_USUARIO) VALUES (30,30,'AC');
INSERT INTO edt_snrsa_g.eu_grupo_permisos (ID, FK_ADMINSADE_PERMISOS, GRUPO_USUARIO) VALUES (31,31,'AC');
INSERT INTO edt_snrsa_g.eu_grupo_permisos (ID, FK_ADMINSADE_PERMISOS, GRUPO_USUARIO) VALUES (32,32,'AC');
INSERT INTO edt_snrsa_g.eu_grupo_permisos (ID, FK_ADMINSADE_PERMISOS, GRUPO_USUARIO) VALUES (33,33,'AC');
INSERT INTO edt_snrsa_g.eu_grupo_permisos (ID, FK_ADMINSADE_PERMISOS, GRUPO_USUARIO) VALUES (34,34,'AC');
INSERT INTO edt_snrsa_g.eu_grupo_permisos (ID, FK_ADMINSADE_PERMISOS, GRUPO_USUARIO) VALUES (35,35,'AC');
INSERT INTO edt_snrsa_g.eu_grupo_permisos (ID, FK_ADMINSADE_PERMISOS, GRUPO_USUARIO) VALUES (36,36,'AC');
INSERT INTO edt_snrsa_g.eu_grupo_permisos (ID, FK_ADMINSADE_PERMISOS, GRUPO_USUARIO) VALUES (37,37,'AC');
INSERT INTO edt_snrsa_g.eu_grupo_permisos (ID, FK_ADMINSADE_PERMISOS, GRUPO_USUARIO) VALUES (38,38,'AC');
INSERT INTO edt_snrsa_g.eu_grupo_permisos (ID, FK_ADMINSADE_PERMISOS, GRUPO_USUARIO) VALUES (39,39,'AC');
INSERT INTO edt_snrsa_g.eu_grupo_permisos (ID, FK_ADMINSADE_PERMISOS, GRUPO_USUARIO) VALUES (40,40,'AC');
INSERT INTO edt_snrsa_g.eu_grupo_permisos (ID, FK_ADMINSADE_PERMISOS, GRUPO_USUARIO) VALUES (41,41,'AC');
INSERT INTO edt_snrsa_g.eu_grupo_permisos (ID, FK_ADMINSADE_PERMISOS, GRUPO_USUARIO) VALUES (42,42,'AC');
INSERT INTO edt_snrsa_g.eu_grupo_permisos (ID, FK_ADMINSADE_PERMISOS, GRUPO_USUARIO) VALUES (43,43,'AC');
INSERT INTO edt_snrsa_g.eu_grupo_permisos (ID, FK_ADMINSADE_PERMISOS, GRUPO_USUARIO) VALUES (44,44,'AC');
INSERT INTO edt_snrsa_g.eu_grupo_permisos (ID, FK_ADMINSADE_PERMISOS, GRUPO_USUARIO) VALUES (45,45,'AC');
INSERT INTO edt_snrsa_g.eu_grupo_permisos (ID, FK_ADMINSADE_PERMISOS, GRUPO_USUARIO) VALUES (46,46,'AC');
INSERT INTO edt_snrsa_g.eu_usuario_buzongrupal (ID, APLICACIONID, USUARIO) VALUES (1,2,'ADMINEGOV');
ALTER SEQUENCE edt_snrsa_g.eu_usuario_buzongrupal_id_seq RESTART WITH 10;
ALTER SEQUENCE edt_snrsa_g.eu_usuario_frecuencias_id_seq RESTART WITH 10;
INSERT INTO edt_snrsa_g.eu_usuario_missistemas (ID, APLICACIONID, USUARIO) VALUES (1,1,'ADMINEGOV');
INSERT INTO edt_snrsa_g.eu_usuario_missistemas (ID, APLICACIONID, USUARIO) VALUES (2,2,'ADMINEGOV');
INSERT INTO edt_snrsa_g.eu_usuario_missistemas (ID, APLICACIONID, USUARIO) VALUES (3,3,'ADMINEGOV');
INSERT INTO edt_snrsa_g.eu_usuario_missistemas (ID, APLICACIONID, USUARIO) VALUES (4,4,'ADMINEGOV');
INSERT INTO edt_snrsa_g.eu_usuario_missistemas (ID, APLICACIONID, USUARIO) VALUES (5,5,'ADMINEGOV');
ALTER SEQUENCE edt_snrsa_g.eu_usuario_missistemas_id_seq RESTART WITH 10;
INSERT INTO edt_snrsa_g.eu_usuario_missupervisados (ID, APLICACIONID, USUARIO) VALUES (1,1,'ADMINEGOV');
INSERT INTO edt_snrsa_g.eu_usuario_missupervisados (ID, APLICACIONID, USUARIO) VALUES (2,2,'ADMINEGOV');
ALTER SEQUENCE edt_snrsa_g.eu_usuario_missupervisados_id_seq RESTART WITH 10;
INSERT INTO edt_snrsa_g.eu_usuario_mistareas (ID, APLICACIONID, USUARIO) VALUES (1,1,'ADMINEGOV');
INSERT INTO edt_snrsa_g.eu_usuario_mistareas (ID, APLICACIONID, USUARIO) VALUES (2,2,'ADMINEGOV');
ALTER SEQUENCE edt_snrsa_g.eu_usuario_mistareas_id_seq RESTART WITH 10;
ALTER SEQUENCE edt_snrsa_g.sade_app_alive_logger_id_seq RESTART WITH 10;
ALTER SEQUENCE edt_snrsa_g.tad_busqueda_auditoria_id_seq RESTART WITH 10;
INSERT INTO edt_snrsa_g.property_configuration (CLAVE, VALOR, CONFIGURACION) VALUES ('acronimoPaseEE','PV','EE');
INSERT INTO edt_snrsa_g.property_configuration (CLAVE, VALOR, CONFIGURACION) VALUES ('actEstadoRegistro.cronExpression','0 0 23 1/1 * ? *','RLM');
INSERT INTO edt_snrsa_g.property_configuration (CLAVE, VALOR, CONFIGURACION) VALUES ('ad.acronimo.paquete.archivo.gedo','ARCHI','SGA');
INSERT INTO edt_snrsa_g.property_configuration (CLAVE, VALOR, CONFIGURACION) VALUES ('ad.carpeta.raiz.rudo','EXPEDIENTE_ELECTRONICO_ARCHIVADO','SISTEMA');
INSERT INTO edt_snrsa_g.property_configuration (CLAVE, VALOR, CONFIGURACION) VALUES ('amq.eu.alertas','eu.notificaciones','EU');
INSERT INTO edt_snrsa_g.property_configuration (CLAVE, VALOR, CONFIGURACION) VALUES ('amq.url','tcp://localhost:61616','EU');
INSERT INTO edt_snrsa_g.property_configuration (CLAVE, VALOR, CONFIGURACION) VALUES ('app.ccoo.url','http://euc.cap.gde.gob.ar/co-satra-tramita-web','EU');
INSERT INTO edt_snrsa_g.property_configuration (CLAVE, VALOR, CONFIGURACION) VALUES ('app.co.satra.url','http://euc.cap.gde.gob.ar/co-satra-tramita-web/','GEDO');
INSERT INTO edt_snrsa_g.property_configuration (CLAVE, VALOR, CONFIGURACION) VALUES ('app.context_path','eu-web','EU');
INSERT INTO edt_snrsa_g.property_configuration (CLAVE, VALOR, CONFIGURACION) VALUES ('app.deo.url','https://qa.trade.com/deo-web','SISTEMA');
INSERT INTO edt_snrsa_g.property_configuration (CLAVE, VALOR, CONFIGURACION) VALUES ('app.deploy.departamento',' ','SISTEMA');
INSERT INTO edt_snrsa_g.property_configuration (CLAVE, VALOR, CONFIGURACION) VALUES ('app.deploy.localidad',' ','SISTEMA');
INSERT INTO edt_snrsa_g.property_configuration (CLAVE, VALOR, CONFIGURACION) VALUES ('app.deploy.provincia',' ','SISTEMA');
INSERT INTO edt_snrsa_g.property_configuration (CLAVE, VALOR, CONFIGURACION) VALUES ('app.ecosistema','APN','EE');
INSERT INTO edt_snrsa_g.property_configuration (CLAVE, VALOR, CONFIGURACION) VALUES ('app.ecosistema','APN','GEDO');
INSERT INTO edt_snrsa_g.property_configuration (CLAVE, VALOR, CONFIGURACION) VALUES ('app.ecosistema','   ','SISTEMA');
INSERT INTO edt_snrsa_g.property_configuration (CLAVE, VALOR, CONFIGURACION) VALUES ('app.ecosistema.label','GDE','GEDO');
INSERT INTO edt_snrsa_g.property_configuration (CLAVE, VALOR, CONFIGURACION) VALUES ('app.edt.fromEmail','noreply@egoveris.com','SISTEMA');
INSERT INTO edt_snrsa_g.property_configuration (CLAVE, VALOR, CONFIGURACION) VALUES ('app.ee.url','https://qa.trade.com/te-web','SISTEMA');
INSERT INTO edt_snrsa_g.property_configuration (CLAVE, VALOR, CONFIGURACION) VALUES ('app.eu.mail.password','gde20161234','EU');
INSERT INTO edt_snrsa_g.property_configuration (CLAVE, VALOR, CONFIGURACION) VALUES ('app.eu.mail.password','gde20161234','SISTEMA');
INSERT INTO edt_snrsa_g.property_configuration (CLAVE, VALOR, CONFIGURACION) VALUES ('app.eu.mail.user','gde@modernizacion.gob.ar','CCOO');
INSERT INTO edt_snrsa_g.property_configuration (CLAVE, VALOR, CONFIGURACION) VALUES ('app.eu.mail.user','gde@modernizacion.gob.ar','EE');
INSERT INTO edt_snrsa_g.property_configuration (CLAVE, VALOR, CONFIGURACION) VALUES ('app.eu.mail.user','gde@modernizacion.gob.ar','EU');
INSERT INTO edt_snrsa_g.property_configuration (CLAVE, VALOR, CONFIGURACION) VALUES ('app.eu.mail.user','gde@modernizacion.gob.ar','GEDO');
INSERT INTO edt_snrsa_g.property_configuration (CLAVE, VALOR, CONFIGURACION) VALUES ('app.eu.url','https://qa.trade.com/edt-web','SISTEMA');
INSERT INTO edt_snrsa_g.property_configuration (CLAVE, VALOR, CONFIGURACION) VALUES ('app.ffdd.url','https://qa.trade.com/ffdd-web','SISTEMA');
INSERT INTO edt_snrsa_g.property_configuration (CLAVE, VALOR, CONFIGURACION) VALUES ('app.fuse.endpoint.url','http://7.212.8.212:9600/message/send','SISTEMA');
INSERT INTO edt_snrsa_g.property_configuration (CLAVE, VALOR, CONFIGURACION) VALUES ('app.fuse.wsdl.request','http://7.212.8.112:9090/ws/FuseDemoService?wsdl','SISTEMA');
INSERT INTO edt_snrsa_g.property_configuration (CLAVE, VALOR, CONFIGURACION) VALUES ('app.gedo.batch.url','https://qa.trade.com/deo-web','EU');
INSERT INTO edt_snrsa_g.property_configuration (CLAVE, VALOR, CONFIGURACION) VALUES ('app.gedo.url','https://qa.trade.com/deo-web','SISTEMA');
INSERT INTO edt_snrsa_g.property_configuration (CLAVE, VALOR, CONFIGURACION) VALUES ('app.loys.url','http://loys-test.gcaba.everis.int:80/loys-satra-tramita-web','SISTEMA');
INSERT INTO edt_snrsa_g.property_configuration (CLAVE, VALOR, CONFIGURACION) VALUES ('app.mail.ccoo.link',' http://euc.cap.gde.gob.ar/ccoo-web/','GEDO');
INSERT INTO edt_snrsa_g.property_configuration (CLAVE, VALOR, CONFIGURACION) VALUES ('app.max.preview','3','SISTEMA');
INSERT INTO edt_snrsa_g.property_configuration (CLAVE, VALOR, CONFIGURACION) VALUES ('app.mule.url','http://desa.egoveris.com:8099','EU');
INSERT INTO edt_snrsa_g.property_configuration (CLAVE, VALOR, CONFIGURACION) VALUES ('app.mule.url','http://desa.egoveris.com:8099','MULE');
INSERT INTO edt_snrsa_g.property_configuration (CLAVE, VALOR, CONFIGURACION) VALUES ('app.name','eGoveris','GEDO');
INSERT INTO edt_snrsa_g.property_configuration (CLAVE, VALOR, CONFIGURACION) VALUES ('app.nombreModulo','SADE','RLM');
INSERT INTO edt_snrsa_g.property_configuration (CLAVE, VALOR, CONFIGURACION) VALUES ('app.noValidarCcooLogin','12,13,14,15','TRACK');
INSERT INTO edt_snrsa_g.property_configuration (CLAVE, VALOR, CONFIGURACION) VALUES ('app.numerador.rep.actu.GEDO','APN','NUMERADOR');
INSERT INTO edt_snrsa_g.property_configuration (CLAVE, VALOR, CONFIGURACION) VALUES ('app.numerador.tiempoRecargaSectores','3600000','NUMERADOR');
INSERT INTO edt_snrsa_g.property_configuration (CLAVE, VALOR, CONFIGURACION) VALUES ('app.numerador.url','https://qa.trade.com/numerador-web','SISTEMA');
INSERT INTO edt_snrsa_g.property_configuration (CLAVE, VALOR, CONFIGURACION) VALUES ('app.psoc.url','http://desa.egoveris.com:9030/gedo-web','EU');
INSERT INTO edt_snrsa_g.property_configuration (CLAVE, VALOR, CONFIGURACION) VALUES ('app.rib.url','http:///rib-web/','RLM');
INSERT INTO edt_snrsa_g.property_configuration (CLAVE, VALOR, CONFIGURACION) VALUES ('app.ric.rmi.url','7.217.8.48','SISTEMA');
INSERT INTO edt_snrsa_g.property_configuration (CLAVE, VALOR, CONFIGURACION) VALUES ('app.ric.url','http://ric-test.gcaba.everis.int/ric-web-man','SISTEMA');
INSERT INTO edt_snrsa_g.property_configuration (CLAVE, VALOR, CONFIGURACION) VALUES ('app.sistema.gestor.documental','WEBDAV','SISTEMA');
INSERT INTO edt_snrsa_g.property_configuration (CLAVE, VALOR, CONFIGURACION) VALUES ('app.te.url','https://qa.trade.com/te-web','SISTEMA');
INSERT INTO edt_snrsa_g.property_configuration (CLAVE, VALOR, CONFIGURACION) VALUES ('app.ticapdf.algoritmo','SHA-256','SISTEMA');
INSERT INTO edt_snrsa_g.property_configuration (CLAVE, VALOR, CONFIGURACION) VALUES ('app.ticapdf.alias','egoveris','SISTEMA');
INSERT INTO edt_snrsa_g.property_configuration (CLAVE, VALOR, CONFIGURACION) VALUES ('app.ticapdf.keystore','/data/config/ticaconf/certificates/keyStore','SISTEMA');
INSERT INTO edt_snrsa_g.property_configuration (CLAVE, VALOR, CONFIGURACION) VALUES ('app.ticapdf.password','egoveris','SISTEMA');
INSERT INTO edt_snrsa_g.property_configuration (CLAVE, VALOR, CONFIGURACION) VALUES ('app.ticapdf.sello','/data/config/ticaconf/images/sello.png','SISTEMA');
INSERT INTO edt_snrsa_g.property_configuration (CLAVE, VALOR, CONFIGURACION) VALUES ('app.ticapdf.url','https://qa.trade.com/tica-web','SISTEMA');
INSERT INTO edt_snrsa_g.property_configuration (CLAVE, VALOR, CONFIGURACION) VALUES ('app.track.url','http://eut.cap.gde.gob.ar/sade-satra-tramita-web','SISTEMA');
INSERT INTO edt_snrsa_g.property_configuration (CLAVE, VALOR, CONFIGURACION) VALUES ('app.url','http://eud.cap.gde.gob.ar/sade-dm-web','DM');
INSERT INTO edt_snrsa_g.property_configuration (CLAVE, VALOR, CONFIGURACION) VALUES ('app.url','https://qa.trade.com/te-web','EE');
INSERT INTO edt_snrsa_g.property_configuration (CLAVE, VALOR, CONFIGURACION) VALUES ('app.url','https://qa.trade.com/edt-web','EU');
INSERT INTO edt_snrsa_g.property_configuration (CLAVE, VALOR, CONFIGURACION) VALUES ('app.url','https://qa.trade.com/ffdd-web','FFDD');
INSERT INTO edt_snrsa_g.property_configuration (CLAVE, VALOR, CONFIGURACION) VALUES ('app.url','https://qa.trade.com/deo-web','GEDO');
INSERT INTO edt_snrsa_g.property_configuration (CLAVE, VALOR, CONFIGURACION) VALUES ('app.url','https://qa.trade.com/wd-web','WD');
INSERT INTO edt_snrsa_g.property_configuration (CLAVE, VALOR, CONFIGURACION) VALUES ('app.vuc.url','https://qa.trade.com/vuc-front-web','SISTEMA');
INSERT INTO edt_snrsa_g.property_configuration (CLAVE, VALOR, CONFIGURACION) VALUES ('arch.enviarAEECarat','1','SGA');
INSERT INTO edt_snrsa_g.property_configuration (CLAVE, VALOR, CONFIGURACION) VALUES ('arch.enviarAEEMasivo','0','SGA');
INSERT INTO edt_snrsa_g.property_configuration (CLAVE, VALOR, CONFIGURACION) VALUES ('arch.formatoFechaBATCH','dd-MM-yyyy','SGA');
INSERT INTO edt_snrsa_g.property_configuration (CLAVE, VALOR, CONFIGURACION) VALUES ('arch.loteCaratulaMasiva','999','SGA');
INSERT INTO edt_snrsa_g.property_configuration (CLAVE, VALOR, CONFIGURACION) VALUES ('arch.motivo.Guarda.Temporal','Pase a Guarda Temporal ','SGA');
INSERT INTO edt_snrsa_g.property_configuration (CLAVE, VALOR, CONFIGURACION) VALUES ('arch.nombreMetadato.trata.electronica','Ex. papel','SGA');
INSERT INTO edt_snrsa_g.property_configuration (CLAVE, VALOR, CONFIGURACION) VALUES ('arch.separador.csv','#','SGA');
INSERT INTO edt_snrsa_g.property_configuration (CLAVE, VALOR, CONFIGURACION) VALUES ('arch.service.url','http://eua.cap.gde.gob.ar/archivo-web','TRACK');
INSERT INTO edt_snrsa_g.property_configuration (CLAVE, VALOR, CONFIGURACION) VALUES ('arch.solr.rowsnum','1000','SGA');
INSERT INTO edt_snrsa_g.property_configuration (CLAVE, VALOR, CONFIGURACION) VALUES ('arch.trata.electronica','GENE3601A','SGA');
INSERT INTO edt_snrsa_g.property_configuration (CLAVE, VALOR, CONFIGURACION) VALUES ('arch.url','http://eua.cap.gde.gob.ar/archivo-web','EE');
INSERT INTO edt_snrsa_g.property_configuration (CLAVE, VALOR, CONFIGURACION) VALUES ('arch.usuariosHabilitadosMigracion','EVERIS','SGA');
INSERT INTO edt_snrsa_g.property_configuration (CLAVE, VALOR, CONFIGURACION) VALUES ('aud.acronimo.docIndice.auditoria.gedo','AEIPC','SGA');
INSERT INTO edt_snrsa_g.property_configuration (CLAVE, VALOR, CONFIGURACION) VALUES ('aud.acronimo.paquete.auditoria.gedo','AEPPA','SGA');
INSERT INTO edt_snrsa_g.property_configuration (CLAVE, VALOR, CONFIGURACION) VALUES ('aud.referencia.docIndice.auditoria.gedo','Auditoria de Expediente','SGA');
INSERT INTO edt_snrsa_g.property_configuration (CLAVE, VALOR, CONFIGURACION) VALUES ('aud.referencia.paquete.auditoria.gedo','Auditoria de Expediente','SGA');
INSERT INTO edt_snrsa_g.property_configuration (CLAVE, VALOR, CONFIGURACION) VALUES ('aud.referencia2.docIndice.auditoria.gedo','Indice parcial de contenidos.','SGA');
INSERT INTO edt_snrsa_g.property_configuration (CLAVE, VALOR, CONFIGURACION) VALUES ('aud.referencia2.paquete.auditoria.gedo','Paquete parcial de archivos.','SGA');
INSERT INTO edt_snrsa_g.property_configuration (CLAVE, VALOR, CONFIGURACION) VALUES ('aud.tiempo.cierre.actividad','121130','SGA');
INSERT INTO edt_snrsa_g.property_configuration (CLAVE, VALOR, CONFIGURACION) VALUES ('baja.usuarioAD.cron','baja','SISTEMA');
INSERT INTO edt_snrsa_g.property_configuration (CLAVE, VALOR, CONFIGURACION) VALUES ('batch.archivoDefinitivo.reintentos','5','EE');
INSERT INTO edt_snrsa_g.property_configuration (CLAVE, VALOR, CONFIGURACION) VALUES ('batch.archivoDefinitivo.reintentos','5','SISTEMA');
INSERT INTO edt_snrsa_g.property_configuration (CLAVE, VALOR, CONFIGURACION) VALUES ('batch.day.archivoDefinitivo.cron','0 0 19 1/1 * ?','SGA');
INSERT INTO edt_snrsa_g.property_configuration (CLAVE, VALOR, CONFIGURACION) VALUES ('batch.day.regExpression','0 0 23 1/1 * ? *','EE');
INSERT INTO edt_snrsa_g.property_configuration (CLAVE, VALOR, CONFIGURACION) VALUES ('batch.day.regExpression','0 0 0/2 1/1 * ? *','SGA');
INSERT INTO edt_snrsa_g.property_configuration (CLAVE, VALOR, CONFIGURACION) VALUES ('batch.day.regExpression.EnvioGT','0 0/15 * * * ? * ','EE');
INSERT INTO edt_snrsa_g.property_configuration (CLAVE, VALOR, CONFIGURACION) VALUES ('batch.day.regExpression.Migracion','0 0 0-5 * * ?','EE');
INSERT INTO edt_snrsa_g.property_configuration (CLAVE, VALOR, CONFIGURACION) VALUES ('batch.day.regExpression.quartzEnvioDocDepuracion','0 0/20 * * 1/1 ? *','EE');
INSERT INTO edt_snrsa_g.property_configuration (CLAVE, VALOR, CONFIGURACION) VALUES ('batch.dayEE.regExpression','0 0/2 * 1/1 * ? *','SGA');
INSERT INTO edt_snrsa_g.property_configuration (CLAVE, VALOR, CONFIGURACION) VALUES ('batch.dep.solicitud.elim.Expression','0 0 12 1 4 ? *','EE');
INSERT INTO edt_snrsa_g.property_configuration (CLAVE, VALOR, CONFIGURACION) VALUES ('batch.dep.solicitud.envio.Expression','0 0 12 1 4 ? *','EE');
INSERT INTO edt_snrsa_g.property_configuration (CLAVE, VALOR, CONFIGURACION) VALUES ('batch.depuracion.asignacion.dias.vencimiento','3000','EE');
INSERT INTO edt_snrsa_g.property_configuration (CLAVE, VALOR, CONFIGURACION) VALUES ('batch.depurar.asignacion.cantidadDeEjecuciones','0','EE');
INSERT INTO edt_snrsa_g.property_configuration (CLAVE, VALOR, CONFIGURACION) VALUES ('batch.depurar.asignacion.regExpression','0 0/15 * 1/1 * ? 2016','EE');
INSERT INTO edt_snrsa_g.property_configuration (CLAVE, VALOR, CONFIGURACION) VALUES ('batch.directory.destination','/tempdigital/destination/final/','SGA');
INSERT INTO edt_snrsa_g.property_configuration (CLAVE, VALOR, CONFIGURACION) VALUES ('batch.directory.destinationMigration','/tempdigital/destination/migration','SGA');
INSERT INTO edt_snrsa_g.property_configuration (CLAVE, VALOR, CONFIGURACION) VALUES ('batch.directory.finalDestination','/tempdigital/destination/final/','SGA');
INSERT INTO edt_snrsa_g.property_configuration (CLAVE, VALOR, CONFIGURACION) VALUES ('batch.directory.source','/tempdigital/temp/','SGA');
INSERT INTO edt_snrsa_g.property_configuration (CLAVE, VALOR, CONFIGURACION) VALUES ('batch.directory.sourceDay','/tempdigital/source/day/','SGA');
INSERT INTO edt_snrsa_g.property_configuration (CLAVE, VALOR, CONFIGURACION) VALUES ('batch.directory.sourceManual','/tempdigital/temp/','SGA');
INSERT INTO edt_snrsa_g.property_configuration (CLAVE, VALOR, CONFIGURACION) VALUES ('batch.directory.sourceMigration','/disco/','SGA');
INSERT INTO edt_snrsa_g.property_configuration (CLAVE, VALOR, CONFIGURACION) VALUES ('batch.directory.temp','/tempdigital/temp/','SGA');
INSERT INTO edt_snrsa_g.property_configuration (CLAVE, VALOR, CONFIGURACION) VALUES ('batch.directory.tempMigration','/tempdigital/temp','SGA');
INSERT INTO edt_snrsa_g.property_configuration (CLAVE, VALOR, CONFIGURACION) VALUES ('batch.inboxGrupal.asig.regExpression','0 0 12 1 1 ? *','EE');
INSERT INTO edt_snrsa_g.property_configuration (CLAVE, VALOR, CONFIGURACION) VALUES ('batch.inboxGrupal.cantidadDiasVencimiento','7','EE');
INSERT INTO edt_snrsa_g.property_configuration (CLAVE, VALOR, CONFIGURACION) VALUES ('batch.server.migracion','CAPGDELXAPPT13','EE');
INSERT INTO edt_snrsa_g.property_configuration (CLAVE, VALOR, CONFIGURACION) VALUES ('batch.server.name.running','CAPGDELXAPPT13','EE');
INSERT INTO edt_snrsa_g.property_configuration (CLAVE, VALOR, CONFIGURACION) VALUES ('cambioMisDatos.descAdicional','- ','TAD');
INSERT INTO edt_snrsa_g.property_configuration (CLAVE, VALOR, CONFIGURACION) VALUES ('cambioMisDatos.motivoPase','Actualizacion de informacion propia','TAD');
INSERT INTO edt_snrsa_g.property_configuration (CLAVE, VALOR, CONFIGURACION) VALUES ('cambioMisDatos.trata','MMOD00000','TAD');
INSERT INTO edt_snrsa_g.property_configuration (CLAVE, VALOR, CONFIGURACION) VALUES ('cantMeses.envioAutomaticoGT','1','EE');
INSERT INTO edt_snrsa_g.property_configuration (CLAVE, VALOR, CONFIGURACION) VALUES ('cargoGEDO',' ','TAD');
INSERT INTO edt_snrsa_g.property_configuration (CLAVE, VALOR, CONFIGURACION) VALUES ('cas.url','https://casqa.trade.com','SISTEMA');
INSERT INTO edt_snrsa_g.property_configuration (CLAVE, VALOR, CONFIGURACION) VALUES ('cas.urlLogOutCAS','https://casqa.trade.com/cas/logout','SISTEMA');
INSERT INTO edt_snrsa_g.property_configuration (CLAVE, VALOR, CONFIGURACION) VALUES ('cas.wd.url','https://casqa.trade.com','WD');
INSERT INTO edt_snrsa_g.property_configuration (CLAVE, VALOR, CONFIGURACION) VALUES ('client.id','rlm.client.mq','RLM');
INSERT INTO edt_snrsa_g.property_configuration (CLAVE, VALOR, CONFIGURACION) VALUES ('codigoReparticionGEDO','codigoReparticionGEDO','TAD');
INSERT INTO edt_snrsa_g.property_configuration (CLAVE, VALOR, CONFIGURACION) VALUES ('config.reparticion.actuacion','APN','SGA');
INSERT INTO edt_snrsa_g.property_configuration (CLAVE, VALOR, CONFIGURACION) VALUES ('cron.Migracion.tarea','0 0 12 ? 1/1 MON#4 *','EU');
INSERT INTO edt_snrsa_g.property_configuration (CLAVE, VALOR, CONFIGURACION) VALUES ('cronExpression','0 0 13 * * ?','TAD');
INSERT INTO edt_snrsa_g.property_configuration (CLAVE, VALOR, CONFIGURACION) VALUES ('cronExpressionReintentos','0 0/1 * 1/1 * ? *','TAD');
INSERT INTO edt_snrsa_g.property_configuration (CLAVE, VALOR, CONFIGURACION) VALUES ('cuentaGA','"UA-46257802-1", "everis.int"','TAD');
INSERT INTO edt_snrsa_g.property_configuration (CLAVE, VALOR, CONFIGURACION) VALUES ('dias.altaDC','1','TAD');
INSERT INTO edt_snrsa_g.property_configuration (CLAVE, VALOR, CONFIGURACION) VALUES ('diasBorradoArchivos','1','TAD');
INSERT INTO edt_snrsa_g.property_configuration (CLAVE, VALOR, CONFIGURACION) VALUES ('dm.importDocumentos.cronExpression','0 0 1 1/1 * ? *','DM');
INSERT INTO edt_snrsa_g.property_configuration (CLAVE, VALOR, CONFIGURACION) VALUES ('dm.importExpedientes.cronExpression','0 0 1 1/1 * ? *','DM');
INSERT INTO edt_snrsa_g.property_configuration (CLAVE, VALOR, CONFIGURACION) VALUES ('dm.importExpedientes.dias','360','DM');
INSERT INTO edt_snrsa_g.property_configuration (CLAVE, VALOR, CONFIGURACION) VALUES ('dm.responseWaitingTimeout','30000','DM');
INSERT INTO edt_snrsa_g.property_configuration (CLAVE, VALOR, CONFIGURACION) VALUES ('dm.sendMails.cronExpression','0 0 1 1/1 * ? *','DM');
INSERT INTO edt_snrsa_g.property_configuration (CLAVE, VALOR, CONFIGURACION) VALUES ('dm.sendMails.email','everis@everis.com','DM');
INSERT INTO edt_snrsa_g.property_configuration (CLAVE, VALOR, CONFIGURACION) VALUES ('dm.serviceUrl','http://eud.cap.gde.gob.ar/sade-dm-web','RLM');
INSERT INTO edt_snrsa_g.property_configuration (CLAVE, VALOR, CONFIGURACION) VALUES ('DMServicioURL','http://eud.cap.gde.gob.ar/sade-dm-web','DM');
INSERT INTO edt_snrsa_g.property_configuration (CLAVE, VALOR, CONFIGURACION) VALUES ('dynform.url','https://qa.trade.com/ffdd-web','EE');
INSERT INTO edt_snrsa_g.property_configuration (CLAVE, VALOR, CONFIGURACION) VALUES ('dynform.url','https://qa.trade.com/ffdd-web','EU');
INSERT INTO edt_snrsa_g.property_configuration (CLAVE, VALOR, CONFIGURACION) VALUES ('dynform.url','https://qa.trade.com/ffdd-web','MULE');
INSERT INTO edt_snrsa_g.property_configuration (CLAVE, VALOR, CONFIGURACION) VALUES ('dynform.url','https://qa.trade.com/ffdd-web','RLM');
INSERT INTO edt_snrsa_g.property_configuration (CLAVE, VALOR, CONFIGURACION) VALUES ('dynform.url','https://qa.trade.com/ffdd-web','SISTEMA');
INSERT INTO edt_snrsa_g.property_configuration (CLAVE, VALOR, CONFIGURACION) VALUES ('ee.acronimo.notificacion','CONOT','EE');
INSERT INTO edt_snrsa_g.property_configuration (CLAVE, VALOR, CONFIGURACION) VALUES ('ee.acronimo.notificacion','CONOT','SISTEMA');
INSERT INTO edt_snrsa_g.property_configuration (CLAVE, VALOR, CONFIGURACION) VALUES ('ee.batch.day.regExpression.quartzActividad','0 0 0-23 * * ? *','EE');
INSERT INTO edt_snrsa_g.property_configuration (CLAVE, VALOR, CONFIGURACION) VALUES ('ee.batch.migracion.sistemasNoValidos','LOYS,PSOC','EE');
INSERT INTO edt_snrsa_g.property_configuration (CLAVE, VALOR, CONFIGURACION) VALUES ('ee.batch.regExpression.archivoDefinitivo','40 0/1 * 1/1 * ? *','EE');
INSERT INTO edt_snrsa_g.property_configuration (CLAVE, VALOR, CONFIGURACION) VALUES ('ee.batch.regExpression.archivoDefinitivo','40 0/1 * 1/1 * ? *','SISTEMA');
INSERT INTO edt_snrsa_g.property_configuration (CLAVE, VALOR, CONFIGURACION) VALUES ('ee.cantidad.de.dias.en.guarda.temporal','730','SGA');
INSERT INTO edt_snrsa_g.property_configuration (CLAVE, VALOR, CONFIGURACION) VALUES ('ee.cargos.archivodefinitivo','Jefe de gobierno,Vicejefe de gobierno,Secretario,Subsecretario,Jefe de gabinete de ministros,Director general','EE');
INSERT INTO edt_snrsa_g.property_configuration (CLAVE, VALOR, CONFIGURACION) VALUES ('ee.consulta.bd','false','EE');
INSERT INTO edt_snrsa_g.property_configuration (CLAVE, VALOR, CONFIGURACION) VALUES ('ee.cronCargaFeriados','0 0 0 * * ?','EE');
INSERT INTO edt_snrsa_g.property_configuration (CLAVE, VALOR, CONFIGURACION) VALUES ('ee.jms.servidor','tcp://amq.cap.gde.gob.ar:61616','EE');
INSERT INTO edt_snrsa_g.property_configuration (CLAVE, VALOR, CONFIGURACION) VALUES ('ee.jms.servidor','tcp://7.217.8.23:61616','SISTEMA');
INSERT INTO edt_snrsa_g.property_configuration (CLAVE, VALOR, CONFIGURACION) VALUES ('ee.mail.subsanacion.documentos','capac_sindicatura@buenosaires.gob.ar','EE');
INSERT INTO edt_snrsa_g.property_configuration (CLAVE, VALOR, CONFIGURACION) VALUES ('ee.permanencia.en.guarda.param.visible','0','SGA');
INSERT INTO edt_snrsa_g.property_configuration (CLAVE, VALOR, CONFIGURACION) VALUES ('ee.plugin','file:///opt/versions/PluginManagerDemoTrade/ee','EE');
INSERT INTO edt_snrsa_g.property_configuration (CLAVE, VALOR, CONFIGURACION) VALUES ('ee.plugin_webdav','/PluginManagerDemoTrade/ee/deploy','EE');
INSERT INTO edt_snrsa_g.property_configuration (CLAVE, VALOR, CONFIGURACION) VALUES ('ee.reparticion.GT','APN','EE');
INSERT INTO edt_snrsa_g.property_configuration (CLAVE, VALOR, CONFIGURACION) VALUES ('ee.reparticion.tiempo','900000','EE');
INSERT INTO edt_snrsa_g.property_configuration (CLAVE, VALOR, CONFIGURACION) VALUES ('ee.sectorinterno.tiempo','14400000','EE');
INSERT INTO edt_snrsa_g.property_configuration (CLAVE, VALOR, CONFIGURACION) VALUES ('ee.service.url','https://qa.trade.com/te-web','SGA');
INSERT INTO edt_snrsa_g.property_configuration (CLAVE, VALOR, CONFIGURACION) VALUES ('ee.serviceUrl','https://qa.trade.com/te-web','RLM');
INSERT INTO edt_snrsa_g.property_configuration (CLAVE, VALOR, CONFIGURACION) VALUES ('ee.sistemasArchivadores','ARCH,LOyS','EE');
INSERT INTO edt_snrsa_g.property_configuration (CLAVE, VALOR, CONFIGURACION) VALUES ('ee.sistemasExternos','PSOC,LOYS,SGAint,Fisca,SGI-PG,TTRE,Ley257,SISTEMA,Sistema,SGAI,DGSUM,ARCH,matriz de riesgo,SAGI,LEY257,SAP,APRA_P060_CD2,SIGAFPL,EE,KODAK,CEP,SADE,SAPCRM,SGI,SGIPG,SIGAF_WEB,TAD,BAC,LEY 257,SIGAF,DIGESTO,matriz,','EE');
INSERT INTO edt_snrsa_g.property_configuration (CLAVE, VALOR, CONFIGURACION) VALUES ('ee.smtp.from','escritorio.unico@egoveris.com','EE');
INSERT INTO edt_snrsa_g.property_configuration (CLAVE, VALOR, CONFIGURACION) VALUES ('ee.smtp.host',' ','EE');
INSERT INTO edt_snrsa_g.property_configuration (CLAVE, VALOR, CONFIGURACION) VALUES ('ee.smtp.port','25','EE');
INSERT INTO edt_snrsa_g.property_configuration (CLAVE, VALOR, CONFIGURACION) VALUES ('ee.smtp.username','escritorio.unico','EE');
INSERT INTO edt_snrsa_g.property_configuration (CLAVE, VALOR, CONFIGURACION) VALUES ('ee.TomaVistaAceptacion.Acronimo','IFTVA','EE');
INSERT INTO edt_snrsa_g.property_configuration (CLAVE, VALOR, CONFIGURACION) VALUES ('ee.TomaVistaRechazo.Acronimo','IFTVR','EE');
INSERT INTO edt_snrsa_g.property_configuration (CLAVE, VALOR, CONFIGURACION) VALUES ('ee.TomaVistaSinSuspension.Acronimo','COTVI','EE');
INSERT INTO edt_snrsa_g.property_configuration (CLAVE, VALOR, CONFIGURACION) VALUES ('ee.trata.tiempo','900000','EE');
INSERT INTO edt_snrsa_g.property_configuration (CLAVE, VALOR, CONFIGURACION) VALUES ('ee.tratas','GENE0103A,MEGC0107A,ACER00004,GENE0301A,GENE0302A,GENE0303A,GENE0307A,GENE0308A,GENE0309A,GENE0312A,GENE0314A,MMGC0101A,GENE0313A,GENE0315A,GENE0316A,MHGC 0112B,MHGC 0112C,MEGC0107A,MHGC0106A ,MHGC0113A,GENE0310A','DM');
INSERT INTO edt_snrsa_g.property_configuration (CLAVE, VALOR, CONFIGURACION) VALUES ('ee.tratasDeRemision','SADE8,GENE1507A','EE');
INSERT INTO edt_snrsa_g.property_configuration (CLAVE, VALOR, CONFIGURACION) VALUES ('ee.trataTomaVista','GENE2503A','EE');
INSERT INTO edt_snrsa_g.property_configuration (CLAVE, VALOR, CONFIGURACION) VALUES ('ee.url','https://qa.trade.com/te-web','SGA');
INSERT INTO edt_snrsa_g.property_configuration (CLAVE, VALOR, CONFIGURACION) VALUES ('ee.url','https://qa.trade.com/te-web','SISTEMA');
INSERT INTO edt_snrsa_g.property_configuration (CLAVE, VALOR, CONFIGURACION) VALUES ('ee.user.tomaVista','EVERIS','EE');
INSERT INTO edt_snrsa_g.property_configuration (CLAVE, VALOR, CONFIGURACION) VALUES ('ee.usuario.tiempo','18000000','EE');
INSERT INTO edt_snrsa_g.property_configuration (CLAVE, VALOR, CONFIGURACION) VALUES ('envioCorreoActivo','false','SISTEMA');
INSERT INTO edt_snrsa_g.property_configuration (CLAVE, VALOR, CONFIGURACION) VALUES ('eu.estructura.ministerio','1,2,4,5','EU');
INSERT INTO edt_snrsa_g.property_configuration (CLAVE, VALOR, CONFIGURACION) VALUES ('eu.refresco_modulo_reparticiones','900000','EU');
INSERT INTO edt_snrsa_g.property_configuration (CLAVE, VALOR, CONFIGURACION) VALUES ('eu.rep.default.ministerio.presupuesto',' ','EU');
INSERT INTO edt_snrsa_g.property_configuration (CLAVE, VALOR, CONFIGURACION) VALUES ('eu.tiempo_refresco_tareas','300000','EU');
INSERT INTO edt_snrsa_g.property_configuration (CLAVE, VALOR, CONFIGURACION) VALUES ('eu.url','https://qa.trade.com/edt-web','SISTEMA');
INSERT INTO edt_snrsa_g.property_configuration (CLAVE, VALOR, CONFIGURACION) VALUES ('eu.usu.nombres_prohibidos','TEST,PRUEBA,CONSULTA,CAPACITACION','EU');
INSERT INTO edt_snrsa_g.property_configuration (CLAVE, VALOR, CONFIGURACION) VALUES ('EUServicioURL','http://casqa.egoveris.com:9000/eu-web/','EE');
INSERT INTO edt_snrsa_g.property_configuration (CLAVE, VALOR, CONFIGURACION) VALUES ('fileNet.nombre.modulo','EE','EE');
INSERT INTO edt_snrsa_g.property_configuration (CLAVE, VALOR, CONFIGURACION) VALUES ('flag.crear.tramite','1','SISTEMA');
INSERT INTO edt_snrsa_g.property_configuration (CLAVE, VALOR, CONFIGURACION) VALUES ('fullimportUsuarios.cronExpression','0 0/18 * 1/1 * ? *','EU');
INSERT INTO edt_snrsa_g.property_configuration (CLAVE, VALOR, CONFIGURACION) VALUES ('gedo.activacionDepuracionDocumento','false','GEDO');
INSERT INTO edt_snrsa_g.property_configuration (CLAVE, VALOR, CONFIGURACION) VALUES ('gedo.activacionDepuracionDocumento.cron','0 0 1 1/1 * ? *','GEDO');
INSERT INTO edt_snrsa_g.property_configuration (CLAVE, VALOR, CONFIGURACION) VALUES ('gedo.ambienteDesa','true','GEDO');
INSERT INTO edt_snrsa_g.property_configuration (CLAVE, VALOR, CONFIGURACION) VALUES ('gedo.archivos.embebidos.tamanio.maximo','2048000','GEDO');
INSERT INTO edt_snrsa_g.property_configuration (CLAVE, VALOR, CONFIGURACION) VALUES ('gedo.cantidadReintentosNotificacion','5','GEDO');
INSERT INTO edt_snrsa_g.property_configuration (CLAVE, VALOR, CONFIGURACION) VALUES ('gedo.chequearTSASiempre','false','SISTEMA');
INSERT INTO edt_snrsa_g.property_configuration (CLAVE, VALOR, CONFIGURACION) VALUES ('gedo.deltaimport.cron','0 0/5 * 1/1 * ?','GEDO.N1');
INSERT INTO edt_snrsa_g.property_configuration (CLAVE, VALOR, CONFIGURACION) VALUES ('gedo.deltaimport.cron','0 0 12 1 1 ?','GEDO.N2');
INSERT INTO edt_snrsa_g.property_configuration (CLAVE, VALOR, CONFIGURACION) VALUES ('gedo.deltaimport.cron','0 0 12 1 1 ?','GEDO.N3');
INSERT INTO edt_snrsa_g.property_configuration (CLAVE, VALOR, CONFIGURACION) VALUES ('gedo.deltaimport.cron','0 0 12 1 1 ?','GEDO.N4');
INSERT INTO edt_snrsa_g.property_configuration (CLAVE, VALOR, CONFIGURACION) VALUES ('gedo.deltaimport.cron','0 0 12 1 1 ?','GEDO.N5');
INSERT INTO edt_snrsa_g.property_configuration (CLAVE, VALOR, CONFIGURACION) VALUES ('gedo.deltaimport.cron','0 0 12 1 1 ?','GEDO.N6');
INSERT INTO edt_snrsa_g.property_configuration (CLAVE, VALOR, CONFIGURACION) VALUES ('gedo.deltaimport.cron','0 0 12 1 1 ?','GEDO.N7');
INSERT INTO edt_snrsa_g.property_configuration (CLAVE, VALOR, CONFIGURACION) VALUES ('gedo.deltaimport.cron','0 0 12 1 1 ?','GEDO.N8');
INSERT INTO edt_snrsa_g.property_configuration (CLAVE, VALOR, CONFIGURACION) VALUES ('gedo.deltaimport.cron','0 0 12 1 1 ?','GEDO.N9');
INSERT INTO edt_snrsa_g.property_configuration (CLAVE, VALOR, CONFIGURACION) VALUES ('gedo.leyendaConmemorativa','Versión de Desarrollo ','GEDO');
INSERT INTO edt_snrsa_g.property_configuration (CLAVE, VALOR, CONFIGURACION) VALUES ('gedo.limpiezaTemporales.activacionAvisoMail','false','GEDO');
INSERT INTO edt_snrsa_g.property_configuration (CLAVE, VALOR, CONFIGURACION) VALUES ('gedo.limpiezaTemporales.activacionProcesoLimpieza','false','GEDO');
INSERT INTO edt_snrsa_g.property_configuration (CLAVE, VALOR, CONFIGURACION) VALUES ('gedo.limpiezaTemporales.cantidadMesesLimpieza','3','GEDO');
INSERT INTO edt_snrsa_g.property_configuration (CLAVE, VALOR, CONFIGURACION) VALUES ('gedo.limpiezaTemporales.cronAvisoMail','0 0 0 12 * ?','GEDO');
INSERT INTO edt_snrsa_g.property_configuration (CLAVE, VALOR, CONFIGURACION) VALUES ('gedo.limpiezaTemporales.cronProcesoLimpieza','0 0 0 19 * ?','GEDO');
INSERT INTO edt_snrsa_g.property_configuration (CLAVE, VALOR, CONFIGURACION) VALUES ('gedo.limpiezaTemporales.diferenciaDeDiasEntreMailYLimpieza','7','GEDO');
INSERT INTO edt_snrsa_g.property_configuration (CLAVE, VALOR, CONFIGURACION) VALUES ('gedo.maximoArchivos','1000','DM');
INSERT INTO edt_snrsa_g.property_configuration (CLAVE, VALOR, CONFIGURACION) VALUES ('gedo.maximoArchivos','2048000','GEDO');
INSERT INTO edt_snrsa_g.property_configuration (CLAVE, VALOR, CONFIGURACION) VALUES ('gedo.maximoArchivos','102400','RLM');
INSERT INTO edt_snrsa_g.property_configuration (CLAVE, VALOR, CONFIGURACION) VALUES ('gedo.maximoPrevisualizacion','1000','DM');
INSERT INTO edt_snrsa_g.property_configuration (CLAVE, VALOR, CONFIGURACION) VALUES ('gedo.maximoPrevisualizacion','10240','GEDO');
INSERT INTO edt_snrsa_g.property_configuration (CLAVE, VALOR, CONFIGURACION) VALUES ('gedo.maximoPrevisualizacion','20480','RLM');
INSERT INTO edt_snrsa_g.property_configuration (CLAVE, VALOR, CONFIGURACION) VALUES ('gedo.medicion.acronimo','IF','GEDO');
INSERT INTO edt_snrsa_g.property_configuration (CLAVE, VALOR, CONFIGURACION) VALUES ('gedo.medicion.contenido','<p>Este es un documento de prueba para medir tiempos en el proceso de firma</p>','GEDO');
INSERT INTO edt_snrsa_g.property_configuration (CLAVE, VALOR, CONFIGURACION) VALUES ('gedo.medicion.formato','XML','GEDO');
INSERT INTO edt_snrsa_g.property_configuration (CLAVE, VALOR, CONFIGURACION) VALUES ('gedo.medicion.referencia','Prueba para medir tiempos','GEDO');
INSERT INTO edt_snrsa_g.property_configuration (CLAVE, VALOR, CONFIGURACION) VALUES ('gedo.medicion.tipoContenido','html','GEDO');
INSERT INTO edt_snrsa_g.property_configuration (CLAVE, VALOR, CONFIGURACION) VALUES ('gedo.medicion.usuario','EVERIS','GEDO');
INSERT INTO edt_snrsa_g.property_configuration (CLAVE, VALOR, CONFIGURACION) VALUES ('gedo.path_template_recibo','D:\\Adobe\\Templates Recibo Sueldo','GEDO');
INSERT INTO edt_snrsa_g.property_configuration (CLAVE, VALOR, CONFIGURACION) VALUES ('gedo.properties.cron','0 0 12 1/1 * ? *','GEDO');
INSERT INTO edt_snrsa_g.property_configuration (CLAVE, VALOR, CONFIGURACION) VALUES ('gedo.reparticion.tiempo','900000','GEDO');
INSERT INTO edt_snrsa_g.property_configuration (CLAVE, VALOR, CONFIGURACION) VALUES ('gedo.serviceUrl','http://desa.egoveris.com:9010/gedo-web','RLM');
INSERT INTO edt_snrsa_g.property_configuration (CLAVE, VALOR, CONFIGURACION) VALUES ('gedo.tiempoReintentoConfiguracion','7200','GEDO');
INSERT INTO edt_snrsa_g.property_configuration (CLAVE, VALOR, CONFIGURACION) VALUES ('gedo.url','https://qa.trade.com/deo-web','SISTEMA');
INSERT INTO edt_snrsa_g.property_configuration (CLAVE, VALOR, CONFIGURACION) VALUES ('gedo.usuario.tiempo','900000','GEDO');
INSERT INTO edt_snrsa_g.property_configuration (CLAVE, VALOR, CONFIGURACION) VALUES ('gedo.verificarTSa.cron','*/30 * * * * ?','GEDO');
INSERT INTO edt_snrsa_g.property_configuration (CLAVE, VALOR, CONFIGURACION) VALUES ('generic.repa.autom','LOYS','RLM');
INSERT INTO edt_snrsa_g.property_configuration (CLAVE, VALOR, CONFIGURACION) VALUES ('generic.usuario.autom','MCURUTCHET','RLM');
INSERT INTO edt_snrsa_g.property_configuration (CLAVE, VALOR, CONFIGURACION) VALUES ('host.deo','https://qa.trade.com/deo-web','SISTEMA');
INSERT INTO edt_snrsa_g.property_configuration (CLAVE, VALOR, CONFIGURACION) VALUES ('host.edt','https://qa.trade.com/edt-web','SISTEMA');
INSERT INTO edt_snrsa_g.property_configuration (CLAVE, VALOR, CONFIGURACION) VALUES ('host.ffdd','https://qa.trade.com/ffdd-web','SISTEMA');
INSERT INTO edt_snrsa_g.property_configuration (CLAVE, VALOR, CONFIGURACION) VALUES ('host.te','https://qa.trade.com/te-web','SISTEMA');
INSERT INTO edt_snrsa_g.property_configuration (CLAVE, VALOR, CONFIGURACION) VALUES ('host.wd','https://qa.trade.com/wd-web','SISTEMA');
INSERT INTO edt_snrsa_g.property_configuration (CLAVE, VALOR, CONFIGURACION) VALUES ('id.tramites.escribanos','1,177,300,305','TAD');
INSERT INTO edt_snrsa_g.property_configuration (CLAVE, VALOR, CONFIGURACION) VALUES ('jbpm.cantidadReintentos','20','GEDO');
INSERT INTO edt_snrsa_g.property_configuration (CLAVE, VALOR, CONFIGURACION) VALUES ('jms.nombre','EE.datos.topic','EE');
INSERT INTO edt_snrsa_g.property_configuration (CLAVE, VALOR, CONFIGURACION) VALUES ('jms.nombre','prueba','SISTEMA');
INSERT INTO edt_snrsa_g.property_configuration (CLAVE, VALOR, CONFIGURACION) VALUES ('jms.timeOut','30000','SISTEMA');
INSERT INTO edt_snrsa_g.property_configuration (CLAVE, VALOR, CONFIGURACION) VALUES ('jms.url','tcp://amq.cap.gde.gob.ar:61616','SISTEMA');
INSERT INTO edt_snrsa_g.property_configuration (CLAVE, VALOR, CONFIGURACION) VALUES ('jms.urlQueue','tcp://amq.cap.gde.gob.ar:61616','GEDO');
INSERT INTO edt_snrsa_g.property_configuration (CLAVE, VALOR, CONFIGURACION) VALUES ('jms.urlTopic','tcp://amq.cap.gde.gob.ar:61616','GEDO');
INSERT INTO edt_snrsa_g.property_configuration (CLAVE, VALOR, CONFIGURACION) VALUES ('job.limpiezaTemoralesFFDD','0 0/1 * 1/1 * ?','FFDD');
INSERT INTO edt_snrsa_g.property_configuration (CLAVE, VALOR, CONFIGURACION) VALUES ('label.solicitud.copia.digital',' ','SGA');
INSERT INTO edt_snrsa_g.property_configuration (CLAVE, VALOR, CONFIGURACION) VALUES ('ldap.admin.password','password','SISTEMA');
INSERT INTO edt_snrsa_g.property_configuration (CLAVE, VALOR, CONFIGURACION) VALUES ('ldap.admin.password.ad',' ','SISTEMA');
INSERT INTO edt_snrsa_g.property_configuration (CLAVE, VALOR, CONFIGURACION) VALUES ('ldap.admin.user','cn=Manager,DC=egoveris,DC=com','SISTEMA');
INSERT INTO edt_snrsa_g.property_configuration (CLAVE, VALOR, CONFIGURACION) VALUES ('ldap.admin.user.ad',' ','SISTEMA');
INSERT INTO edt_snrsa_g.property_configuration (CLAVE, VALOR, CONFIGURACION) VALUES ('ldap.base','DC=egoveris,DC=com','SISTEMA');
INSERT INTO edt_snrsa_g.property_configuration (CLAVE, VALOR, CONFIGURACION) VALUES ('ldap.base.ad',' ','SISTEMA');
INSERT INTO edt_snrsa_g.property_configuration (CLAVE, VALOR, CONFIGURACION) VALUES ('ldap.entorno','SADE','SISTEMA');
INSERT INTO edt_snrsa_g.property_configuration (CLAVE, VALOR, CONFIGURACION) VALUES ('ldap.ou','funcionarios','SISTEMA');
INSERT INTO edt_snrsa_g.property_configuration (CLAVE, VALOR, CONFIGURACION) VALUES ('ldap.ou.base','ou=funcionarios','SISTEMA');
INSERT INTO edt_snrsa_g.property_configuration (CLAVE, VALOR, CONFIGURACION) VALUES ('ldap.url','ldap://egov3p1.egoveris.com:389','SISTEMA');
INSERT INTO edt_snrsa_g.property_configuration (CLAVE, VALOR, CONFIGURACION) VALUES ('ldap.url.ad',' ','SISTEMA');
INSERT INTO edt_snrsa_g.property_configuration (CLAVE, VALOR, CONFIGURACION) VALUES ('ldap.user.account.control.ad','cn=Manager,DC=egoveris,DC=com','SISTEMA');
INSERT INTO edt_snrsa_g.property_configuration (CLAVE, VALOR, CONFIGURACION) VALUES ('ldapUrlAD',' ','SISTEMA');
INSERT INTO edt_snrsa_g.property_configuration (CLAVE, VALOR, CONFIGURACION) VALUES ('le.responseWaitingTimeout','30000','RLM');
INSERT INTO edt_snrsa_g.property_configuration (CLAVE, VALOR, CONFIGURACION) VALUES ('ley104.motivoPase','Motivo pase a funcionario público','TAD');
INSERT INTO edt_snrsa_g.property_configuration (CLAVE, VALOR, CONFIGURACION) VALUES ('limiteDiasExpedienteReintentos','3','TAD');
INSERT INTO edt_snrsa_g.property_configuration (CLAVE, VALOR, CONFIGURACION) VALUES ('logo','egov','FFDD');
INSERT INTO edt_snrsa_g.property_configuration (CLAVE, VALOR, CONFIGURACION) VALUES ('lue.serviceUrl','http:///le-web/','RLM');
INSERT INTO edt_snrsa_g.property_configuration (CLAVE, VALOR, CONFIGURACION) VALUES ('lue.url','http:///le-web','EE');
INSERT INTO edt_snrsa_g.property_configuration (CLAVE, VALOR, CONFIGURACION) VALUES ('mailsReintentos','reintentos@egoveris.com','TAD');
INSERT INTO edt_snrsa_g.property_configuration (CLAVE, VALOR, CONFIGURACION) VALUES ('maxOcurrenciasDoc','100','TAD');
INSERT INTO edt_snrsa_g.property_configuration (CLAVE, VALOR, CONFIGURACION) VALUES ('mensajeEmbebido','Documento Embebido TAD','TAD');
INSERT INTO edt_snrsa_g.property_configuration (CLAVE, VALOR, CONFIGURACION) VALUES ('migracion.modulo','EE','EE');
INSERT INTO edt_snrsa_g.property_configuration (CLAVE, VALOR, CONFIGURACION) VALUES ('migracion.modulo','EU','EU');
INSERT INTO edt_snrsa_g.property_configuration (CLAVE, VALOR, CONFIGURACION) VALUES ('migracion.modulo','GEDO','GEDO');
INSERT INTO edt_snrsa_g.property_configuration (CLAVE, VALOR, CONFIGURACION) VALUES ('migracion.modulo','RLM','RLM');
INSERT INTO edt_snrsa_g.property_configuration (CLAVE, VALOR, CONFIGURACION) VALUES ('migracion.modulo','TRACK','TRACK');
INSERT INTO edt_snrsa_g.property_configuration (CLAVE, VALOR, CONFIGURACION) VALUES ('migracion.tarea.cronExp','0 6-21,36-51 * * * ?','EE');
INSERT INTO edt_snrsa_g.property_configuration (CLAVE, VALOR, CONFIGURACION) VALUES ('migracion.tarea.cronExp','0-59 1-59 * * * ?','EU');
INSERT INTO edt_snrsa_g.property_configuration (CLAVE, VALOR, CONFIGURACION) VALUES ('migracion.tarea.cronExp','0 1/1 21,22,23,01,02,03,04,05,06 * * ?','SISTEMA');
INSERT INTO edt_snrsa_g.property_configuration (CLAVE, VALOR, CONFIGURACION) VALUES ('migracion.tarea.cronExp','0 0/5 * 1/1 * ? *','TRACK');
INSERT INTO edt_snrsa_g.property_configuration (CLAVE, VALOR, CONFIGURACION) VALUES ('migracion.tarea.cronExp2','0-59 1-59 * * * ?','EU');
INSERT INTO edt_snrsa_g.property_configuration (CLAVE, VALOR, CONFIGURACION) VALUES ('migracion.tarea.cronExp2','0 1/1 21,22,23,01,02,03,04,05,06 * * ?','SISTEMA');
INSERT INTO edt_snrsa_g.property_configuration (CLAVE, VALOR, CONFIGURACION) VALUES ('migracion.usuariosTareas','*','SISTEMA');
INSERT INTO edt_snrsa_g.property_configuration (CLAVE, VALOR, CONFIGURACION) VALUES ('modulo.name.guarda.documental','GEDO','SISTEMA');
INSERT INTO edt_snrsa_g.property_configuration (CLAVE, VALOR, CONFIGURACION) VALUES ('mule.url','http://desa.egoveris.com:8099','SISTEMA.MULE');
INSERT INTO edt_snrsa_g.property_configuration (CLAVE, VALOR, CONFIGURACION) VALUES ('nombre.ecosistema','GDE','SISTEMA');
INSERT INTO edt_snrsa_g.property_configuration (CLAVE, VALOR, CONFIGURACION) VALUES ('nombre.entorno','ee','EE');
INSERT INTO edt_snrsa_g.property_configuration (CLAVE, VALOR, CONFIGURACION) VALUES ('nombre.host.migracion','EE_01','EE');
INSERT INTO edt_snrsa_g.property_configuration (CLAVE, VALOR, CONFIGURACION) VALUES ('nombre.host.migracion','sade-test-ws1','EU');
INSERT INTO edt_snrsa_g.property_configuration (CLAVE, VALOR, CONFIGURACION) VALUES ('nombre.host.migracion','gedo1','GEDO');
INSERT INTO edt_snrsa_g.property_configuration (CLAVE, VALOR, CONFIGURACION) VALUES ('nombre.host.migracion','RLM_SADE-PRD','RLM');
INSERT INTO edt_snrsa_g.property_configuration (CLAVE, VALOR, CONFIGURACION) VALUES ('nombre.servidor.baja.AD','baja','SISTEMA');
INSERT INTO edt_snrsa_g.property_configuration (CLAVE, VALOR, CONFIGURACION) VALUES ('nombre.sistema','GDE','SISTEMA');
INSERT INTO edt_snrsa_g.property_configuration (CLAVE, VALOR, CONFIGURACION) VALUES ('novedades.cronExpression','0 0 6 1/1 * ?','EU');
INSERT INTO edt_snrsa_g.property_configuration (CLAVE, VALOR, CONFIGURACION) VALUES ('numerador.proceso.cantidadPorInvocacion','500','NUMERADOR');
INSERT INTO edt_snrsa_g.property_configuration (CLAVE, VALOR, CONFIGURACION) VALUES ('numerador.proceso.cron','0 0 0 * * ?','NUMERADOR');
INSERT INTO edt_snrsa_g.property_configuration (CLAVE, VALOR, CONFIGURACION) VALUES ('numerador.proceso.reintento','3','NUMERADOR');
INSERT INTO edt_snrsa_g.property_configuration (CLAVE, VALOR, CONFIGURACION) VALUES ('numero.esp.electronico','true','SISTEMA');
INSERT INTO edt_snrsa_g.property_configuration (CLAVE, VALOR, CONFIGURACION) VALUES ('password.citas','ZDNmNGg2ajc=','TAD');
INSERT INTO edt_snrsa_g.property_configuration (CLAVE, VALOR, CONFIGURACION) VALUES ('permisoAsignador','ou=ee.asignador,ou=grupos,dc=gob,dc=ar','EU');
INSERT INTO edt_snrsa_g.property_configuration (CLAVE, VALOR, CONFIGURACION) VALUES ('psoc.url','http:///psoc-web/','RLM');
INSERT INTO edt_snrsa_g.property_configuration (CLAVE, VALOR, CONFIGURACION) VALUES ('qrtz.prefix','QRTZ_','GEDO');
INSERT INTO edt_snrsa_g.property_configuration (CLAVE, VALOR, CONFIGURACION) VALUES ('qrtz.prefix','QRTZCO_','SISTEMA.CCOO');
INSERT INTO edt_snrsa_g.property_configuration (CLAVE, VALOR, CONFIGURACION) VALUES ('renaperConsulta.ws.url','http://wsf.cdyne.com/WeatherWS/Weather.asmx','SISTEMA');
INSERT INTO edt_snrsa_g.property_configuration (CLAVE, VALOR, CONFIGURACION) VALUES ('renaperConsulta.ws.url.testeo','http://wsf.cdyne.com/WeatherWS/Weather.asmx','SISTEMA');
INSERT INTO edt_snrsa_g.property_configuration (CLAVE, VALOR, CONFIGURACION) VALUES ('renaperFallecimientos.ws.url','http://wsf.cdyne.com/WeatherWS/Weather.asmx','SISTEMA');
INSERT INTO edt_snrsa_g.property_configuration (CLAVE, VALOR, CONFIGURACION) VALUES ('renaperFallecimientos.ws.url.testeo','http://wsf.cdyne.com/WeatherWS/Weather.asmx','SISTEMA');
INSERT INTO edt_snrsa_g.property_configuration (CLAVE, VALOR, CONFIGURACION) VALUES ('renaperRegistrarPersonaSinDocumento.ws.url','http://wsf.cdyne.com/WeatherWS/Weather.asmx','SISTEMA');
INSERT INTO edt_snrsa_g.property_configuration (CLAVE, VALOR, CONFIGURACION) VALUES ('renaperRegistrarPersonaSinDocumento.ws.url.testeo','http://wsf.cdyne.com/WeatherWS/Weather.asmx','SISTEMA');
INSERT INTO edt_snrsa_g.property_configuration (CLAVE, VALOR, CONFIGURACION) VALUES ('reparticion.actuacion','APN','EE');
INSERT INTO edt_snrsa_g.property_configuration (CLAVE, VALOR, CONFIGURACION) VALUES ('reparticion.actuacion','APN','TRACK');
INSERT INTO edt_snrsa_g.property_configuration (CLAVE, VALOR, CONFIGURACION) VALUES ('reparticion.actuacion_id','2100000','TRACK');
INSERT INTO edt_snrsa_g.property_configuration (CLAVE, VALOR, CONFIGURACION) VALUES ('reparticion.rrhh','SUBRH','RLM');
INSERT INTO edt_snrsa_g.property_configuration (CLAVE, VALOR, CONFIGURACION) VALUES ('reparticiones.tiempo','900000','SISTEMA');
INSERT INTO edt_snrsa_g.property_configuration (CLAVE, VALOR, CONFIGURACION) VALUES ('repository.connectionTimeout','15000','SISTEMA');
INSERT INTO edt_snrsa_g.property_configuration (CLAVE, VALOR, CONFIGURACION) VALUES ('repository.defaultPassword','admin','SISTEMA');
INSERT INTO edt_snrsa_g.property_configuration (CLAVE, VALOR, CONFIGURACION) VALUES ('repository.defaultUsername','admin','SISTEMA');
INSERT INTO edt_snrsa_g.property_configuration (CLAVE, VALOR, CONFIGURACION) VALUES ('repository.documentRoot','/guarda-documental','SISTEMA');
INSERT INTO edt_snrsa_g.property_configuration (CLAVE, VALOR, CONFIGURACION) VALUES ('repository.hostname','egov3p1.egoveris.com','SISTEMA');
INSERT INTO edt_snrsa_g.property_configuration (CLAVE, VALOR, CONFIGURACION) VALUES ('repository.port','80','SISTEMA');
INSERT INTO edt_snrsa_g.property_configuration (CLAVE, VALOR, CONFIGURACION) VALUES ('rib.url','http:///rib-web/panelBusqueda.zul','RLM');
INSERT INTO edt_snrsa_g.property_configuration (CLAVE, VALOR, CONFIGURACION) VALUES ('rlm.motivoActualizacion','Actualizacion automatica de registros','RLM');
INSERT INTO edt_snrsa_g.property_configuration (CLAVE, VALOR, CONFIGURACION) VALUES ('rlm.reparticion.sector.tiempo','9000000','RLM');
INSERT INTO edt_snrsa_g.property_configuration (CLAVE, VALOR, CONFIGURACION) VALUES ('rlm.reparticiones.tiempo','9000000','RLM');
INSERT INTO edt_snrsa_g.property_configuration (CLAVE, VALOR, CONFIGURACION) VALUES ('rlm.reparticionValidadora','APN','RLM');
INSERT INTO edt_snrsa_g.property_configuration (CLAVE, VALOR, CONFIGURACION) VALUES ('rlm.usuarioActualizacion','RLMAutomatico','RLM');
INSERT INTO edt_snrsa_g.property_configuration (CLAVE, VALOR, CONFIGURACION) VALUES ('rlm.usuarios.tiempo','9000000','RLM');
INSERT INTO edt_snrsa_g.property_configuration (CLAVE, VALOR, CONFIGURACION) VALUES ('RPA.aniosMatricula','2010','TAD');
INSERT INTO edt_snrsa_g.property_configuration (CLAVE, VALOR, CONFIGURACION) VALUES ('rpaadm.desccarat','ADMINISTRADOR INSCRIPTO MATRICULA NÃ‚Â° ','TAD');
INSERT INTO edt_snrsa_g.property_configuration (CLAVE, VALOR, CONFIGURACION) VALUES ('rpacon.desccarat','INFORMACION CORRESPONDIENTE A CADA CONSORCIO ADMINISTRADO','TAD');
INSERT INTO edt_snrsa_g.property_configuration (CLAVE, VALOR, CONFIGURACION) VALUES ('rup.serviceUrl','http:///gup-web/','RLM');
INSERT INTO edt_snrsa_g.property_configuration (CLAVE, VALOR, CONFIGURACION) VALUES ('rutaTemporales',' ','TAD');
INSERT INTO edt_snrsa_g.property_configuration (CLAVE, VALOR, CONFIGURACION) VALUES ('sade.jmsUrl','tcp://amq.cap.gde.gob.ar:61616','SISTEMA');
INSERT INTO edt_snrsa_g.property_configuration (CLAVE, VALOR, CONFIGURACION) VALUES ('security.usuarios.refrescoMinutos','5','SISTEMA');
INSERT INTO edt_snrsa_g.property_configuration (CLAVE, VALOR, CONFIGURACION) VALUES ('sga.acronimo.pv','PV','SGA');
INSERT INTO edt_snrsa_g.property_configuration (CLAVE, VALOR, CONFIGURACION) VALUES ('sga.contador.archivo.definitivo','25280','SGA');
INSERT INTO edt_snrsa_g.property_configuration (CLAVE, VALOR, CONFIGURACION) VALUES ('sga.contenido.pv.ad','Motivo:','SGA');
INSERT INTO edt_snrsa_g.property_configuration (CLAVE, VALOR, CONFIGURACION) VALUES ('sga.edifElectro.archivarEE','Edificio central','SGA');
INSERT INTO edt_snrsa_g.property_configuration (CLAVE, VALOR, CONFIGURACION) VALUES ('sga.gedoAcronimo','COPDI','SGA');
INSERT INTO edt_snrsa_g.property_configuration (CLAVE, VALOR, CONFIGURACION) VALUES ('sga.gedoMotivo','DIGITALIZER','SGA');
INSERT INTO edt_snrsa_g.property_configuration (CLAVE, VALOR, CONFIGURACION) VALUES ('sga.gedoUsuario','MIDELMAZO','SGA');
INSERT INTO edt_snrsa_g.property_configuration (CLAVE, VALOR, CONFIGURACION) VALUES ('SGA.INYcantDiasPermanencia','14600','SGA');
INSERT INTO edt_snrsa_g.property_configuration (CLAVE, VALOR, CONFIGURACION) VALUES ('SGA.INYedificioDefault','Edificio central','SGA');
INSERT INTO edt_snrsa_g.property_configuration (CLAVE, VALOR, CONFIGURACION) VALUES ('SGA.INYobservaciones','Expediente Inyectado desde Arch','SGA');
INSERT INTO edt_snrsa_g.property_configuration (CLAVE, VALOR, CONFIGURACION) VALUES ('SGA.INYsedeDefault','1','SGA');
INSERT INTO edt_snrsa_g.property_configuration (CLAVE, VALOR, CONFIGURACION) VALUES ('sga.lote','5','SGA');
INSERT INTO edt_snrsa_g.property_configuration (CLAVE, VALOR, CONFIGURACION) VALUES ('sga.lote.archivo.definitivo','18000','SGA');
INSERT INTO edt_snrsa_g.property_configuration (CLAVE, VALOR, CONFIGURACION) VALUES ('sga.lotes','5','SGA');
INSERT INTO edt_snrsa_g.property_configuration (CLAVE, VALOR, CONFIGURACION) VALUES ('sga.maximo.archivar','5000','SGA');
INSERT INTO edt_snrsa_g.property_configuration (CLAVE, VALOR, CONFIGURACION) VALUES ('sga.Mensaje.ad.digi.err','El expediente no puede ser digitalizado ni generar copiaDigital, ya que es de Origen Electronico','SGA');
INSERT INTO edt_snrsa_g.property_configuration (CLAVE, VALOR, CONFIGURACION) VALUES ('sga.motivo.FIJO','Pase electronico de ','SGA');
INSERT INTO edt_snrsa_g.property_configuration (CLAVE, VALOR, CONFIGURACION) VALUES ('sga.motivo.variable','false','SGA');
INSERT INTO edt_snrsa_g.property_configuration (CLAVE, VALOR, CONFIGURACION) VALUES ('sga.motivoPase.archivarEE','Pase electronico Solicitud Archivo','SGA');
INSERT INTO edt_snrsa_g.property_configuration (CLAVE, VALOR, CONFIGURACION) VALUES ('sga.nodo.archivo.definitivo','CAPGDELXAPPT12','SGA');
INSERT INTO edt_snrsa_g.property_configuration (CLAVE, VALOR, CONFIGURACION) VALUES ('sga.referencia.paquete.AD','Paquete Electronico Archivo ','SGA');
INSERT INTO edt_snrsa_g.property_configuration (CLAVE, VALOR, CONFIGURACION) VALUES ('sga.rol.admin','SA.ADMIN','SISTEMA');
INSERT INTO edt_snrsa_g.property_configuration (CLAVE, VALOR, CONFIGURACION) VALUES ('sga.rol.archivador','SA.ARCHIVADOR','SISTEMA');
INSERT INTO edt_snrsa_g.property_configuration (CLAVE, VALOR, CONFIGURACION) VALUES ('sga.rol.CentroDigital','SA.CENTRODIGITAL','SISTEMA');
INSERT INTO edt_snrsa_g.property_configuration (CLAVE, VALOR, CONFIGURACION) VALUES ('sga.rol.consulta','SA.CONSULTA','SISTEMA');
INSERT INTO edt_snrsa_g.property_configuration (CLAVE, VALOR, CONFIGURACION) VALUES ('sga.rol.editar.caja','SA.ADMIN.CAJAS','SISTEMA');
INSERT INTO edt_snrsa_g.property_configuration (CLAVE, VALOR, CONFIGURACION) VALUES ('sga.rol.Metadatos','SA.METADATOS','SISTEMA');
INSERT INTO edt_snrsa_g.property_configuration (CLAVE, VALOR, CONFIGURACION) VALUES ('sga.tamanio.archivo.manual','100','SGA');
INSERT INTO edt_snrsa_g.property_configuration (CLAVE, VALOR, CONFIGURACION) VALUES ('sga.total.archivo.definitivo','21250','SGA');
INSERT INTO edt_snrsa_g.property_configuration (CLAVE, VALOR, CONFIGURACION) VALUES ('siga.satra.url','http://','EE');
INSERT INTO edt_snrsa_g.property_configuration (CLAVE, VALOR, CONFIGURACION) VALUES ('solr.activarIndexacion','1','SGA');
INSERT INTO edt_snrsa_g.property_configuration (CLAVE, VALOR, CONFIGURACION) VALUES ('solr.activarIndexacion','true','TRACK');
INSERT INTO edt_snrsa_g.property_configuration (CLAVE, VALOR, CONFIGURACION) VALUES ('solr.arch.connectionTimeout','6000','TRACK');
INSERT INTO edt_snrsa_g.property_configuration (CLAVE, VALOR, CONFIGURACION) VALUES ('solr.arch.maxConnectionsPerHost','100','TRACK');
INSERT INTO edt_snrsa_g.property_configuration (CLAVE, VALOR, CONFIGURACION) VALUES ('solr.arch.maxTotalConnections','100','TRACK');
INSERT INTO edt_snrsa_g.property_configuration (CLAVE, VALOR, CONFIGURACION) VALUES ('solr.arch.url','http://egov3p1.egoveris.com:8092/bweb-solr/core-arch','TRACK');
INSERT INTO edt_snrsa_g.property_configuration (CLAVE, VALOR, CONFIGURACION) VALUES ('solr.ccoo.connectionTimeout','1000','SGA');
INSERT INTO edt_snrsa_g.property_configuration (CLAVE, VALOR, CONFIGURACION) VALUES ('solr.ccoo.maxConnectionsPerHost','1000','SGA');
INSERT INTO edt_snrsa_g.property_configuration (CLAVE, VALOR, CONFIGURACION) VALUES ('solr.ccoo.url','http://egov3p1.egoveris.com:8092/bweb-solr/core-ccoo','SGA');
INSERT INTO edt_snrsa_g.property_configuration (CLAVE, VALOR, CONFIGURACION) VALUES ('solr.connectionTimeout','1000','SGA');
INSERT INTO edt_snrsa_g.property_configuration (CLAVE, VALOR, CONFIGURACION) VALUES ('solr.connectionTimeout','6000','TRACK');
INSERT INTO edt_snrsa_g.property_configuration (CLAVE, VALOR, CONFIGURACION) VALUES ('solr.cooo.maxTotalConnections','100','SGA');
INSERT INTO edt_snrsa_g.property_configuration (CLAVE, VALOR, CONFIGURACION) VALUES ('solr.ee.maxConnPerHost','1000','EE');
INSERT INTO edt_snrsa_g.property_configuration (CLAVE, VALOR, CONFIGURACION) VALUES ('solr.ee.maxtotalConn','1000','EE');
INSERT INTO edt_snrsa_g.property_configuration (CLAVE, VALOR, CONFIGURACION) VALUES ('solr.ee.timeout','1000','EE');
INSERT INTO edt_snrsa_g.property_configuration (CLAVE, VALOR, CONFIGURACION) VALUES ('solr.ee.url','http://egov3p1.egoveris.com:8092/bweb-solr/core-ee','SISTEMA');
INSERT INTO edt_snrsa_g.property_configuration (CLAVE, VALOR, CONFIGURACION) VALUES ('solr.eeCoreName','core-ee','EE');
INSERT INTO edt_snrsa_g.property_configuration (CLAVE, VALOR, CONFIGURACION) VALUES ('solr.eu.url','http://egov3p1.egoveris.com:8090/bweb-solr/core-eu','EU');
INSERT INTO edt_snrsa_g.property_configuration (CLAVE, VALOR, CONFIGURACION) VALUES ('solr.euCoreName','core-eu','EU');
INSERT INTO edt_snrsa_g.property_configuration (CLAVE, VALOR, CONFIGURACION) VALUES ('solr.gedoCore.url','http://egov3p1.egoveris.com:8090/bweb-solr/coreGEDO','GEDO');
INSERT INTO edt_snrsa_g.property_configuration (CLAVE, VALOR, CONFIGURACION) VALUES ('solr.maxConnectionsPerHost','1000','SGA');
INSERT INTO edt_snrsa_g.property_configuration (CLAVE, VALOR, CONFIGURACION) VALUES ('solr.maxConnectionsPerHost','100','TRACK');
INSERT INTO edt_snrsa_g.property_configuration (CLAVE, VALOR, CONFIGURACION) VALUES ('solr.maxTotalConnections','100','SISTEMA');
INSERT INTO edt_snrsa_g.property_configuration (CLAVE, VALOR, CONFIGURACION) VALUES ('solr.rlm.url','http://egov3p1.egoveris.com:8090/bweb-solr/coreRLM','RLM');
INSERT INTO edt_snrsa_g.property_configuration (CLAVE, VALOR, CONFIGURACION) VALUES ('solr.rlmCoreName','coreRLM','RLM');
INSERT INTO edt_snrsa_g.property_configuration (CLAVE, VALOR, CONFIGURACION) VALUES ('solr.track.url','http://egov3p1.egoveris.com:8090/bweb-solr/core-track','SISTEMA');
INSERT INTO edt_snrsa_g.property_configuration (CLAVE, VALOR, CONFIGURACION) VALUES ('solr.url','http://egov3p1.egoveris.com:8090/bweb-solr/core-arch','SGA');
INSERT INTO edt_snrsa_g.property_configuration (CLAVE, VALOR, CONFIGURACION) VALUES ('solr.url','http://egov3p1.egoveris.com:8090/bweb-solr/core-track','TRACK');
INSERT INTO edt_snrsa_g.property_configuration (CLAVE, VALOR, CONFIGURACION) VALUES ('solr.usr.url','http://egov3p1.egoveris.com:8090/bweb-solr/coreUSUARIOS','SISTEMA');
INSERT INTO edt_snrsa_g.property_configuration (CLAVE, VALOR, CONFIGURACION) VALUES ('solrServerTrack.activarIndexacion','false','EE');
INSERT INTO edt_snrsa_g.property_configuration (CLAVE, VALOR, CONFIGURACION) VALUES ('solrServerTrack.connectionTimeout','6000','EE');
INSERT INTO edt_snrsa_g.property_configuration (CLAVE, VALOR, CONFIGURACION) VALUES ('solrServerTrack.maxConnectionsPerHost','100','EE');
INSERT INTO edt_snrsa_g.property_configuration (CLAVE, VALOR, CONFIGURACION) VALUES ('solrServerTrack.maxTotalConnections','100','EE');
INSERT INTO edt_snrsa_g.property_configuration (CLAVE, VALOR, CONFIGURACION) VALUES ('solrServerTrack.url','http://egov3p1.egoveris.com:8090/bweb-solr/core-track','EE');
INSERT INTO edt_snrsa_g.property_configuration (CLAVE, VALOR, CONFIGURACION) VALUES ('tad.ecosistema','APN','SISTEMA');
INSERT INTO edt_snrsa_g.property_configuration (CLAVE, VALOR, CONFIGURACION) VALUES ('tad.mailMesaAyuda','sjaboss@gmail.com','TAD');
INSERT INTO edt_snrsa_g.property_configuration (CLAVE, VALOR, CONFIGURACION) VALUES ('tad.url','https://casqa.trade.com','EE');
INSERT INTO edt_snrsa_g.property_configuration (CLAVE, VALOR, CONFIGURACION) VALUES ('tareas.busqueda.tiempo','6','GEDO');
INSERT INTO edt_snrsa_g.property_configuration (CLAVE, VALOR, CONFIGURACION) VALUES ('tiempo.recarga.rep.usu','900000','SGA');
INSERT INTO edt_snrsa_g.property_configuration (CLAVE, VALOR, CONFIGURACION) VALUES ('tipoCCOO.memo','MEMO','EE');
INSERT INTO edt_snrsa_g.property_configuration (CLAVE, VALOR, CONFIGURACION) VALUES ('tipoCCOO.nota','NOTA','EE');
INSERT INTO edt_snrsa_g.property_configuration (CLAVE, VALOR, CONFIGURACION) VALUES ('tipoDocCache.refresh.ms','900000','EE');
INSERT INTO edt_snrsa_g.property_configuration (CLAVE, VALOR, CONFIGURACION) VALUES ('tipoDocCache.refresh.ms','3000','WD');
INSERT INTO edt_snrsa_g.property_configuration (CLAVE, VALOR, CONFIGURACION) VALUES ('tipoDocumentoApoderado','COAPO','TAD');
INSERT INTO edt_snrsa_g.property_configuration (CLAVE, VALOR, CONFIGURACION) VALUES ('tituloDocumentoCaratulaVariable','Datos Adicionales para la Caratula','TAD');
INSERT INTO edt_snrsa_g.property_configuration (CLAVE, VALOR, CONFIGURACION) VALUES ('topic.id','tcp://amq.cap.gde.gob.ar:61616','RLM');
INSERT INTO edt_snrsa_g.property_configuration (CLAVE, VALOR, CONFIGURACION) VALUES ('topic.name','EE.datos.topic','RLM');
INSERT INTO edt_snrsa_g.property_configuration (CLAVE, VALOR, CONFIGURACION) VALUES ('tsa.url',' ','SISTEMA');
INSERT INTO edt_snrsa_g.property_configuration (CLAVE, VALOR, CONFIGURACION) VALUES ('url.archivo.logo','SADE','SISTEMA');
INSERT INTO edt_snrsa_g.property_configuration (CLAVE, VALOR, CONFIGURACION) VALUES ('url.filenet','http://--------------------/filenetservice/?wsdl','GEDO');
INSERT INTO edt_snrsa_g.property_configuration (CLAVE, VALOR, CONFIGURACION) VALUES ('user.citas','tad','TAD');
INSERT INTO edt_snrsa_g.property_configuration (CLAVE, VALOR, CONFIGURACION) VALUES ('usuario.envioAutomaticoGT','DOMINGUEZRE','EE');
INSERT INTO edt_snrsa_g.property_configuration (CLAVE, VALOR, CONFIGURACION) VALUES ('validarfirma.connectiontimeout','60000','SISTEMA');
INSERT INTO edt_snrsa_g.property_configuration (CLAVE, VALOR, CONFIGURACION) VALUES ('validarfirma.readtimeout','10000','SISTEMA');
INSERT INTO edt_snrsa_g.property_configuration (CLAVE, VALOR, CONFIGURACION) VALUES ('validarfirma.soap.url','http://livecycle.cap.gde.gob.ar/soap/services/ValidarFirmas','GEDO');
INSERT INTO edt_snrsa_g.property_configuration (CLAVE, VALOR, CONFIGURACION) VALUES ('validarTipoDocumento.firmaConjunta','ANDEC;ANEDE;DECRE;DECTO;PRODE','GEDO');
INSERT INTO edt_snrsa_g.property_configuration (CLAVE, VALOR, CONFIGURACION) VALUES ('webdav.connectionTimeout','15000','SISTEMA');
INSERT INTO edt_snrsa_g.property_configuration (CLAVE, VALOR, CONFIGURACION) VALUES ('webdav.defaultPassword','admin','EU');
INSERT INTO edt_snrsa_g.property_configuration (CLAVE, VALOR, CONFIGURACION) VALUES ('webdav.defaultPassword','sade','SISTEMA');
INSERT INTO edt_snrsa_g.property_configuration (CLAVE, VALOR, CONFIGURACION) VALUES ('webdav.defaultUsername','admin','EU');
INSERT INTO edt_snrsa_g.property_configuration (CLAVE, VALOR, CONFIGURACION) VALUES ('webdav.defaultUsername','sade','SISTEMA');
INSERT INTO edt_snrsa_g.property_configuration (CLAVE, VALOR, CONFIGURACION) VALUES ('webdav.documentRoot','/guarda-documental/','SISTEMA');
INSERT INTO edt_snrsa_g.property_configuration (CLAVE, VALOR, CONFIGURACION) VALUES ('webdav.hostName','egov3p1.egoveris.com','SISTEMA');
INSERT INTO edt_snrsa_g.property_configuration (CLAVE, VALOR, CONFIGURACION) VALUES ('webdav.port','80','SISTEMA');
INSERT INTO edt_snrsa_g.property_configuration (CLAVE, VALOR, CONFIGURACION) VALUES ('wsdl.agip','https://desa.agip.gob.ar/claveciudad/claveCiudadWS','TAD');
INSERT INTO edt_snrsa_g.property_configuration (CLAVE, VALOR, CONFIGURACION) VALUES ('wsdl.citas','http://desa.egoveris.com:8880/apps/api-citas-hml/ws.citas.php','TAD');
INSERT INTO edt_snrsa_g.property_configuration (CLAVE, VALOR, CONFIGURACION) VALUES ('wsdl.DC','http://desa.egoveris.com:8088/mock','TAD');
INSERT INTO edt_snrsa_g.property_configuration (CLAVE, VALOR, CONFIGURACION) VALUES ('wsdl.DC.decodingXml','UTF-8','TAD');
INSERT INTO edt_snrsa_g.property_configuration (CLAVE, VALOR, CONFIGURACION) VALUES ('wsdl.DC.encodingXml','ISO-8859-1','TAD');
INSERT INTO edt_snrsa_g.property_configuration (CLAVE, VALOR, CONFIGURACION) VALUES ('wsdl.DC.externalURL','http://desa.egoveris.com/wsDGDyPC/','TAD');


/* **************************************************************************************************************************************************************
	NUMERADOR CLEANING
************************************************************************************************************************************************************** */
USE numerador_snrsa_g;

DELETE FROM num_caratula_sector_usu;
DELETE FROM numero_proceso_batch;
DELETE FROM numero_sade;
DELETE FROM numero_sade_caratula;
DELETE FROM numero_sade_secuencia;
DELETE FROM numero_sade_trabajo;
DELETE FROM numero_sistemas_sade;
DELETE FROM property_configuration;
DELETE FROM qrtz_blob_triggers;
DELETE FROM qrtz_calendars;
DELETE FROM qrtz_cron_triggers;
DELETE FROM qrtz_fired_triggers;
DELETE FROM qrtz_job_details;
DELETE FROM qrtz_job_listeners;
DELETE FROM qrtz_locks;
DELETE FROM qrtz_paused_trigger_grps;
DELETE FROM qrtz_scheduler_state;
DELETE FROM qrtz_simple_triggers;
DELETE FROM qrtz_trigger_listeners;
DELETE FROM qrtz_triggers;
INSERT INTO numero_sade_secuencia (ID_SECUENCIA, ANIO, NUMERO) VALUES (1,2016,1);
INSERT INTO numero_sade_secuencia (ID_SECUENCIA, ANIO, NUMERO) VALUES (2,2017,5);
ALTER TABLE numero_proceso_batch_id_seq RESTART WITH 10;
ALTER TABLE numero_sade_id_seq RESTART WITH 10;
ALTER TABLE numero_sade_caratula_id_seq RESTART WITH 10;
ALTER TABLE numero_sade_secuencia_id_seq RESTART WITH 10;
INSERT INTO numero_sistemas_sade (ID_SISTEMA, NOMBRE_SISTEMA, LINK_SISTEMA, ACTIVO) VALUES (1,'GEDO','http://desa.egoveris.com:9010/deo-web/consultaNrosTransitorios',1);
INSERT INTO numero_sistemas_sade (ID_SISTEMA, NOMBRE_SISTEMA, LINK_SISTEMA, ACTIVO) VALUES (2,'TE','http://desa.egoveris.com:9010/te-web/consultaNrosTransitorios',1);
INSERT INTO numero_sistemas_sade (ID_SISTEMA, NOMBRE_SISTEMA, LINK_SISTEMA, ACTIVO) VALUES (3,'EE','http://desa.egoveris.com:9010/te-web/consultaNrosTransitorios',1);
ALTER TABLE numero_sade_trabajo_id_seq RESTART WITH 10;
ALTER TABLE numero_sistemas_sade_id_seq RESTART WITH 10;
INSERT INTO property_configuration (CLAVE, VALOR, CONFIGURACION) VALUES ('app.numerador.rep.actu.GEDO','EGOV','SISTEMA');
INSERT INTO property_configuration (CLAVE, VALOR, CONFIGURACION) VALUES ('app.numerador.tiempoRecargaSectores','3600000','SISTEMA');
INSERT INTO property_configuration (CLAVE, VALOR, CONFIGURACION) VALUES ('numerador.proceso.cantidadPorInvocacion','500','NUMERADOR');
INSERT INTO property_configuration (CLAVE, VALOR, CONFIGURACION) VALUES ('numerador.proceso.cron','0 0 0 * * ?','NUMERADOR');
INSERT INTO property_configuration (CLAVE, VALOR, CONFIGURACION) VALUES ('numerador.proceso.reintento','3','NUMERADOR');


/* **************************************************************************************************************************************************************
	TE CLEANING
 ************************************************************************************************************************************************************** */
USE te_snrsa_g;

DELETE FROM actividad;
DELETE FROM actividad_param;
DELETE FROM dato_variable;
DELETE FROM datos_variables_combo_grupos;
DELETE FROM datos_variables_combos;
DELETE FROM documento;
DELETE FROM documento_de_identidad;
DELETE FROM ee_arch_trab_repa_part;
DELETE FROM ee_arch_trabajo_visu_test;
DELETE FROM ee_arch_trabajo_visualizacion;
DELETE FROM ee_archivo_de_trabajo;
DELETE FROM ee_archivo_remision;
DELETE FROM ee_aud_tarea_migracion;
DELETE FROM ee_aud_tarea_migracion_error;
DELETE FROM ee_auditoria_de_consulta;
DELETE FROM ee_auditoria_notificacion;
DELETE FROM ee_con_suspension;
DELETE FROM ee_expediente_archivostrabajo;
DELETE FROM ee_expediente_asociado;
DELETE FROM ee_expediente_documentos;
DELETE FROM ee_expediente_electronico;
DELETE FROM ee_reparticion_participante;
DELETE FROM ee_sade_extracto;
DELETE FROM ee_sistema_externo;
DELETE FROM ee_subprocess;
DELETE FROM ee_subprocess_production;
DELETE FROM ee_tarea_paralelo;
DELETE FROM ee_tipos_archivo_trabajo;
DELETE FROM ee_tramitacion_conjunta;
DELETE FROM expedienteasociado;
DELETE FROM generar_copia;
DELETE FROM historialoperacion;
DELETE FROM jbpm4_deployment;
DELETE FROM jbpm4_deployprop;
DELETE FROM jbpm4_execution;
DELETE FROM jbpm4_hist_actinst;
DELETE FROM jbpm4_hist_procinst;
DELETE FROM jbpm4_hist_task;
DELETE FROM jbpm4_hist_var;
DELETE FROM jbpm4_job;
DELETE FROM jbpm4_lob;
DELETE FROM jbpm4_participation;
DELETE FROM jbpm4_property;
DELETE FROM jbpm4_swimlane;
DELETE FROM jbpm4_task;
DELETE FROM jbpm4_variable;
DELETE FROM jbpm_task_temp;
DELETE FROM metadatos_trata;
DELETE FROM migr_datatype_transform_map;
DELETE FROM migr_datatype_transform_rule;
DELETE FROM migr_generation_order;
DELETE FROM migrlog;
DELETE FROM property_configuration;
DELETE FROM sade_extracto;
DELETE FROM solicitante;
DELETE FROM solicitud_expediente;
DELETE FROM tad_documento;
DELETE FROM tad_expediente_documento;
DELETE FROM tad_persona;
DELETE FROM tad_terminos_condiciones;
DELETE FROM tad_tipo_tramite;
DELETE FROM te_expediente_formulario;
DELETE FROM te_log_esb;
DELETE FROM te_operacion;
DELETE FROM te_operacion_doc;
DELETE FROM te_operacion_ee;
DELETE FROM te_project;
DELETE FROM te_subprocess;
DELETE FROM te_subprocess_production;
DELETE FROM te_tipo_oper_documento;
DELETE FROM te_tipo_oper_form;
DELETE FROM te_tipo_oper_organismo;
DELETE FROM te_tipo_operacion;
DELETE FROM tipo_actividad;
DELETE FROM tipo_documento;
DELETE FROM tipo_documento_depuracion;
DELETE FROM tipo_documento_vinculado;
DELETE FROM tipo_reserva;
DELETE FROM tipos_datos_propios;
DELETE FROM trata;
DELETE FROM trata_auditoria;
DELETE FROM trata_integracion_reparticion;
DELETE FROM trata_reparticion;
DELETE FROM trata_reparticion_auditoria;
DELETE FROM trata_tipo_documento;
DELETE FROM trata_tipo_documento_auditoria;
DELETE FROM trata_tipo_resultado;
DELETE FROM tratas_diferenciales;
DELETE FROM usuario_migracion;
DELETE FROM wd_bitacora;
INSERT INTO property_configuration (CLAVE, VALOR, CONFIGURACION) VALUES ('ee.TomaVistaRechazo.Acronimo','IFTVR','SISTEMA');
INSERT INTO property_configuration (CLAVE, VALOR, CONFIGURACION) VALUES ('acronimoPaseEE','PV','SISTEMA');
INSERT INTO property_configuration (CLAVE, VALOR, CONFIGURACION) VALUES ('solrServerTrack.maxTotalConnections','100','SISTEMA');
INSERT INTO property_configuration (CLAVE, VALOR, CONFIGURACION) VALUES ('reparticion.actuacion','EGOV','SISTEMA');
INSERT INTO property_configuration (CLAVE, VALOR, CONFIGURACION) VALUES ('ee.plugin','file:///opt/versions/PluginManager/ee','SISTEMA');
INSERT INTO property_configuration (CLAVE, VALOR, CONFIGURACION) VALUES ('app.numerador.url','https://qa.trade.com/numerador-web','SISTEMA');
INSERT INTO property_configuration (CLAVE, VALOR, CONFIGURACION) VALUES ('ee.smtp.host','7.214.105.112','SISTEMA');
INSERT INTO property_configuration (CLAVE, VALOR, CONFIGURACION) VALUES ('ee.reparticion.GT','MGEYA','SISTEMA');
INSERT INTO property_configuration (CLAVE, VALOR, CONFIGURACION) VALUES ('repository.hostname','egov3p1.trade.com','SISTEMA');
INSERT INTO property_configuration (CLAVE, VALOR, CONFIGURACION) VALUES ('ee.consulta.bd','false','SISTEMA');
INSERT INTO property_configuration (CLAVE, VALOR, CONFIGURACION) VALUES ('cas.url','https://casqa.trade.com','SISTEMA');
INSERT INTO property_configuration (CLAVE, VALOR, CONFIGURACION) VALUES ('solr.ee.maxtotalConn','1000','EE');
INSERT INTO property_configuration (CLAVE, VALOR, CONFIGURACION) VALUES ('solr.ee.maxConnPerHost','1000','EE');
INSERT INTO property_configuration (CLAVE, VALOR, CONFIGURACION) VALUES ('solr.ee.timeout','1000','EE');
INSERT INTO property_configuration (CLAVE, VALOR, CONFIGURACION) VALUES ('nic.PassWord','TestEveris123','SISTEMA');
INSERT INTO property_configuration (CLAVE, VALOR, CONFIGURACION) VALUES ('nic.UserName','Everis','SISTEMA');
INSERT INTO property_configuration (CLAVE, VALOR, CONFIGURACION) VALUES ('nic.HostPort','700','SISTEMA');
INSERT INTO property_configuration (CLAVE, VALOR, CONFIGURACION) VALUES ('nic.HostName','testepp-www.nic.ar','SISTEMA');
INSERT INTO property_configuration (CLAVE, VALOR, CONFIGURACION) VALUES ('ee.smtp.username','egoveris','SISTEMA');
INSERT INTO property_configuration (CLAVE, VALOR, CONFIGURACION) VALUES ('ee.TomaVistaAceptacion.Acronimo','IFTVA','SISTEMA');
INSERT INTO property_configuration (CLAVE, VALOR, CONFIGURACION) VALUES ('livecycle.url.service','http://livecycle.egoveris.com:8080','SISTEMA');
INSERT INTO property_configuration (CLAVE, VALOR, CONFIGURACION) VALUES ('nic.KeyStorePassword','changeit','SISTEMA');
INSERT INTO property_configuration (CLAVE, VALOR, CONFIGURACION) VALUES ('nic.KeyStoreFileLocation','/opt/versions/epp/nicArTrustCert.jks','SISTEMA');
INSERT INTO property_configuration (CLAVE, VALOR, CONFIGURACION) VALUES ('jms.nombre','prueba','SISTEMA');
INSERT INTO property_configuration (CLAVE, VALOR, CONFIGURACION) VALUES ('ee.acronimo.notificacion','NOTVU','SISTEMA');
INSERT INTO property_configuration (CLAVE, VALOR, CONFIGURACION) VALUES ('ee.bac.tratasHabilitadas','GENE0301A,GENE0302A,GENE0303A,GENE0303B,GENE0307A,GENE0308A,GENE2601A','SISTEMA');
INSERT INTO property_configuration (CLAVE, VALOR, CONFIGURACION) VALUES ('migracion.usuariosTareas','*','SISTEMA');
INSERT INTO property_configuration (CLAVE, VALOR, CONFIGURACION) VALUES ('ee.jms.servidor','tcp://7.217.8.23:61616','SISTEMA');
INSERT INTO property_configuration (CLAVE, VALOR, CONFIGURACION) VALUES ('app.track.url','aaaa','SISTEMA');
INSERT INTO property_configuration (CLAVE, VALOR, CONFIGURACION) VALUES ('ee.batch.day.regExpression.quartzActividad','0 0/5 * 1/1 * ? 2018','SISTEMA');
INSERT INTO property_configuration (CLAVE, VALOR, CONFIGURACION) VALUES ('migracion.modulo','EE','SISTEMA');
INSERT INTO property_configuration (CLAVE, VALOR, CONFIGURACION) VALUES ('migracion.tarea.cronExp','0-59 1-59 * * * ?','SISTEMA');
INSERT INTO property_configuration (CLAVE, VALOR, CONFIGURACION) VALUES ('ee.batch.migracion.sistemasNoValidos','LOyS,PSOC','SISTEMA');
INSERT INTO property_configuration (CLAVE, VALOR, CONFIGURACION) VALUES ('ee.sistemasArchivadores','ARCH,LOyS','SISTEMA');
INSERT INTO property_configuration (CLAVE, VALOR, CONFIGURACION) VALUES ('batch.inboxGrupal.asig.regExpression','0 0 12 1 1 ? 2018','SISTEMA');
INSERT INTO property_configuration (CLAVE, VALOR, CONFIGURACION) VALUES ('livecycle.username','administrator','SISTEMA');
INSERT INTO property_configuration (CLAVE, VALOR, CONFIGURACION) VALUES ('ee.TomaVistaSinSuspension.Acronimo','COTVI','SISTEMA');
INSERT INTO property_configuration (CLAVE, VALOR, CONFIGURACION) VALUES ('dynform.url','https://qa.trade.com/ffdd-web','SISTEMA');
INSERT INTO property_configuration (CLAVE, VALOR, CONFIGURACION) VALUES ('jms.timeOut','30000','SISTEMA');
INSERT INTO property_configuration (CLAVE, VALOR, CONFIGURACION) VALUES ('ee.reparticion.tiempo','900000','SISTEMA');
INSERT INTO property_configuration (CLAVE, VALOR, CONFIGURACION) VALUES ('ee.tratasDeRemision','SADE8,GENE1507A,AGC00503A','SISTEMA');
INSERT INTO property_configuration (CLAVE, VALOR, CONFIGURACION) VALUES ('solrServerTrack.activarIndexacion','false','SISTEMA');
INSERT INTO property_configuration (CLAVE, VALOR, CONFIGURACION) VALUES ('mule.url','http://desa.egoveris.com:8099','SISTEMA');
INSERT INTO property_configuration (CLAVE, VALOR, CONFIGURACION) VALUES ('app.eu.mail.password',' ','SISTEMA');
INSERT INTO property_configuration (CLAVE, VALOR, CONFIGURACION) VALUES ('eu.url','https://qa.trade.com/edt-web','SISTEMA');
INSERT INTO property_configuration (CLAVE, VALOR, CONFIGURACION) VALUES ('solr.usr.url','http://egov3p1.trade.com:8090/bweb-solr/coreUSUARIOS','RLM');
INSERT INTO property_configuration (CLAVE, VALOR, CONFIGURACION) VALUES ('ldap.url','ldap://egov3p1.trades.com:389','SISTEMA');
INSERT INTO property_configuration (CLAVE, VALOR, CONFIGURACION) VALUES ('tad.url','http://egov3p1.trade.com:8099','SISTEMA');
INSERT INTO property_configuration (CLAVE, VALOR, CONFIGURACION) VALUES ('solr.eeCoreName','core-ee','SISTEMA');
INSERT INTO property_configuration (CLAVE, VALOR, CONFIGURACION) VALUES ('ee.tipoDocCCOO.tomaVista','SS81','SISTEMA');
INSERT INTO property_configuration (CLAVE, VALOR, CONFIGURACION) VALUES ('batch.day.regExpression','0 0 12 1 1 ? 2018','SISTEMA');
INSERT INTO property_configuration (CLAVE, VALOR, CONFIGURACION) VALUES ('ee.plugin_webdav','/PluginManager/ee/deploydemotrade','SISTEMA');
INSERT INTO property_configuration (CLAVE, VALOR, CONFIGURACION) VALUES ('ee.sectorinterno.tiempo','900000','SISTEMA');
INSERT INTO property_configuration (CLAVE, VALOR, CONFIGURACION) VALUES ('batch.server.name.running','gedo-test-ws1.gcaba.everis.int??','SISTEMA');
INSERT INTO property_configuration (CLAVE, VALOR, CONFIGURACION) VALUES ('nombre.entorno','ee','SISTEMA');
INSERT INTO property_configuration (CLAVE, VALOR, CONFIGURACION) VALUES ('ee.reparticionesValidas','MGEYA','SISTEMA');
INSERT INTO property_configuration (CLAVE, VALOR, CONFIGURACION) VALUES ('lue.url','http://rib-test.gcaba.everis.int/le-web','SISTEMA');
INSERT INTO property_configuration (CLAVE, VALOR, CONFIGURACION) VALUES ('ee.cronCargaFeriados','0 0 0 * * ?','SISTEMA');
INSERT INTO property_configuration (CLAVE, VALOR, CONFIGURACION) VALUES ('repository.connectionTimeout','15000','SISTEMA');
INSERT INTO property_configuration (CLAVE, VALOR, CONFIGURACION) VALUES ('security.usuarios.refrescoMinutos','5','SISTEMA');
INSERT INTO property_configuration (CLAVE, VALOR, CONFIGURACION) VALUES ('ee.trata.tiempo','300000','SISTEMA');
INSERT INTO property_configuration (CLAVE, VALOR, CONFIGURACION) VALUES ('ee.usuario.tiempo','18000000','SISTEMA');
INSERT INTO property_configuration (CLAVE, VALOR, CONFIGURACION) VALUES ('livecycle.password','password','SISTEMA');
INSERT INTO property_configuration (CLAVE, VALOR, CONFIGURACION) VALUES ('app.eu.mail.user',' ','SISTEMA');
INSERT INTO property_configuration (CLAVE, VALOR, CONFIGURACION) VALUES ('ee.user.tomaVista','GCABADGM','SISTEMA');
INSERT INTO property_configuration (CLAVE, VALOR, CONFIGURACION) VALUES ('solr.ee.maxConnPerHost','1000','SISTEMA');
INSERT INTO property_configuration (CLAVE, VALOR, CONFIGURACION) VALUES ('app.sistema.gestor.documental','WEBDAV','SISTEMA');
INSERT INTO property_configuration (CLAVE, VALOR, CONFIGURACION) VALUES ('ee.batch.regExpression.archivoDefinitivo','40 0/1 * 1/1 * ? 2018','SISTEMA');
INSERT INTO property_configuration (CLAVE, VALOR, CONFIGURACION) VALUES ('batch.archivoDefinitivo.reintentos','5','SISTEMA');
INSERT INTO property_configuration (CLAVE, VALOR, CONFIGURACION) VALUES ('cantMeses.envioAutomaticoGT','6','SISTEMA');
INSERT INTO property_configuration (CLAVE, VALOR, CONFIGURACION) VALUES ('batch.day.regExpression.quartzEnvioDocDepuracion','0 0/5 * 1/1 * ? 2018','SISTEMA');
INSERT INTO property_configuration (CLAVE, VALOR, CONFIGURACION) VALUES ('batch.day.regExpression.EnvioGT','0 0/5 * 1/1 * ? 2018','SISTEMA');
INSERT INTO property_configuration (CLAVE, VALOR, CONFIGURACION) VALUES ('ee.envioCorreoActivo','false','EE');
INSERT INTO property_configuration (CLAVE, VALOR, CONFIGURACION) VALUES ('batch.depurar.asignacion.cantidadDeEjecuciones','2128','SISTEMA');
INSERT INTO property_configuration (CLAVE, VALOR, CONFIGURACION) VALUES ('ee.mail.subsanacion.documentos','dpadua@everis.com','SISTEMA');
INSERT INTO property_configuration (CLAVE, VALOR, CONFIGURACION) VALUES ('jms.url','tcp://7.217.8.23:61616','SISTEMA');
INSERT INTO property_configuration (CLAVE, VALOR, CONFIGURACION) VALUES ('ldap.admin.user','cn=Manager,DC=egoveris,DC=com','SISTEMA');
INSERT INTO property_configuration (CLAVE, VALOR, CONFIGURACION) VALUES ('ee.sistValidosDeConsultaBuzon','TAD,ARCH,EE','SISTEMA');
INSERT INTO property_configuration (CLAVE, VALOR, CONFIGURACION) VALUES ('solrServerTrack.connectionTimeout','6000','SISTEMA');
INSERT INTO property_configuration (CLAVE, VALOR, CONFIGURACION) VALUES ('app.url','https://qa.trade.com/te-web','SISTEMA');
INSERT INTO property_configuration (CLAVE, VALOR, CONFIGURACION) VALUES ('batch.inboxGrupal.cantidadDiasVencimiento','7','SISTEMA');
INSERT INTO property_configuration (CLAVE, VALOR, CONFIGURACION) VALUES ('app.ecosistema','   ','SISTEMA');
INSERT INTO property_configuration (CLAVE, VALOR, CONFIGURACION) VALUES ('solr.ee.timeout','1000','SISTEMA');
INSERT INTO property_configuration (CLAVE, VALOR, CONFIGURACION) VALUES ('solr.usr.url','http://egov3p1.trade.com:8090/bweb-solr/coreUSUARIOS','SISTEMA');
INSERT INTO property_configuration (CLAVE, VALOR, CONFIGURACION) VALUES ('sade.satra.url','http://afjg-ee-test.gcaba.everis.int','SISTEMA');
INSERT INTO property_configuration (CLAVE, VALOR, CONFIGURACION) VALUES ('siga.satra.url','http://afjg-ee-test.gcaba.everis.int','SISTEMA');
INSERT INTO property_configuration (CLAVE, VALOR, CONFIGURACION) VALUES ('batch.depuracion.asignacion.dias.vencimiento','15','SISTEMA');
INSERT INTO property_configuration (CLAVE, VALOR, CONFIGURACION) VALUES ('repository.documentRoot','/guarda-documental','SISTEMA');
INSERT INTO property_configuration (CLAVE, VALOR, CONFIGURACION) VALUES ('tipoCCOO.memo','MEMO','SISTEMA');
INSERT INTO property_configuration (CLAVE, VALOR, CONFIGURACION) VALUES ('repository.port','80','SISTEMA');
INSERT INTO property_configuration (CLAVE, VALOR, CONFIGURACION) VALUES ('ee.trata.tiempo','300000','EEE');
INSERT INTO property_configuration (CLAVE, VALOR, CONFIGURACION) VALUES ('ee.usuario.tiempo','18000000','EE');
INSERT INTO property_configuration (CLAVE, VALOR, CONFIGURACION) VALUES ('ee.smtp.port','1250','SISTEMA');
INSERT INTO property_configuration (CLAVE, VALOR, CONFIGURACION) VALUES ('repository.defaultUsername','admin','SISTEMA');
INSERT INTO property_configuration (CLAVE, VALOR, CONFIGURACION) VALUES ('tipoDocCache.refresh.ms','30000','SISTEMA');
INSERT INTO property_configuration (CLAVE, VALOR, CONFIGURACION) VALUES ('solrServerTrack.url','http://egov3p1.trade.com:8090/bweb-solr/core-track','SISTEMA');
INSERT INTO property_configuration (CLAVE, VALOR, CONFIGURACION) VALUES ('ldap.admin.password','password','SISTEMA');
INSERT INTO property_configuration (CLAVE, VALOR, CONFIGURACION) VALUES ('repository.defaultPassword','admin','SISTEMA');
INSERT INTO property_configuration (CLAVE, VALOR, CONFIGURACION) VALUES ('tipoCCOO.nota','NOTA','SISTEMA');
INSERT INTO property_configuration (CLAVE, VALOR, CONFIGURACION) VALUES ('ee.trataTomaVista','ACER00004','SISTEMA');
INSERT INTO property_configuration (CLAVE, VALOR, CONFIGURACION) VALUES ('solr.ee.url','http://egov3p1.trade.com:8090/bweb-solr/core-ee','SISTEMA');
INSERT INTO property_configuration (CLAVE, VALOR, CONFIGURACION) VALUES ('solr.ee.maxtotalConn','1000','SISTEMA');
INSERT INTO property_configuration (CLAVE, VALOR, CONFIGURACION) VALUES ('ee.script.subprocessGeneric',"var mensaje=function(e){throw new Error('MSG: '+e)},cerrarVentana=function(e){esWS()||state.closeWindow(e)},mensajeOK=function(e){esWS()?print(e):state.newMessageOK(e)},mensajeERROR=function(e){esWS()?print(e):state.newErrorMessage(e)},sistemaCreador=function(){return ee.getSistemaCreador()},sistemaApoderado=function(){return ee.getSistemaApoderado()},esWS=function(){return'undefined'!=typeof __isWebService__},invokeRemoteService=function(e,t,n){remoteRestService.invokeRemoteService(e,t,ee,idTransactionFFCC,nameFFCC,n)},blockExpedient=function(){remoteRestService.blockExpedient(ee)},validateStructure=function(e){return remoteRestService.validateStructureForm(e,Form)},initSubProcess=function(e){return remoteRestService.initSubprocess(ee,e)};",'SISTEMA');
INSERT INTO property_configuration (CLAVE, VALOR, CONFIGURACION) VALUES ('gedo.url','https://qa.trade.com/deo-web','SISTEMA');
INSERT INTO property_configuration (CLAVE, VALOR, CONFIGURACION) VALUES ('arch.url','http://arch-test.gcaba.everis.int/archivo-web','SISTEMA');
INSERT INTO property_configuration (CLAVE, VALOR, CONFIGURACION) VALUES ('nombre.host.migracion','gedo-test-ws1.gcaba.everis.int','SISTEMA');
INSERT INTO property_configuration (CLAVE, VALOR, CONFIGURACION) VALUES ('ldap.base','DC=egoveris,DC=com','SISTEMA');
INSERT INTO property_configuration (CLAVE, VALOR, CONFIGURACION) VALUES ('solrServerTrack.maxConnectionsPerHost','100','SISTEMA');
INSERT INTO property_configuration (CLAVE, VALOR, CONFIGURACION) VALUES ('EUServicioURL','https://qa.trade.com/edt-web','SISTEMA');
INSERT INTO property_configuration (CLAVE, VALOR, CONFIGURACION) VALUES ('ee.reparticion.tiempo','900000','EE');
INSERT INTO property_configuration (CLAVE, VALOR, CONFIGURACION) VALUES ('ee.cronCargaFeriados','0 0 0 * * ?','EE');
INSERT INTO property_configuration (CLAVE, VALOR, CONFIGURACION) VALUES ('batch.server.migracion','gedo-test-ws1.gcaba.everis.int','SISTEMA');
INSERT INTO property_configuration (CLAVE, VALOR, CONFIGURACION) VALUES ('batch.day.regExpression.Migracion','0 0/5 * 1/1 * ? 2018','SISTEMA');
INSERT INTO property_configuration (CLAVE, VALOR, CONFIGURACION) VALUES ('ee.sectorinterno.tiempo','900000','EE');
INSERT INTO property_configuration (CLAVE, VALOR, CONFIGURACION) VALUES ('batch.dep.solicitud.envio.Expression','0 2 * 1/1 * ? 2018','SISTEMA');
INSERT INTO property_configuration (CLAVE, VALOR, CONFIGURACION) VALUES ('tipoDocCache.refresh.ms','30000','EE');
INSERT INTO property_configuration (CLAVE, VALOR, CONFIGURACION) VALUES ('batch.dep.solicitud.elim.Expression','0 2 * 1/1 * ? 2018','SISTEMA');
INSERT INTO property_configuration (CLAVE, VALOR, CONFIGURACION) VALUES ('ee.trata.tiempo','300000','EE');
INSERT INTO property_configuration (CLAVE, VALOR, CONFIGURACION) VALUES ('ee.reparticion.tiempo','30000','EE.AL');
INSERT INTO property_configuration (CLAVE, VALOR, CONFIGURACION) VALUES ('app.eu.url','https://qa.trade.com/edt-web','SISTEMA');
INSERT INTO property_configuration (CLAVE, VALOR, CONFIGURACION) VALUES ('ee.smtp.from','comunicaciones_oficiales@buenosaires.gob.ar','SISTEMA');
INSERT INTO property_configuration (CLAVE, VALOR, CONFIGURACION) VALUES ('ee.sistemasExternos','BAC,SGI-PG,TTRE,SGAI,LEY257,matriz de riesgo,SAPCRM,SGIPG,SGI,SIGAF_WEB,Policia Metropolitana GAP','SISTEMA');
INSERT INTO property_configuration (CLAVE, VALOR, CONFIGURACION) VALUES ('ee.cargos.archivodefinitivo','Jefe de gobierno,Vicejefe de gobierno,Secretario,Subsecretario,Jefe de gabinete de ministros,Director general','SISTEMA');
INSERT INTO property_configuration (CLAVE, VALOR, CONFIGURACION) VALUES ('fileNet.nombre.modulo','EE','SISTEMA');
INSERT INTO property_configuration (CLAVE, VALOR, CONFIGURACION) VALUES ('usuario.envioAutomaticoGT','DOMINGUEZRE','SISTEMA');
INSERT INTO property_configuration (CLAVE, VALOR, CONFIGURACION) VALUES ('app.deploy.provincia',' ','SISTEMA');
INSERT INTO property_configuration (CLAVE, VALOR, CONFIGURACION) VALUES ('app.deploy.departamento',' ','SISTEMA');
INSERT INTO property_configuration (CLAVE, VALOR, CONFIGURACION) VALUES ('app.deploy.localidad',' ','SISTEMA');
INSERT INTO property_configuration (CLAVE, VALOR, CONFIGURACION) VALUES ('nombre.ecosistema','GDE','SISTEMA');
INSERT INTO property_configuration (CLAVE, VALOR, CONFIGURACION) VALUES ('flag.crear.tramite','1','SISTEMA');
INSERT INTO property_configuration (CLAVE, VALOR, CONFIGURACION) VALUES ('ldap.ou','funcionarios','SISTEMA');
INSERT INTO property_configuration (CLAVE, VALOR, CONFIGURACION) VALUES ('ldap.ou.base','ou=funcionarios','SISTEMA');
INSERT INTO property_configuration (CLAVE, VALOR, CONFIGURACION) VALUES ('app.url','https://qa.trade.com/te-web','EE');
INSERT INTO property_configuration (CLAVE, VALOR, CONFIGURACION) VALUES ('karin.password','<<passwd>>a8naX+PA5LC3zhWVBZGUCfCBrtsTa8/00WvIg5aHZG4=','KARIN');
INSERT INTO property_configuration (CLAVE, VALOR, CONFIGURACION) VALUES ('migracion.tarea.cronExp2','0-59 1-59 * * * ?','SISTEMA');
INSERT INTO property_configuration (CLAVE, VALOR, CONFIGURACION) VALUES ('app.ee.url','https://qa.trade.com/te-web','SISTEMA');
INSERT INTO property_configuration (CLAVE, VALOR, CONFIGURACION) VALUES ('dyn','','');
INSERT INTO property_configuration (CLAVE, VALOR, CONFIGURACION) VALUES ('app.ffdd.url','https://qa.trade.com/ffdd-web','SISTEMA');
INSERT INTO property_configuration (CLAVE, VALOR, CONFIGURACION) VALUES ('ee.gedoUrl','https://qa.trade.com/deo-web','SISTEMA');
INSERT INTO property_configuration (CLAVE, VALOR, CONFIGURACION) VALUES ('ee.url','https://qa.trade.com/te-web','SISTEMA');
INSERT INTO property_configuration (CLAVE, VALOR, CONFIGURACION) VALUES ('app.deo.url','https://qa.trade.com/deo-web','SISTEMA');
INSERT INTO property_configuration (CLAVE, VALOR, CONFIGURACION) VALUES ('app.fuse.demo.url','rmi://7.212.8.112:1499/sendDemo','SISTEMA');
INSERT INTO property_configuration (CLAVE, VALOR, CONFIGURACION) VALUES ('GENERAR_DOC_PASE','1','SISTEMA');
INSERT INTO property_configuration (CLAVE, VALOR, CONFIGURACION) VALUES ('app.vuc.url','https://qa.trade.com/vuc-front-web','SISTEMA');
INSERT INTO property_configuration (CLAVE, VALOR, CONFIGURACION) VALUES ('app.fuse.wsdl.request','http://7.212.8.112:9090/ws/FuseDemoService?wsdl','SISTEMA');
INSERT INTO property_configuration (CLAVE, VALOR, CONFIGURACION) VALUES ('tipoResultado.4','Resultado4','SISTEMA');
INSERT INTO property_configuration (CLAVE, VALOR, CONFIGURACION) VALUES ('tipoResultado.3','Resultado3','SISTEMA');
INSERT INTO property_configuration (CLAVE, VALOR, CONFIGURACION) VALUES ('app.fuse.endpoint.url','http://7.212.8.212:9600/message/send','SISTEMA');
INSERT INTO property_configuration (CLAVE, VALOR, CONFIGURACION) VALUES ('tipoResultado.1','Resultado1','SISTEMA');
INSERT INTO property_configuration (CLAVE, VALOR, CONFIGURACION) VALUES ('tipoResultado.2','Resultado2','SISTEMA');
INSERT INTO property_configuration (CLAVE, VALOR, CONFIGURACION) VALUES ('cas.urlLogOutCAS','https://casqa.trade.com/cas/logout','SISTEMA');
INSERT INTO tipo_actividad (ID, NOMBRE, DESCRIPCION, FORM) VALUES (1,'SUBSANACION','Aprobación de Subsanación','./activ/aprobacionDocsTad.zul');
INSERT INTO tipo_actividad (ID, NOMBRE, DESCRIPCION, FORM) VALUES (2,'APROBACION_DOC','Aprobación del documento',NULL);
INSERT INTO tipo_actividad (ID, NOMBRE, DESCRIPCION, FORM) VALUES (3,'SOLICITUD_SUBSANACION_TAD','Solicitud de subsanación a VUC','./expediente/subsanacionExpediente.zul');
INSERT INTO tipo_actividad (ID, NOMBRE, DESCRIPCION, FORM) VALUES (4,'PETICION_PENDIENTE_GEDO','Petición de creación de documento en DEO','./activ/verActividadPendiente.zul');
INSERT INTO tipo_actividad (ID, NOMBRE, DESCRIPCION, FORM) VALUES (7,'SOLICITUD_CREAR_PAQUETE_ARCH','Creación de paquete en ARCHIVO','./activ/verActividadPendiente.zul');
INSERT INTO tipo_actividad (ID, NOMBRE, DESCRIPCION, FORM) VALUES (6,'SOLICITUD_PAGO_SIR','Pendiente de vinculación del documento de pago','./activ/verActividadPendienteSIR.zul');
INSERT INTO tipo_documento (ID, NOMBRE, ACRONIMO, ESESPECIAL, ID_TIPO_DOCUMENTOSADE, CODIGO_TIPO_DOCUMENTOSADE, USO_EE) VALUES (1,'Carátula Expediente','CAREX',0,NULL,'PV','CARATULA');
INSERT INTO tipo_documento (ID, NOMBRE, ACRONIMO, ESESPECIAL, ID_TIPO_DOCUMENTOSADE, CODIGO_TIPO_DOCUMENTOSADE, USO_EE) VALUES (2,'Carátula Expediente','CAREX',0,61,'PV','CARATULA_RESERVADA');
INSERT INTO tipo_documento (ID, NOMBRE, ACRONIMO, ESESPECIAL, ID_TIPO_DOCUMENTOSADE, CODIGO_TIPO_DOCUMENTOSADE, USO_EE) VALUES (3,'Subsanación','IF',0,NULL,'IF','SUBSANACION');
ALTER TABLE tipo_documento_id_seq RESTART WITH 10;
INSERT INTO TIPO_RESERVA (ID, TIPO_RESERVA, DESCRIPCION) VALUES (1,'SIN RESERVA','La trata no posee reserva.');
INSERT INTO TIPO_RESERVA (ID, TIPO_RESERVA, DESCRIPCION) VALUES (2,'PARCIAL','La trata tiene un tipo de reserva parcial.');
INSERT INTO TIPO_RESERVA (ID, TIPO_RESERVA, DESCRIPCION) VALUES (3,'TOTAL','La trata tiene un tipo de reserva total.');
INSERT INTO tipo_documento_vinculado (ID, NOMBRE) VALUES (2,'SUBSANACION');
INSERT INTO tipo_documento_vinculado (ID, NOMBRE) VALUES (1,'PASE');
INSERT INTO TRATA (ID, CODIGO_TRATA, ESTADO, ID_RESERVA, ES_AUTOMATICA, ES_MANUAL, ACRONIMO_DOC_GEDO, NOMBRE_WORKFLOW, TIEMPO_RESOLUCION, TIPO_ACTUACION, ES_INTERNO, ES_EXTERNO, CLAVE_TAD, ES_NOTIFICABLE_TAD, ENVIO_AUTOMATICO_GT, NOTIFICABLE_JMS, INTEGRA_SIS_EXT, INTEGRACION, INTEGRACION_AFJG, descripcion, TIPO_TRAMITE) VALUES (1,'cod-ejrs','ALTA',1,1,1,NULL,'solicitud',NULL,'EX',1,1,NULL,0,0,NULL,0,NULL,0,'Tramite para proceso de VUC','AMBOS');
ALTER TABLE trata_id_seq RESTART WITH 10;
INSERT INTO trata_reparticion (ID_TRATA, CODIGOREPARTICION, HABILITACION, ORDEN, RESERVA) VALUES(1,'REGCIVIL',1,1,0);
ALTER TABLE trata_reparticion_id_seq RESTART WITH 10;
INSERT INTO trata_tipo_documento (ID_TRATA_TIPO_DOCUMENTO, ACRONIMO_GEDO, TRATA) VALUES (1,'--TODOS--',1);
ALTER TABLE trata_tipo_documento_id_seq RESTART WITH 10;
INSERT INTO jbpm4_deployment (DBID_, NAME_, TIMESTAMP_, STATE_) VALUES (820001,NULL,0,'active');
INSERT INTO jbpm4_deployment (DBID_, NAME_, TIMESTAMP_, STATE_) VALUES (74070001,NULL,0,'active');
INSERT INTO jbpm4_deployprop (DBID_, DEPLOYMENT_, OBJNAME_, KEY_, STRINGVAL_, LONGVAL_) VALUES (820003,820001,'workflow-expedienteElectronico','langid','jpdl-4.3',NULL);
INSERT INTO jbpm4_deployprop (DBID_, DEPLOYMENT_, OBJNAME_, KEY_, STRINGVAL_, LONGVAL_) VALUES (820004,820001,'workflow-expedienteElectronico','pdid','solicitud-6',NULL);
INSERT INTO jbpm4_deployprop (DBID_, DEPLOYMENT_, OBJNAME_, KEY_, STRINGVAL_, LONGVAL_) VALUES (820005,820001,'workflow-expedienteElectronico','pdkey','solicitud',NULL);
INSERT INTO jbpm4_deployprop (DBID_, DEPLOYMENT_, OBJNAME_, KEY_, STRINGVAL_, LONGVAL_) VALUES (820006,820001,'workflow-expedienteElectronico','pdversion',NULL,6);
INSERT INTO jbpm4_deployprop (DBID_, DEPLOYMENT_, OBJNAME_, KEY_, STRINGVAL_, LONGVAL_) VALUES (74070003,74070001,'workflow-expedienteElectronico','langid','jpdl-4.3',NULL);
INSERT INTO jbpm4_deployprop (DBID_, DEPLOYMENT_, OBJNAME_, KEY_, STRINGVAL_, LONGVAL_) VALUES (74070004,74070001,'workflow-expedienteElectronico','pdid','solicitud-8',NULL);
INSERT INTO jbpm4_deployprop (DBID_, DEPLOYMENT_, OBJNAME_, KEY_, STRINGVAL_, LONGVAL_) VALUES (74070005,74070001,'workflow-expedienteElectronico','pdkey','solicitud',NULL);
INSERT INTO jbpm4_deployprop (DBID_, DEPLOYMENT_, OBJNAME_, KEY_, STRINGVAL_, LONGVAL_) VALUES (74070006,74070001,'workflow-expedienteElectronico','pdversion',NULL,8);
INSERT INTO jbpm4_lob VALUES (820002,0,'<?xml version=\"1.0\" encoding=\"UTF-8\"?>\n\n<process key=\"solicitud\" name=\"workflow-expedienteElectronico\" version=\"6\" xmlns=\"http://jbpm.org/4.3/jpdl\">\n\n	<start g=\"159,35,48,48\" name=\"start1\">\n		<transition g=\"-68,-18\" name=\"to exclusive1\" to=\"exclusive1\"/>\n	</start>\n	<task form=\"expediente/nuevoExpediente.zul\" g=\"325,116,170,52\" name=\"Iniciar Expediente\">\n		<assignment-handler class=\"ar.gob.gcaba.ee.asignacion.AsignarTarea\"/>\n		<transition g=\"-138,-18\" name=\"Anular/Modificar Solicitud\" to=\"Anular/Modificar Solicitud\"/>\n		<transition g=\"-11,-40\" name=\"Iniciacion\" to=\"Iniciacion\"/>\n	</task>\n	<task assignee=\"#{usuarioSolicitante}\" form=\"solicitud/anularModificarSolicitud.zul\" g=\"128,264,196,52\" name=\"Anular/Modificar Solicitud\">\n		<transition g=\"-54,-18\" name=\"cancelar\" to=\"cancel1\"/>\n		<transition g=\"364,230:10,-9\" name=\"Iniciar Expediente\" to=\"Iniciar Expediente\"/>\n	</task>\n	<task    form=\"expediente/tramitacion.zul\" g=\"600,360,110,52\" name=\"Iniciacion\">\n	<assignment-handler class=\"ar.gob.gcaba.ee.asignacion.AsignarTarea\"/>\n		<transition g=\"600,360,110,52\" name=\"Iniciacion\" to=\"Iniciacion\"/>\n		<transition g=\"-73,-18\" name=\"Tramitacion\" to=\"Tramitacion\"/>\n		<transition g=\"-53,2\" name=\"Subsanacion\" to=\"Subsanacion\"/>\n		<transition g=\"1020,386;1022,700:-24,-17\" name=\"Guarda Temporal\" to=\"Guarda Temporal\"/>\n	</task>\n	<task form=\"expediente/tramitacion.zul\" g=\"512,469,120,52\" name=\"Tramitacion\">\n		<assignment-handler class=\"ar.gob.gcaba.ee.asignacion.AsignarTarea\"/>\n		<transition g=\"-78,-18\" name=\"Subsanacion\" to=\"Subsanacion\"/>\n		<transition g=\"-44,-19\" name=\"Comunicacion\" to=\"Comunicacion\"/>\n		<transition g=\"-54,-18\" name=\"Guarda Temporal\" to=\"Guarda Temporal\"/>\n		<transition g=\"512,469,120,52\" name=\"Tramitacion\" to=\"Tramitacion\"/>\n		<transition g=\"79,-26\" name=\"forkEach\" to=\"forkEach\"/>\n	</task>\n	<task form=\"expediente/tramitacion.zul\" g=\"853,468,125,52\" name=\"Subsanacion\">\n		<assignment-handler class=\"ar.gob.gcaba.ee.asignacion.AsignarTarea\"/>\n		<transition g=\"853,468,125,52\" name=\"Subsanacion\" to=\"Subsanacion\"/>\n		<transition g=\"917,322;664,322;569,323:-73,-18\" name=\"Tramitacion\" to=\"Tramitacion\"/>\n		<transition g=\"79,-26\" name=\"Guarda Temporal\" to=\"Guarda Temporal\"/>\n\n	</task>\n	<task form=\"expediente/tramitacionEspecial.zul\" g=\"279,381,124,52\" name=\"Comunicacion\">\n		<assignment-handler class=\"ar.gob.gcaba.ee.asignacion.AsignarTarea\"/>\n		<transition g=\"279,381,124,52\" name=\"Comunicacion\" to=\"Comunicacion\"/>\n		<transition g=\"-63,-18\" name=\"Ejecucion\" to=\"Ejecucion\"/>\n		<transition g=\"-54,-18\" name=\"Guarda Temporal\" to=\"Guarda Temporal\"/>\n	</task>\n	<task form=\"expediente/tramitacion.zul\" g=\"236,675,127,52\" name=\"Ejecucion\">\n		<assignment-handler class=\"ar.gob.gcaba.ee.asignacion.AsignarTarea\"/>\n		<transition g=\"236,675,127,52\" name=\"Ejecucion\" to=\"Ejecucion\"/>\n		<transition g=\"-54,-18\" name=\"Guarda Temporal\" to=\"Guarda Temporal\"/>\n		<transition g=\"79,-26\" name=\"forkEach\" to=\"forkEach\"/>\n	</task>\n	<task form=\"expediente/tramitacionEspecial.zul\" g=\"438,676,134,52\" name=\"Guarda Temporal\">\n		<assignment-handler class=\"ar.gob.gcaba.ee.asignacion.AsignarTarea\"/>\n		<transition g=\"-40,-8\" name=\"Cierre\" to=\"end1\"/>\n	</task>\n	<end g=\"480,772,48,48\" name=\"end1\"/>\n	<end-cancel g=\"110,452,48,48\" name=\"cancel1\"/>\n	<decision expr=\"#{inicio}\" g=\"403,37,48,48\" name=\"exclusive1\">\n		<transition g=\"-104,-18\" name=\"Iniciar Expediente\" to=\"Iniciar Expediente\"/>\n		<transition g=\"608,158:12,4\" name=\"Caratular\" to=\"Iniciacion\"/>\n		<transition g=\"548,163:-73,-18\" name=\"to Tramitacion\" to=\"Tramitacion\"/>\n		<transition g=\"759,172:-63,-18\" name=\"to Ejecucion\" to=\"Ejecucion\"/>\n	</decision>\n\n\n	<foreach in=\"#{destinos}\" name=\"forkEach\" var=\"asignado\">\n		<transition g=\"-44,-18\" to=\"Paralelo\"/>\n	</foreach>\n\n	<task form=\"expediente/tramitacion.zul\" g=\"73,535,92,52\" name=\"Paralelo\">\n		<assignment-handler expr=\"#{tareaParalelo}\"/>\n		<transition g=\"-41,-18\" name=\"to joinTramitacion\" to=\"joinTramitacion\"/>\n		<transition g=\"59,629:-41,-18\" name=\"to joinEjecucion\" to=\"joinEjecucion\"/>\n	</task>\n\n	<join g=\"143,624,48,48\" multiplicity=\"#{cant}\" name=\"joinTramitacion\">\n		<transition g=\"300,582:-73,-18\" name=\"to Tramitacion\" to=\"Tramitacion\"/>\n	</join>\n	<join g=\"40,683,48,48\" multiplicity=\"#{cant}\" name=\"joinEjecucion\">\n		<transition g=\"139,771:-63,-18\" name=\"to Ejecucion\" to=\"Ejecucion\"/>\n	</join>\n\n	<migrate-instances versions=\"*\">\n	</migrate-instances>\n	\n\n</process>',820001,'workflow.jpdl.xml');
INSERT INTO jbpm4_lob VALUES (74070002,0,'<?xml version=\"1.0\" encoding=\"UTF-8\"?>\n\n<process key=\"solicitud\" name=\"workflow-expedienteElectronico\" version=\"8\" xmlns=\"http://jbpm.org/4.3/jpdl\">\n\n	<start g=\"159,35,48,48\" name=\"start1\">\n		<transition g=\"-68,-18\" name=\"to exclusive1\" to=\"exclusive1\"/>\n	</start>\n	<task form=\"expediente/nuevoExpediente.zul\" g=\"325,116,170,52\" name=\"Iniciar Expediente\">\n		<assignment-handler class=\"com.egoveris.te.base.service.AsignarTarea\"/>\n		<transition g=\"-138,-18\" name=\"Anular/Modificar Solicitud\" to=\"Anular/Modificar Solicitud\"/>\n		<transition g=\"-11,-40\" name=\"Iniciacion\" to=\"Iniciacion\"/>\n	</task>\n	<task assignee=\"#{usuarioSolicitante}\" form=\"solicitud/anularModificarSolicitud.zul\" g=\"128,264,196,52\" name=\"Anular/Modificar Solicitud\">\n		<transition g=\"-54,-18\" name=\"cancelar\" to=\"cancel1\"/>\n		<transition g=\"364,230:10,-9\" name=\"Iniciar Expediente\" to=\"Iniciar Expediente\"/>\n	</task>\n	<task    form=\"expediente/tramitacion.zul\" g=\"600,360,110,52\" name=\"Iniciacion\">\n	<assignment-handler class=\"com.egoveris.te.base.service.AsignarTarea\"/>\n		<transition g=\"600,360,110,52\" name=\"Iniciacion\" to=\"Iniciacion\"/>\n		<transition g=\"-73,-18\" name=\"Tramitacion\" to=\"Tramitacion\"/>\n		<transition g=\"-53,2\" name=\"Subsanacion\" to=\"Subsanacion\"/>\n		<transition g=\"1020,386;1022,700:-24,-17\" name=\"Guarda Temporal\" to=\"Guarda Temporal\"/>\n	</task>\n	<task form=\"expediente/tramitacion.zul\" g=\"512,469,120,52\" name=\"Tramitacion\">\n		<assignment-handler class=\"com.egoveris.te.base.service.AsignarTarea\"/>\n		<transition g=\"-78,-18\" name=\"Subsanacion\" to=\"Subsanacion\"/>\n		<transition g=\"-44,-19\" name=\"Comunicacion\" to=\"Comunicacion\"/>\n		<transition g=\"-54,-18\" name=\"Guarda Temporal\" to=\"Guarda Temporal\"/>\n		<transition g=\"512,469,120,52\" name=\"Tramitacion\" to=\"Tramitacion\"/>\n		<transition g=\"79,-26\" name=\"forkEach\" to=\"forkEach\"/>\n	</task>\n	<task form=\"expediente/tramitacion.zul\" g=\"853,468,125,52\" name=\"Subsanacion\">\n		<assignment-handler class=\"com.egoveris.te.base.service.AsignarTarea\"/>\n		<transition g=\"853,468,125,52\" name=\"Subsanacion\" to=\"Subsanacion\"/>\n		<transition g=\"917,322;664,322;569,323:-73,-18\" name=\"Tramitacion\" to=\"Tramitacion\"/>\n		<transition g=\"79,-26\" name=\"Guarda Temporal\" to=\"Guarda Temporal\"/>\n		<transition name=\"Ejecucion\" to=\"Ejecucion\"/>\n	</task>\n	<task form=\"expediente/tramitacionEspecial.zul\" g=\"279,381,124,52\" name=\"Comunicacion\">\n		<assignment-handler class=\"com.egoveris.te.base.service.AsignarTarea\"/>\n		<transition g=\"279,381,124,52\" name=\"Comunicacion\" to=\"Comunicacion\"/>\n		<transition g=\"-63,-18\" name=\"Ejecucion\" to=\"Ejecucion\"/>\n		<transition g=\"-54,-18\" name=\"Guarda Temporal\" to=\"Guarda Temporal\"/>\n	</task>\n	<task form=\"expediente/tramitacion.zul\" g=\"236,675,127,52\" name=\"Ejecucion\">\n		<assignment-handler class=\"com.egoveris.te.base.service.AsignarTarea\"/>\n		<transition g=\"236,675,127,52\" name=\"Ejecucion\" to=\"Ejecucion\"/>\n		<transition g=\"-54,-18\" name=\"Guarda Temporal\" to=\"Guarda Temporal\"/>\n		<transition name=\"Subsanacion\" to=\"Subsanacion\"/>\n		<transition g=\"79,-26\" name=\"forkEach\" to=\"forkEach\"/>\n	</task>\n	<task form=\"expediente/tramitacionEspecial.zul\" g=\"438,676,134,52\" name=\"Guarda Temporal\">\n		<assignment-handler class=\"com.egoveris.te.base.service.AsignarTarea\"/>\n		<transition g=\"-40,-8\" name=\"Cierre\" to=\"end1\"/>\n	</task>\n	<end g=\"480,772,48,48\" name=\"end1\"/>\n	<end-cancel g=\"110,452,48,48\" name=\"cancel1\"/>\n	<decision expr=\"#{inicio}\" g=\"403,37,48,48\" name=\"exclusive1\">\n		<transition g=\"-104,-18\" name=\"Iniciar Expediente\" to=\"Iniciar Expediente\"/>\n		<transition g=\"608,158:12,4\" name=\"Caratular\" to=\"Iniciacion\"/>\n		<transition g=\"548,163:-73,-18\" name=\"to Tramitacion\" to=\"Tramitacion\"/>\n		<transition g=\"759,172:-63,-18\" name=\"to Ejecucion\" to=\"Ejecucion\"/>\n	</decision>\n\n\n	<foreach in=\"#{destinos}\" name=\"forkEach\" var=\"asignado\">\n		<transition g=\"-44,-18\" to=\"Paralelo\"/>\n	</foreach>\n\n	<task form=\"expediente/tramitacion.zul\" g=\"73,535,92,52\" name=\"Paralelo\">\n		<assignment-handler expr=\"#{tareaParalelo}\"/>\n		<transition g=\"-41,-18\" name=\"to joinTramitacion\" to=\"joinTramitacion\"/>\n		<transition g=\"59,629:-41,-18\" name=\"to joinEjecucion\" to=\"joinEjecucion\"/>\n	</task>\n\n	<join g=\"143,624,48,48\" multiplicity=\"#{cant}\" name=\"joinTramitacion\">\n		<transition g=\"300,582:-73,-18\" name=\"to Tramitacion\" to=\"Tramitacion\"/>\n	</join>\n	<join g=\"40,683,48,48\" multiplicity=\"#{cant}\" name=\"joinEjecucion\">\n		<transition g=\"139,771:-63,-18\" name=\"to Ejecucion\" to=\"Ejecucion\"/>\n	</join>\n\n	<migrate-instances versions=\"*\">\n	</migrate-instances>\n	\n\n</process>',74070001,'tramitacion.jpdl.xml');
INSERT INTO jbpm4_property (KEY_, VERSION_, VALUE_) VALUES ('next.dbid',7772,77720001);


/* **************************************************************************************************************************************************************
	VUC CLEANING
 ************************************************************************************************************************************************************** */
USE vuc_snrsa_g;

DELETE FROM estado_tarea;
DELETE FROM estado_tramite;
DELETE FROM property_configuration;
DELETE FROM revinfo;
DELETE FROM tad_apoderado_persona;
DELETE FROM tad_campo;
DELETE FROM tad_contenido;
DELETE FROM tad_dc_denuncia;
DELETE FROM tad_dc_denunciado;
DELETE FROM tad_dc_denunciante;
DELETE FROM tad_dc_problematica;
DELETE FROM tad_dc_reenvio;
DELETE FROM tad_dc_rubro;
DELETE FROM tad_dc_servicio_denunciado;
DELETE FROM tad_dc_sub_rubro;
DELETE FROM tad_dc_t_den_t_doc_t_prueba;
DELETE FROM tad_dc_tipo_adquisicion;
DELETE FROM tad_dc_tipo_denuncia;
DELETE FROM tad_dc_tipo_motivo;
DELETE FROM tad_dc_tipo_pago;
DELETE FROM tad_dc_tipo_prueba;
DELETE FROM tad_documento_externo;
DELETE FROM tad_documento_externo_detalle;
DELETE FROM tad_documento_fc;
DELETE FROM tad_documento_tvs;
DELETE FROM tad_domicilio;
DELETE FROM tad_domicilio_aud;
DELETE FROM tad_equivalencia_nom;
DELETE FROM tad_error_log;
DELETE FROM tad_error_patron;
DELETE FROM tad_error_sade;
DELETE FROM tad_error_usuario;
DELETE FROM tad_expediente_alta_dominio;
DELETE FROM tad_expediente_def_consumidor;
DELETE FROM tad_expediente_denunciado;
DELETE FROM tad_expediente_documento;
DELETE FROM tad_expediente_base;
DELETE FROM tad_documento;
DELETE FROM tad_expediente_fam_fc;
DELETE FROM tad_expediente_fam_nomb;
DELETE FROM tad_expediente_fam_solicitud;
DELETE FROM tad_expediente_fam_super_trata;
DELETE FROM tad_expediente_reintento;
DELETE FROM tad_expediente_rpa_adm;
DELETE FROM tad_expediente_rpa_consorcio;
DELETE FROM tad_formulario_controlado;
DELETE FROM tad_grupo;
DELETE FROM tad_matricula;
DELETE FROM tad_metadato;
DELETE FROM tad_metadatos_reintento;
DELETE FROM tad_notificacion;
DELETE FROM tad_paso;
DELETE FROM tad_persona;
DELETE FROM tad_persona_aud;
DELETE FROM tad_pre_validacion_tramite;
DELETE FROM tad_reserva_dominio;
DELETE FROM tad_sexo;
DELETE FROM tad_super_trata;
DELETE FROM tad_t_tramite_t_documento;
DELETE FROM tad_tarea;
DELETE FROM tad_tarea_paso;
DELETE FROM tad_tarea_tipo_documento;
DELETE FROM tad_terminos_condiciones;
DELETE FROM tad_tipado_documento;
DELETE FROM tad_tipo_doc_form_ctrol;
DELETE FROM tad_tipo_documento;
DELETE FROM tad_tipo_documento_identidad;
DELETE FROM tad_tipo_tramite;
DELETE FROM tad_zona_cuit;
DELETE FROM tad_zona_dominio;
DELETE FROM vuc_expediente_formulario;
DELETE FROM vuc_form_type;
DELETE FROM vuc_t_tramite_t_form;
INSERT INTO estado_tarea (ID, DESCRIPCION) VALUES (1,'PENDIENTE');
INSERT INTO estado_tarea (ID, DESCRIPCION) VALUES (2,'FINALIZADO');
INSERT INTO estado_tramite (ID, DESCRIPCION) VALUES (1,'Borrador');
INSERT INTO estado_tramite (ID, DESCRIPCION) VALUES (2,'Aprobado');
INSERT INTO estado_tramite (ID, DESCRIPCION) VALUES (3,'En trámite');
INSERT INTO estado_tramite (ID, DESCRIPCION) VALUES (4,'Rechazado');
INSERT INTO property_configuration (CLAVE, VALOR, CONFIGURACION) VALUES ('app.deo.url','https://qa.trade.com/deo-web','SISTEMA');
INSERT INTO property_configuration (CLAVE, VALOR, CONFIGURACION) VALUES ('app.ee.url','https://qa.trade.com/te-web','SISTEMA');
INSERT INTO property_configuration (CLAVE, VALOR, CONFIGURACION) VALUES ('app.ffdd.url','https://qa.trade.com/ffdd-web','SISTEMA');
INSERT INTO property_configuration (CLAVE, VALOR, CONFIGURACION) VALUES ('app.vuc.url','https://qa.trade.com/vuc-front-web','SISTEMA');
INSERT INTO property_configuration (CLAVE, VALOR, CONFIGURACION) VALUES ('cambioMisDatos.descAdicional','- ','TAD');
INSERT INTO property_configuration (CLAVE, VALOR, CONFIGURACION) VALUES ('cambioMisDatos.motivoPase','Actualizacion de informacion propia','TAD');
INSERT INTO property_configuration (CLAVE, VALOR, CONFIGURACION) VALUES ('cambioMisDatos.trata','MGOB0123A','TAD');
INSERT INTO property_configuration (CLAVE, VALOR, CONFIGURACION) VALUES ('cargoGEDO',' ','TAD');
INSERT INTO property_configuration (CLAVE, VALOR, CONFIGURACION) VALUES ('codigoReparticionGEDO','codigoReparticionGEDO','TAD');
INSERT INTO property_configuration (CLAVE, VALOR, CONFIGURACION) VALUES ('cronExpression','0 0 1 1/1 * ? *','TAD');
INSERT INTO property_configuration (CLAVE, VALOR, CONFIGURACION) VALUES ('cronExpressionReintentos','0 0 1 1/1 * ? 2099','TAD');
INSERT INTO property_configuration (CLAVE, VALOR, CONFIGURACION) VALUES ('dias.altaDC','1','TAD');
INSERT INTO property_configuration (CLAVE, VALOR, CONFIGURACION) VALUES ('diasBorradoArchivos','1','TAD');
INSERT INTO property_configuration (CLAVE, VALOR, CONFIGURACION) VALUES ('dynform.url','https://qa.trade.com/ffdd-web','SISTEMA');
INSERT INTO property_configuration (CLAVE, VALOR, CONFIGURACION) VALUES ('envioCorreoActivo','false','TAD');
INSERT INTO property_configuration (CLAVE, VALOR, CONFIGURACION) VALUES ('id.tramites.escribanos','1,177,300,305','TAD');
INSERT INTO property_configuration (CLAVE, VALOR, CONFIGURACION) VALUES ('ley104.motivoPase','Motivo pase a funcionario público','TAD');
INSERT INTO property_configuration (CLAVE, VALOR, CONFIGURACION) VALUES ('limiteDiasExpedienteReintentos','0','TAD');
INSERT INTO property_configuration (CLAVE, VALOR, CONFIGURACION) VALUES ('mailsReintentos','guillermo.gefaell.valcarce@everis.com','TAD');
INSERT INTO property_configuration (CLAVE, VALOR, CONFIGURACION) VALUES ('mensajeEmbebido','Documento Embebido TAD','TAD');
INSERT INTO property_configuration (CLAVE, VALOR, CONFIGURACION) VALUES ('password.citas','ZDNmNGg2ajc=','TAD');
INSERT INTO property_configuration (CLAVE, VALOR, CONFIGURACION) VALUES ('repository.connectionTimeout','15000','SISTEMA');
INSERT INTO property_configuration (CLAVE, VALOR, CONFIGURACION) VALUES ('repository.defaultPassword','admin','SISTEMA');
INSERT INTO property_configuration (CLAVE, VALOR, CONFIGURACION) VALUES ('repository.defaultUsername','admin','SISTEMA');
INSERT INTO property_configuration (CLAVE, VALOR, CONFIGURACION) VALUES ('repository.documentRoot','/guarda-documental','SISTEMA');
INSERT INTO property_configuration (CLAVE, VALOR, CONFIGURACION) VALUES ('repository.hostname','egov3p1.egoveris.com','SISTEMA');
INSERT INTO property_configuration (CLAVE, VALOR, CONFIGURACION) VALUES ('repository.port','80','SISTEMA');
INSERT INTO property_configuration (CLAVE, VALOR, CONFIGURACION) VALUES ('RPA.aniosMatricula','2010','TAD');
INSERT INTO property_configuration (CLAVE, VALOR, CONFIGURACION) VALUES ('rpaadm.desccarat','ADMINISTRADOR INSCRIPTO MATRICULA N°','TAD');
INSERT INTO property_configuration (CLAVE, VALOR, CONFIGURACION) VALUES ('rpacon.desccarat','INFORMACIÓN CORRESPONDIENTE A CADA CONSORCIO ADMINISTRADO','TAD');
INSERT INTO property_configuration (CLAVE, VALOR, CONFIGURACION) VALUES ('rutaTemporales','temporalDocuments','TAD');
INSERT INTO property_configuration (CLAVE, VALOR, CONFIGURACION) VALUES ('tad.mailMesaAyuda','darkkonum@gmail.com','TAD');
INSERT INTO property_configuration (CLAVE, VALOR, CONFIGURACION) VALUES ('tipoDocumentoApoderado','GEAP','TAD');
INSERT INTO property_configuration (CLAVE, VALOR, CONFIGURACION) VALUES ('tituloDocumentoCaratulaVariable','Datos Adicionales para la Caratula','TAD');
INSERT INTO property_configuration (CLAVE, VALOR, CONFIGURACION) VALUES ('url.tad','https://desa.agip.gob.ar/claveciudad/','TAD');
INSERT INTO property_configuration (CLAVE, VALOR, CONFIGURACION) VALUES ('user.citas','tad','TAD');
INSERT INTO property_configuration (CLAVE, VALOR, CONFIGURACION) VALUES ('wsdl.agip','https://desa.agip.gob.ar/claveciudad/claveCiudadWS','TAD');
INSERT INTO property_configuration (CLAVE, VALOR, CONFIGURACION) VALUES ('wsdl.citas','http://localhost:8880/apps/api-citas-hml/ws.citas.php','TAD');
INSERT INTO property_configuration (CLAVE, VALOR, CONFIGURACION) VALUES ('wsdl.DC','http://localhost:8088/mock','TAD');
INSERT INTO property_configuration (CLAVE, VALOR, CONFIGURACION) VALUES ('wsdl.DC.decodingXml','UTF-8','TAD');
INSERT INTO property_configuration (CLAVE, VALOR, CONFIGURACION) VALUES ('wsdl.DC.encodingXml','ISO-8859-1','TAD');
INSERT INTO property_configuration (CLAVE, VALOR, CONFIGURACION) VALUES ('wsdl.DC.externalURL','http://localhost/wsDGDyPC/','TAD');
INSERT INTO property_configuration (CLAVE, VALOR, CONFIGURACION) VALUES ('wsdl.escribanos','http://testing.colegio-escribanos.org.ar:1010/BoraWS/ValidadorMatricula','TAD');
Insert into tad_domicilio (ID, DIRECCION, PISO, DEPTO, LOCALIDAD, COD_POSTAL, TELEFONO, VERSION, ALTURA, LOCAL, CGPC, COMISARIA, PROVINCIA, DEPARTAMENTO, OBSERVACIONES, EMAIL) values (1,'ANTONIO VARAS 989',4,NULL,'TEMUCO',1870,NULL,NULL,0,NULL,NULL,NULL,'CIUDAD DE TEMUCO','TEMUCO',NULL,NULL);
INSERT INTO tad_grupo (ID, NOMBRE, DESCRIPCION, VERSION) VALUES (17,'Registro Civil',NULL,0);
INSERT INTO tad_persona (ID, DOCUMENTO_IDENTIDAD, EMAIL, RAZON_SOCIAL, TELEFONO_CONTACTO, TIPO_DOCUMENTO_IDENTIDAD, CUIT, APELLIDO1, NOMBRE1, ID_DOMICILIO_CONSTITUIDO, ID_DOMICILIO_REAL, ID_TERMINOS, VERSION, SEXO, NOMBRE2, NOMBRE3, APELLIDO2, APELLIDO3, TIPO_DOCUMENTO, NUMERO_DOCUMENTO, estado, password) VALUES (1,'20111111112','demo@everis.com',NULL,555123123,'RUT','20111111112','Gonzalez','Pedro',1,NULL,8,NULL,'MASCULINO',NULL,NULL,NULL,NULL,NULL,NULL,'ACTIVO','123');
INSERT INTO TAD_SEXO (ID, SEXO, VERSION) VALUES (1,'MASCULINO',1);
INSERT INTO TAD_SEXO (ID, SEXO, VERSION) VALUES (2,'FEMENINO',1);
INSERT INTO TAD_SEXO (ID, SEXO, VERSION) VALUES (3,'NO DECLARA',1);
INSERT INTO tad_tipo_documento (ID, ACRONIMO_GEDO, ACRONIMO_TAD, NOMBRE, USUARIO_INICIADOR, DESCRIPCION, VERSION, NOMBRE_FORMULARIO_CONTROLADO, ID_TIPADO_DOCUMENTO, FECHA_CREACION, FECHA_MODIFICACION, ESTADO, DETALLE_FC, INCLUIDO_EN_SUPERTRATA, FIRMA_CON_TOKEN) VALUES (1,'DACIU','DACIU','Datos Ciudadanos',NULL,'Datos Ciudadanos',NULL,'Datos personales',6,NULL,NULL,1,'Datos personales',1,NULL);
INSERT INTO tad_tipo_documento (ID, ACRONIMO_GEDO, ACRONIMO_TAD, NOMBRE, USUARIO_INICIADOR, DESCRIPCION, VERSION, NOMBRE_FORMULARIO_CONTROLADO, ID_TIPADO_DOCUMENTO, FECHA_CREACION, FECHA_MODIFICACION, ESTADO, DETALLE_FC, INCLUIDO_EN_SUPERTRATA, FIRMA_CON_TOKEN) VALUES (2,'RUT','RUT','Rut',NULL,'Rut escaneado',NULL,'Rut escaneado',5,NULL,NULL,1,'Rut escaneado',1,NULL);
INSERT INTO tad_tipo_documento (ID, ACRONIMO_GEDO, ACRONIMO_TAD, NOMBRE, USUARIO_INICIADOR, DESCRIPCION, VERSION, NOMBRE_FORMULARIO_CONTROLADO, ID_TIPADO_DOCUMENTO, FECHA_CREACION, FECHA_MODIFICACION, ESTADO, DETALLE_FC, INCLUIDO_EN_SUPERTRATA, FIRMA_CON_TOKEN) VALUES (3,'NOTA','NOTA','Nota',NULL,'Nota de texto libre',NULL,'Nota',4,NULL,NULL,1,'Nota',1,NULL);
INSERT INTO tad_tipo_documento (ID, ACRONIMO_GEDO, ACRONIMO_TAD, NOMBRE, USUARIO_INICIADOR, DESCRIPCION, VERSION, NOMBRE_FORMULARIO_CONTROLADO, ID_TIPADO_DOCUMENTO, FECHA_CREACION, FECHA_MODIFICACION, ESTADO, DETALLE_FC, INCLUIDO_EN_SUPERTRATA, FIRMA_CON_TOKEN) VALUES (4,'SBVUC','SBVUC','Documento ejemplo',NULL,'Documento para subir en VUC',NULL,'Documento ejemplo',5,NULL,NULL,1,'Documento ejemplo',1,NULL);
ALTER TABLE tad_tipo_documento_id_seq RESTART WITH 10;
INSERT INTO tad_t_tramite_t_documento (ID, ID_TIPO_TRAMITE, ID_TIPO_DOCUMENTO, OBLIGATORIO, VERSION, FECHA_CREACION, FECHA_MODIFICACION, CANTIDAD, ORDEN) VALUES (10,1,2,1,NULL, NULL, NULL,1,1);
ALTER TABLE tad_t_tramite_t_documento_id_seq RESTART WITH 10;
INSERT INTO tad_terminos_condiciones (ID, ID_TIPO_DOCUMENTO, ESTADO, FECHA, CODIGO_CONTENIDO, VERSION) VALUES (8,1,1,NULL,NULL,NULL);
INSERT INTO tad_tipado_documento (ID, TIPADO) VALUES (4,'LIBRE');
INSERT INTO tad_tipado_documento (ID, TIPADO) VALUES (5,'IMPORTADO');
INSERT INTO tad_tipado_documento (ID, TIPADO) VALUES (6,'TEMPLATE');
INSERT INTO tad_tipado_documento (ID, TIPADO) VALUES (7,'IMPORTADO-TEMPLATE');
INSERT INTO tad_tipado_documento (ID, TIPADO) VALUES (8,'LIBRE-EMBEBIDO');
INSERT INTO tad_tipo_documento_identidad (ID, CODIGO, DESCRIPCION, VERSION) VALUES (8,'RUT','RUT - Registro único tributario',1);
INSERT INTO tad_tipo_documento_identidad (ID, CODIGO, DESCRIPCION, VERSION) VALUES (9,'DNI','Documento Nacional de Identidad',1);
INSERT INTO tad_tipo_documento_identidad (ID, CODIGO, DESCRIPCION, VERSION) VALUES (11,'OT','Otros',1);
INSERT INTO tad_tipo_documento_identidad (ID, CODIGO, DESCRIPCION, VERSION) VALUES (12,'PA','Pasaporte',1);
INSERT INTO tad_tipo_tramite (ID, REPARTICION_INICIADORA, TRATA, USUARIO_INICIADOR, NOMBRE, NOMBRE_FORMULARIO, PATH_INICIAL, REQUISITOS_COD_CONTENIDO, ESTADO, ID_TIPO_DOC_FORMULARIO, VERSION, SECTOR_INICIADOR, ID_GRUPO, MOTIVO, MENSAJE_EXITO, APODERABLE, ANEXO1, ANEXO3, FECHA_CREACION, FECHA_MODIFICACION, TURNO, PAGO, ID_TRAMITE_TURNO, ARCHIVO_TRABAJO, INTERVINIENTE, PREVALIDACION, SUPER_TRATA, DIAS_GUARDADO) VALUES (1,'REGCIVIL','cod-ejrs','ADMINEGOV','Solicitud Certificado','tramite.famSolicitud.formulario','famSolicitud','requisitos.cod-ejrs','ALTA',3,NULL,'SOLICITUDES',17,'cod-ejrs','Su solicitud ha sido enviada con éxito.',NULL,'Información Paso 1','Información Paso 3',NULL,NULL,0,0,0,0,0,0,0,NULL);
ALTER TABLE tad_tipo_tramite_id_seq RESTART WITH 10;
INSERT INTO vuc_form_type (ID_TYPE_FORM, FFDD_ACRONYM, VUC_ACRONYM, FORM_NAME, DESCRIPTION, STATUS, DATE_CREATION, USER_CREATION, VERSION) VALUES (1,'Datos personales','Datos personales','Datos personales','Datos personales del solicitante',1,NULL,NULL,NULL);
INSERT INTO vuc_t_tramite_t_form (ID, ID_TYPE_TRAMITE, ID_TYPE_FORM, MANDATORY, DATE_CREATION, DATE_MODIFY, QUANTITY, ORDER_ADD) VALUES (1,437,1,1,NULL,NULL,1,1);
